{"type":"FeatureCollection","features":[{"type":"Feature","properties":{"NAME":"Tokyo","NAMEASCII":"Tokyo","ADM0NAME":"Japan","ADM0_A3":"JPN","ADM1NAME":"Tokyo","ISO_A2":"JP","POP_MAX":35676000,"POP_MIN":8336599,"LATITUDE":35.686963,"LONGITUDE":139.749462,"MEGACITY":1,"WORLDCITY":1},"geometry":{"type":"Point","coordinates":[139.749462,35.686963]}},{"type":"Feature","properties":{"NAME":"New York","NAMEASCII":"New York","ADM0NAME":"United States of America","ADM0_A3":"USA","ADM1NAME":"New York","ISO_A2":"US","POP_MAX":19040000,"POP_MIN":8008278,"LATITUDE":40.751925,"LONGITUDE":-73.981963,"MEGACITY":1,"WORLDCITY":1},"geometry":{"type":"Point","coordinates":[-73.995718,40.721562]}},{"type":"Feature","properties":{"NAME":"Mexico City","NAMEASCII":"Mexico City","ADM0NAME":"Mexico","ADM0_A3":"MEX","ADM1NAME":"Distrito Federal","ISO_A2":"MX","POP_MAX":19028000,"POP_MIN":10811002,"LATITUDE":19.444388,"LONGITUDE":-99.132934,"MEGACITY":1,"WORLDCITY":1},"geometry":{"type":"Point","coordinates":[-99.132934,19.444388]}},{"type":"Feature","properties":{"NAME":"Mumbai","NAMEASCII":"Mumbai","ADM0NAME":"India","ADM0_A3":"IND","ADM1NAME":"Maharashtra","ISO_A2":"IN","POP_MAX":18978000,"POP_MIN":12691836,"LATITUDE":19.018936,"LONGITUDE":72.855043,"MEGACITY":1,"WORLDCITY":1},"geometry":{"type":"Point","coordinates":[72.875839,19.068408]}},{"type":"Feature","properties":{"NAME":"São Paulo","NAMEASCII":"Sao Paulo","ADM0NAME":"Brazil","ADM0_A3":"BRA","ADM1NAME":"São Paulo","ISO_A2":"BR","POP_MAX":18845000,"POP_MIN":10021295,"LATITUDE":-23.556734,"LONGITUDE":-46.626966,"MEGACITY":1,"WORLDCITY":1},"geometry":{"type":"Point","coordinates":[-46.626966,-23.556734]}},{"type":"Feature","properties":{"NAME":"Delhi","NAMEASCII":"Delhi","ADM0NAME":"India","ADM0_A3":"IND","ADM1NAME":"Delhi","ISO_A2":"IN","POP_MAX":15926000,"POP_MIN":7633213,"LATITUDE":28.671939,"LONGITUDE":77.228058,"MEGACITY":1,"WORLDCITY":0},"geometry":{"type":"Point","coordinates":[77.228058,28.671939]}},{"type":"Feature","properties":{"NAME":"Shanghai","NAMEASCII":"Shanghai","ADM0NAME":"China","ADM0_A3":"CHN","ADM1NAME":"Shanghai","ISO_A2":"CN","POP_MAX":14987000,"POP_MIN":14608512,"LATITUDE":31.218398,"LONGITUDE":121.434559,"MEGACITY":1,"WORLDCITY":1},"geometry":{"type":"Point","coordinates":[121.434559,31.218398]}},{"type":"Feature","properties":{"NAME":"Kolkata","NAMEASCII":"Kolkata","ADM0NAME":"India","ADM0_A3":"IND","ADM1NAME":"West Bengal","ISO_A2":"IN","POP_MAX":14787000,"POP_MIN":4631392,"LATITUDE":22.496915,"LONGITUDE":88.32273,"MEGACITY":1,"WORLDCITY":0},"geometry":{"type":"Point","coordinates":[88.369126,22.569579]}},{"type":"Feature","properties":{"NAME":"Dhaka","NAMEASCII":"Dhaka","ADM0NAME":"Bangladesh","ADM0_A3":"BGD","ADM1NAME":"Dhaka","ISO_A2":"BD","POP_MAX":12797394,"POP_MIN":7000940,"LATITUDE":23.725006,"LONGITUDE":90.406634,"MEGACITY":1,"WORLDCITY":0},"geometry":{"type":"Point","coordinates":[90.406634,23.725006]}},{"type":"Feature","properties":{"NAME":"Buenos Aires","NAMEASCII":"Buenos Aires","ADM0NAME":"Argentina","ADM0_A3":"ARG","ADM1NAME":"Ciudad de Buenos Aires","ISO_A2":"AR","POP_MAX":12795000,"POP_MIN":10929146,"LATITUDE":-34.600556,"LONGITUDE":-58.399477,"MEGACITY":1,"WORLDCITY":1},"geometry":{"type":"Point","coordinates":[-58.432513,-34.610715]}},{"type":"Feature","properties":{"NAME":"Los Angeles","NAMEASCII":"Los Angeles","ADM0NAME":"United States of America","ADM0_A3":"USA","ADM1NAME":"California","ISO_A2":"US","POP_MAX":12500000,"POP_MIN":3694820,"LATITUDE":33.991924,"LONGITUDE":-118.181926,"MEGACITY":1,"WORLDCITY":1},"geometry":{"type":"Point","coordinates":[-118.231986,34.049219]}},{"type":"Feature","properties":{"NAME":"Karachi","NAMEASCII":"Karachi","ADM0NAME":"Pakistan","ADM0_A3":"PAK","ADM1NAME":"Sind","ISO_A2":"PK","POP_MAX":12130000,"POP_MIN":11624219,"LATITUDE":24.871938,"LONGITUDE":66.988063,"MEGACITY":1,"WORLDCITY":0},"geometry":{"type":"Point","coordinates":[66.988063,24.871938]}},{"type":"Feature","properties":{"NAME":"Cairo","NAMEASCII":"Cairo","ADM0NAME":"Egypt","ADM0_A3":"EGY","ADM1NAME":"Al Qahirah","ISO_A2":"EG","POP_MAX":11893000,"POP_MIN":7734614,"LATITUDE":30.051906,"LONGITUDE":31.248022,"MEGACITY":1,"WORLDCITY":1},"geometry":{"type":"Point","coordinates":[31.248022,30.051906]}},{"type":"Feature","properties":{"NAME":"Rio de Janeiro","NAMEASCII":"Rio de Janeiro","ADM0NAME":"Brazil","ADM0_A3":"BRA","ADM1NAME":"Rio de Janeiro","ISO_A2":"BR","POP_MAX":11748000,"POP_MIN":2010175,"LATITUDE":-22.923077,"LONGITUDE":-43.226967,"MEGACITY":1,"WORLDCITY":1},"geometry":{"type":"Point","coordinates":[-43.212117,-22.907308]}},{"type":"Feature","properties":{"NAME":"Ōsaka","NAMEASCII":"Osaka","ADM0NAME":"Japan","ADM0_A3":"JPN","ADM1NAME":"Osaka","ISO_A2":"JP","POP_MAX":11294000,"POP_MIN":2592413,"LATITUDE":34.751981,"LONGITUDE":135.458199,"MEGACITY":1,"WORLDCITY":1},"geometry":{"type":"Point","coordinates":[135.503754,34.691095]}},{"type":"Feature","properties":{"NAME":"Beijing","NAMEASCII":"Beijing","ADM0NAME":"China","ADM0_A3":"CHN","ADM1NAME":"Beijing","ISO_A2":"CN","POP_MAX":11106000,"POP_MIN":7480601,"LATITUDE":39.930838,"LONGITUDE":116.38634,"MEGACITY":1,"WORLDCITY":1},"geometry":{"type":"Point","coordinates":[116.394201,39.90172]}},{"type":"Feature","properties":{"NAME":"Manila","NAMEASCII":"Manila","ADM0NAME":"Philippines","ADM0_A3":"PHL","ADM1NAME":"Metropolitan Manila","ISO_A2":"PH","POP_MAX":11100000,"POP_MIN":3077575,"LATITUDE":14.606105,"LONGITUDE":120.980271,"MEGACITY":1,"WORLDCITY":1},"geometry":{"type":"Point","coordinates":[120.980271,14.606105]}},{"type":"Feature","properties":{"NAME":"Moscow","NAMEASCII":"Moscow","ADM0NAME":"Russia","ADM0_A3":"RUS","ADM1NAME":"Moskva","ISO_A2":"RU","POP_MAX":10452000,"POP_MIN":10452000,"LATITUDE":55.75411,"LONGITUDE":37.613577,"MEGACITY":1,"WORLDCITY":1},"geometry":{"type":"Point","coordinates":[37.613577,55.75411]}},{"type":"Feature","properties":{"NAME":"Istanbul","NAMEASCII":"Istanbul","ADM0NAME":"Turkey","ADM0_A3":"TUR","ADM1NAME":"Istanbul","ISO_A2":"TR","POP_MAX":10061000,"POP_MIN":9945610,"LATITUDE":41.106942,"LONGITUDE":29.008056,"MEGACITY":1,"WORLDCITY":1},"geometry":{"type":"Point","coordinates":[28.974277,41.017602]}},{"type":"Feature","properties":{"NAME":"Paris","NAMEASCII":"Paris","ADM0NAME":"France","ADM0_A3":"FRA","ADM1NAME":"Île-de-France","ISO_A2":"FR","POP_MAX":9904000,"POP_MIN":11177,"LATITUDE":48.868639,"LONGITUDE":2.33139,"MEGACITY":1,"WORLDCITY":1},"geometry":{"type":"Point","coordinates":[2.352992,48.858092]}},{"type":"Feature","properties":{"NAME":"Seoul","NAMEASCII":"Seoul","ADM0NAME":"South Korea","ADM0_A3":"KOR","ADM1NAME":"Seoul","ISO_A2":"KR","POP_MAX":9796000,"POP_MIN":9796000,"LATITUDE":37.568295,"LONGITUDE":126.997785,"MEGACITY":1,"WORLDCITY":1},"geometry":{"type":"Point","coordinates":[126.997785,37.568295]}},{"type":"Feature","properties":{"NAME":"Lagos","NAMEASCII":"Lagos","ADM0NAME":"Nigeria","ADM0_A3":"NGA","ADM1NAME":"Lagos","ISO_A2":"NG","POP_MAX":9466000,"POP_MIN":1536,"LATITUDE":6.445208,"LONGITUDE":3.389585,"MEGACITY":1,"WORLDCITY":1},"geometry":{"type":"Point","coordinates":[3.389585,6.445208]}},{"type":"Feature","properties":{"NAME":"Jakarta","NAMEASCII":"Jakarta","ADM0NAME":"Indonesia","ADM0_A3":"IDN","ADM1NAME":"Jakarta Raya","ISO_A2":"ID","POP_MAX":9125000,"POP_MIN":8540121,"LATITUDE":-6.172472,"LONGITUDE":106.827492,"MEGACITY":1,"WORLDCITY":1},"geometry":{"type":"Point","coordinates":[106.827492,-6.172472]}},{"type":"Feature","properties":{"NAME":"Chicago","NAMEASCII":"Chicago","ADM0NAME":"United States of America","ADM0_A3":"USA","ADM1NAME":"Illinois","ISO_A2":"US","POP_MAX":8990000,"POP_MIN":2841952,"LATITUDE":41.831937,"LONGITUDE":-87.752001,"MEGACITY":1,"WORLDCITY":1},"geometry":{"type":"Point","coordinates":[-87.635237,41.847961]}},{"type":"Feature","properties":{"NAME":"Guangzhou","NAMEASCII":"Guangzhou","ADM0NAME":"China","ADM0_A3":"CHN","ADM1NAME":"Guangdong","ISO_A2":"CN","POP_MAX":8829000,"POP_MIN":3152825,"LATITUDE":23.146927,"LONGITUDE":113.323064,"MEGACITY":1,"WORLDCITY":0},"geometry":{"type":"Point","coordinates":[113.261785,23.124723]}},{"type":"Feature","properties":{"NAME":"London","NAMEASCII":"London","ADM0NAME":"United Kingdom","ADM0_A3":"GBR","ADM1NAME":"Westminster","ISO_A2":"GB","POP_MAX":8567000,"POP_MIN":7421209,"LATITUDE":51.501941,"LONGITUDE":-0.118668,"MEGACITY":1,"WORLDCITY":1},"geometry":{"type":"Point","coordinates":[-0.118668,51.501941]}},{"type":"Feature","properties":{"NAME":"Lima","NAMEASCII":"Lima","ADM0NAME":"Peru","ADM0_A3":"PER","ADM1NAME":"Lima","ISO_A2":"PE","POP_MAX":8012000,"POP_MIN":6758234,"LATITUDE":-12.046067,"LONGITUDE":-77.052008,"MEGACITY":1,"WORLDCITY":0},"geometry":{"type":"Point","coordinates":[-77.052008,-12.046067]}},{"type":"Feature","properties":{"NAME":"Tehran","NAMEASCII":"Tehran","ADM0NAME":"Iran","ADM0_A3":"IRN","ADM1NAME":"Tehran","ISO_A2":"IR","POP_MAX":7873000,"POP_MIN":7153309,"LATITUDE":35.673889,"LONGITUDE":51.422398,"MEGACITY":1,"WORLDCITY":0},"geometry":{"type":"Point","coordinates":[51.422398,35.673889]}},{"type":"Feature","properties":{"NAME":"Kinshasa","NAMEASCII":"Kinshasa","ADM0NAME":"Congo (Kinshasa)","ADM0_A3":"COD","ADM1NAME":"Kinshasa City","ISO_A2":"CD","POP_MAX":7843000,"POP_MIN":5565703,"LATITUDE":-4.327778,"LONGITUDE":15.313026,"MEGACITY":1,"WORLDCITY":0},"geometry":{"type":"Point","coordinates":[15.313026,-4.327778]}},{"type":"Feature","properties":{"NAME":"Bogota","NAMEASCII":"Bogota","ADM0NAME":"Colombia","ADM0_A3":"COL","ADM1NAME":"Bogota","ISO_A2":"CO","POP_MAX":7772000,"POP_MIN":6333661,"LATITUDE":4.598369,"LONGITUDE":-74.08529,"MEGACITY":1,"WORLDCITY":1},"geometry":{"type":"Point","coordinates":[-74.08529,4.598369]}},{"type":"Feature","properties":{"NAME":"Shenzhen","NAMEASCII":"Shenzhen","ADM0NAME":"China","ADM0_A3":"CHN","ADM1NAME":"Guangdong","ISO_A2":"CN","POP_MAX":7581000,"POP_MIN":1002592,"LATITUDE":22.554316,"LONGITUDE":114.120177,"MEGACITY":1,"WORLDCITY":0},"geometry":{"type":"Point","coordinates":[114.061154,22.548097]}},{"type":"Feature","properties":{"NAME":"Wuhan","NAMEASCII":"Wuhan","ADM0NAME":"China","ADM0_A3":"CHN","ADM1NAME":"Hubei","ISO_A2":"CN","POP_MAX":7243000,"POP_MIN":4184206,"LATITUDE":30.581977,"LONGITUDE":114.268071,"MEGACITY":1,"WORLDCITY":0},"geometry":{"type":"Point","coordinates":[114.268071,30.581977]}},{"type":"Feature","properties":{"NAME":"Hong Kong","NAMEASCII":"Hong Kong","ADM0NAME":"Hong Kong S.A.R.","ADM0_A3":"HKG","ADM1NAME":null,"ISO_A2":"HK","POP_MAX":7206000,"POP_MIN":4551579,"LATITUDE":22.306927,"LONGITUDE":114.183064,"MEGACITY":1,"WORLDCITY":1},"geometry":{"type":"Point","coordinates":[114.183064,22.306927]}},{"type":"Feature","properties":{"NAME":"Tianjin","NAMEASCII":"Tianjin","ADM0NAME":"China","ADM0_A3":"CHN","ADM1NAME":"Tianjin","ISO_A2":"CN","POP_MAX":7180000,"POP_MIN":3766207,"LATITUDE":39.131972,"LONGITUDE":117.198073,"MEGACITY":1,"WORLDCITY":0},"geometry":{"type":"Point","coordinates":[117.196607,39.082772]}},{"type":"Feature","properties":{"NAME":"Chennai","NAMEASCII":"Chennai","ADM0NAME":"India","ADM0_A3":"IND","ADM1NAME":"Tamil Nadu","ISO_A2":"IN","POP_MAX":7163000,"POP_MIN":4328063,"LATITUDE":13.091934,"LONGITUDE":80.278053,"MEGACITY":1,"WORLDCITY":0},"geometry":{"type":"Point","coordinates":[80.278053,13.091934]}},{"type":"Feature","properties":{"NAME":"Taipei","NAMEASCII":"Taipei","ADM0NAME":"Taiwan","ADM0_A3":"TWN","ADM1NAME":"Taipei City","ISO_A2":"TW","POP_MAX":6900273,"POP_MIN":2618772,"LATITUDE":25.035833,"LONGITUDE":121.568333,"MEGACITY":1,"WORLDCITY":1},"geometry":{"type":"Point","coordinates":[121.568333,25.035833]}},{"type":"Feature","properties":{"NAME":"Bengaluru","NAMEASCII":"Bengaluru","ADM0NAME":"India","ADM0_A3":"IND","ADM1NAME":"Karnataka","ISO_A2":"IN","POP_MAX":6787000,"POP_MIN":5104047,"LATITUDE":12.971941,"LONGITUDE":77.558064,"MEGACITY":1,"WORLDCITY":0},"geometry":{"type":"Point","coordinates":[77.558064,12.971941]}},{"type":"Feature","properties":{"NAME":"Bangkok","NAMEASCII":"Bangkok","ADM0NAME":"Thailand","ADM0_A3":"THA","ADM1NAME":"Bangkok Metropolis","ISO_A2":"TH","POP_MAX":6704000,"POP_MIN":5104476,"LATITUDE":13.751945,"LONGITUDE":100.514699,"MEGACITY":1,"WORLDCITY":1},"geometry":{"type":"Point","coordinates":[100.514699,13.751945]}},{"type":"Feature","properties":{"NAME":"Lahore","NAMEASCII":"Lahore","ADM0NAME":"Pakistan","ADM0_A3":"PAK","ADM1NAME":"Punjab","ISO_A2":"PK","POP_MAX":6577000,"POP_MIN":6310888,"LATITUDE":31.561917,"LONGITUDE":74.348079,"MEGACITY":1,"WORLDCITY":0},"geometry":{"type":"Point","coordinates":[74.348079,31.561917]}},{"type":"Feature","properties":{"NAME":"Chongqing","NAMEASCII":"Chongqing","ADM0NAME":"China","ADM0_A3":"CHN","ADM1NAME":"Chongqing","ISO_A2":"CN","POP_MAX":6461000,"POP_MIN":3967028,"LATITUDE":29.566923,"LONGITUDE":106.593036,"MEGACITY":1,"WORLDCITY":0},"geometry":{"type":"Point","coordinates":[106.593036,29.566923]}},{"type":"Feature","properties":{"NAME":"Hyderabad","NAMEASCII":"Hyderabad","ADM0NAME":"India","ADM0_A3":"IND","ADM1NAME":"Telangana","ISO_A2":"IN","POP_MAX":6376000,"POP_MIN":3597816,"LATITUDE":17.401929,"LONGITUDE":78.478008,"MEGACITY":1,"WORLDCITY":0},"geometry":{"type":"Point","coordinates":[78.478008,17.401929]}},{"type":"Feature","properties":{"NAME":"Amaravati","NAMEASCII":"Amaravati","ADM0NAME":"India","ADM0_A3":"IND","ADM1NAME":"Andhra Pradesh","ISO_A2":"IN","POP_MAX":5800000,"POP_MIN":103000,"LATITUDE":16.533658,"LONGITUDE":80.52432,"MEGACITY":0,"WORLDCITY":0},"geometry":{"type":"Point","coordinates":[80.52432,16.533658]}},{"type":"Feature","properties":{"NAME":"Santiago","NAMEASCII":"Santiago","ADM0NAME":"Chile","ADM0_A3":"CHL","ADM1NAME":"Región Metropolitana de Santiago","ISO_A2":"CL","POP_MAX":5720000,"POP_MIN":46611,"LATITUDE":-33.448068,"LONGITUDE":-70.668987,"MEGACITY":1,"WORLDCITY":1},"geometry":{"type":"Point","coordinates":[-70.650504,-33.440205]}},{"type":"Feature","properties":{"NAME":"Miami","NAMEASCII":"Miami","ADM0NAME":"United States of America","ADM0_A3":"USA","ADM1NAME":"Florida","ISO_A2":"US","POP_MAX":5585000,"POP_MIN":382894,"LATITUDE":25.789557,"LONGITUDE":-80.226052,"MEGACITY":1,"WORLDCITY":1},"geometry":{"type":"Point","coordinates":[-80.226052,25.789557]}},{"type":"Feature","properties":{"NAME":"Belo Horizonte","NAMEASCII":"Belo Horizonte","ADM0NAME":"Brazil","ADM0_A3":"BRA","ADM1NAME":"Minas Gerais","ISO_A2":"BR","POP_MAX":5575000,"POP_MIN":2373224,"LATITUDE":-19.91308,"LONGITUDE":-43.91695,"MEGACITY":1,"WORLDCITY":0},"geometry":{"type":"Point","coordinates":[-43.91695,-19.91308]}},{"type":"Feature","properties":{"NAME":"Madrid","NAMEASCII":"Madrid","ADM0NAME":"Spain","ADM0_A3":"ESP","ADM1NAME":"Comunidad de Madrid","ISO_A2":"ES","POP_MAX":5567000,"POP_MIN":50437,"LATITUDE":40.401972,"LONGITUDE":-3.685298,"MEGACITY":1,"WORLDCITY":1},"geometry":{"type":"Point","coordinates":[-3.685297,40.401972]}},{"type":"Feature","properties":{"NAME":"Philadelphia","NAMEASCII":"Philadelphia","ADM0NAME":"United States of America","ADM0_A3":"USA","ADM1NAME":"Pennsylvania","ISO_A2":"US","POP_MAX":5492000,"POP_MIN":1517550,"LATITUDE":40.001919,"LONGITUDE":-75.171942,"MEGACITY":1,"WORLDCITY":0},"geometry":{"type":"Point","coordinates":[-75.179841,39.945942]}},{"type":"Feature","properties":{"NAME":"Ahmedabad","NAMEASCII":"Ahmedabad","ADM0NAME":"India","ADM0_A3":"IND","ADM1NAME":"Dadra and Nagar Haveli","ISO_A2":"IN","POP_MAX":5375000,"POP_MIN":3719710,"LATITUDE":23.031999,"LONGITUDE":72.578058,"MEGACITY":1,"WORLDCITY":0},"geometry":{"type":"Point","coordinates":[72.578058,23.031999]}},{"type":"Feature","properties":{"NAME":"Ho Chi Minh City","NAMEASCII":"Ho Chi Minh City","ADM0NAME":"Vietnam","ADM0_A3":"VNM","ADM1NAME":"H? Chí Minh city","ISO_A2":"VN","POP_MAX":5314000,"POP_MIN":3467331,"LATITUDE":10.781971,"LONGITUDE":106.693081,"MEGACITY":1,"WORLDCITY":0},"geometry":{"type":"Point","coordinates":[106.702985,10.762125]}},{"type":"Feature","properties":{"NAME":"Toronto","NAMEASCII":"Toronto","ADM0NAME":"Canada","ADM0_A3":"CAN","ADM1NAME":"Ontario","ISO_A2":"CA","POP_MAX":5213000,"POP_MIN":3934421,"LATITUDE":43.701926,"LONGITUDE":-79.421967,"MEGACITY":1,"WORLDCITY":1},"geometry":{"type":"Point","coordinates":[-79.389459,43.664645]}},{"type":"Feature","properties":{"NAME":"Singapore","NAMEASCII":"Singapore","ADM0NAME":"Singapore","ADM0_A3":"SGP","ADM1NAME":null,"ISO_A2":"SG","POP_MAX":5183700,"POP_MIN":3289529,"LATITUDE":1.294979,"LONGITUDE":103.853875,"MEGACITY":1,"WORLDCITY":1},"geometry":{"type":"Point","coordinates":[103.853875,1.294979]}},{"type":"Feature","properties":{"NAME":"Luanda","NAMEASCII":"Luanda","ADM0NAME":"Angola","ADM0_A3":"AGO","ADM1NAME":"Luanda","ISO_A2":"AO","POP_MAX":5172900,"POP_MIN":1951272,"LATITUDE":-8.83634,"LONGITUDE":13.232481,"MEGACITY":1,"WORLDCITY":0},"geometry":{"type":"Point","coordinates":[13.232481,-8.83634]}},{"type":"Feature","properties":{"NAME":"Baghdad","NAMEASCII":"Baghdad","ADM0NAME":"Iraq","ADM0_A3":"IRQ","ADM1NAME":"Baghdad","ISO_A2":"IQ","POP_MAX":5054000,"POP_MIN":5054000,"LATITUDE":33.340594,"LONGITUDE":44.391923,"MEGACITY":1,"WORLDCITY":0},"geometry":{"type":"Point","coordinates":[44.391923,33.340594]}},{"type":"Feature","properties":{"NAME":"Barcelona","NAMEASCII":"Barcelona","ADM0NAME":"Spain","ADM0_A3":"ESP","ADM1NAME":"Cataluña","ISO_A2":"ES","POP_MAX":4920000,"POP_MIN":1581595,"LATITUDE":41.385245,"LONGITUDE":2.181425,"MEGACITY":1,"WORLDCITY":1},"geometry":{"type":"Point","coordinates":[2.181424,41.385245]}},{"type":"Feature","properties":{"NAME":"Haora","NAMEASCII":"Haora","ADM0NAME":"India","ADM0_A3":"IND","ADM1NAME":"West Bengal","ISO_A2":"IN","POP_MAX":4841638,"POP_MIN":1027672,"LATITUDE":22.58039,"LONGITUDE":88.329947,"MEGACITY":0,"WORLDCITY":0},"geometry":{"type":"Point","coordinates":[88.318516,22.584698]}},{"type":"Feature","properties":{"NAME":"Dallas","NAMEASCII":"Dallas","ADM0NAME":"United States of America","ADM0_A3":"USA","ADM1NAME":"Texas","ISO_A2":"US","POP_MAX":4798000,"POP_MIN":1211704,"LATITUDE":32.82197,"LONGITUDE":-96.841963,"MEGACITY":1,"WORLDCITY":0},"geometry":{"type":"Point","coordinates":[-96.794687,32.771958]}},{"type":"Feature","properties":{"NAME":"Shenyeng","NAMEASCII":"Shenyeng","ADM0NAME":"China","ADM0_A3":"CHN","ADM1NAME":"Liaoning","ISO_A2":"CN","POP_MAX":4787000,"POP_MIN":3512192,"LATITUDE":41.806925,"LONGITUDE":123.448028,"MEGACITY":1,"WORLDCITY":0},"geometry":{"type":"Point","coordinates":[123.448028,41.806925]}},{"type":"Feature","properties":{"NAME":"Khartoum","NAMEASCII":"Khartoum","ADM0NAME":"Sudan","ADM0_A3":"SDN","ADM1NAME":"Khartoum","ISO_A2":"SD","POP_MAX":4754000,"POP_MIN":1974647,"LATITUDE":15.590024,"LONGITUDE":32.532233,"MEGACITY":1,"WORLDCITY":0},"geometry":{"type":"Point","coordinates":[32.532233,15.590024]}},{"type":"Feature","properties":{"NAME":"Pune","NAMEASCII":"Pune","ADM0NAME":"India","ADM0_A3":"IND","ADM1NAME":"Maharashtra","ISO_A2":"IN","POP_MAX":4672000,"POP_MIN":2935744,"LATITUDE":18.531963,"LONGITUDE":73.848058,"MEGACITY":1,"WORLDCITY":0},"geometry":{"type":"Point","coordinates":[73.851892,18.516394]}},{"type":"Feature","properties":{"NAME":"Sydney","NAMEASCII":"Sydney","ADM0NAME":"Australia","ADM0_A3":"AUS","ADM1NAME":"New South Wales","ISO_A2":"AU","POP_MAX":4630000,"POP_MIN":3641422,"LATITUDE":-33.918065,"LONGITUDE":151.183234,"MEGACITY":1,"WORLDCITY":1},"geometry":{"type":"Point","coordinates":[151.212548,-33.871373]}},{"type":"Feature","properties":{"NAME":"St.  Petersburg","NAMEASCII":"St. Petersburg","ADM0NAME":"Russia","ADM0_A3":"RUS","ADM1NAME":"City of St. Petersburg","ISO_A2":"RU","POP_MAX":4553000,"POP_MIN":3493212,"LATITUDE":59.94096,"LONGITUDE":30.314074,"MEGACITY":1,"WORLDCITY":0},"geometry":{"type":"Point","coordinates":[30.314074,59.94096]}},{"type":"Feature","properties":{"NAME":"Chattogram","NAMEASCII":"Chattogram","ADM0NAME":"Bangladesh","ADM0_A3":"BGD","ADM1NAME":"Chittagong","ISO_A2":"BD","POP_MAX":4529000,"POP_MIN":3920222,"LATITUDE":22.331938,"LONGITUDE":91.798022,"MEGACITY":1,"WORLDCITY":0},"geometry":{"type":"Point","coordinates":[91.798022,22.331938]}},{"type":"Feature","properties":{"NAME":"Dongguan","NAMEASCII":"Dongguan","ADM0NAME":"China","ADM0_A3":"CHN","ADM1NAME":"Guangdong","ISO_A2":"CN","POP_MAX":4528000,"POP_MIN":4528000,"LATITUDE":23.050835,"LONGITUDE":113.742776,"MEGACITY":1,"WORLDCITY":0},"geometry":{"type":"Point","coordinates":[113.750474,23.021537]}},{"type":"Feature","properties":{"NAME":"Atlanta","NAMEASCII":"Atlanta","ADM0NAME":"United States of America","ADM0_A3":"USA","ADM1NAME":"Georgia","ISO_A2":"US","POP_MAX":4506000,"POP_MIN":422908,"LATITUDE":33.83196,"LONGITUDE":-84.401895,"MEGACITY":1,"WORLDCITY":1},"geometry":{"type":"Point","coordinates":[-84.367642,33.739457]}},{"type":"Feature","properties":{"NAME":"Boston","NAMEASCII":"Boston","ADM0NAME":"United States of America","ADM0_A3":"USA","ADM1NAME":"Massachusetts","ISO_A2":"US","POP_MAX":4467000,"POP_MIN":589141,"LATITUDE":42.331906,"LONGITUDE":-71.07196,"MEGACITY":1,"WORLDCITY":1},"geometry":{"type":"Point","coordinates":[-71.07196,42.331906]}},{"type":"Feature","properties":{"NAME":"Riyadh","NAMEASCII":"Riyadh","ADM0NAME":"Saudi Arabia","ADM0_A3":"SAU","ADM1NAME":"Ar Riyad","ISO_A2":"SA","POP_MAX":4465000,"POP_MIN":4205961,"LATITUDE":24.642779,"LONGITUDE":46.770796,"MEGACITY":1,"WORLDCITY":1},"geometry":{"type":"Point","coordinates":[46.720487,24.634497]}},{"type":"Feature","properties":{"NAME":"Houston","NAMEASCII":"Houston","ADM0NAME":"United States of America","ADM0_A3":"USA","ADM1NAME":"Texas","ISO_A2":"US","POP_MAX":4459000,"POP_MIN":3647574,"LATITUDE":29.82192,"LONGITUDE":-95.341925,"MEGACITY":1,"WORLDCITY":0},"geometry":{"type":"Point","coordinates":[-95.348436,29.741273]}},{"type":"Feature","properties":{"NAME":"Hanoi","NAMEASCII":"Hanoi","ADM0NAME":"Vietnam","ADM0_A3":"VNM","ADM1NAME":"Thái Nguyên","ISO_A2":"VN","POP_MAX":4378000,"POP_MIN":1431270,"LATITUDE":21.035273,"LONGITUDE":105.848068,"MEGACITY":1,"WORLDCITY":0},"geometry":{"type":"Point","coordinates":[105.848068,21.035273]}},{"type":"Feature","properties":{"NAME":"Washington,  D.C.","NAMEASCII":"Washington, D.C.","ADM0NAME":"United States of America","ADM0_A3":"USA","ADM1NAME":"District of Columbia","ISO_A2":"US","POP_MAX":4338000,"POP_MIN":552433,"LATITUDE":38.901495,"LONGITUDE":-77.011364,"MEGACITY":1,"WORLDCITY":1},"geometry":{"type":"Point","coordinates":[-77.011364,38.901495]}},{"type":"Feature","properties":{"NAME":"Guadalajara","NAMEASCII":"Guadalajara","ADM0NAME":"Mexico","ADM0_A3":"MEX","ADM1NAME":"Jalisco","ISO_A2":"MX","POP_MAX":4198000,"POP_MIN":1640589,"LATITUDE":20.671962,"LONGITUDE":-103.33198,"MEGACITY":1,"WORLDCITY":0},"geometry":{"type":"Point","coordinates":[-103.33198,20.671962]}},{"type":"Feature","properties":{"NAME":"Melbourne","NAMEASCII":"Melbourne","ADM0NAME":"Australia","ADM0_A3":"AUS","ADM1NAME":"Victoria","ISO_A2":"AU","POP_MAX":4170000,"POP_MIN":93625,"LATITUDE":-37.818086,"LONGITUDE":144.97307,"MEGACITY":1,"WORLDCITY":1},"geometry":{"type":"Point","coordinates":[144.97307,-37.818086]}},{"type":"Feature","properties":{"NAME":"Alexandria","NAMEASCII":"Alexandria","ADM0NAME":"Egypt","ADM0_A3":"EGY","ADM1NAME":"Al Iskandariyah","ISO_A2":"EG","POP_MAX":4165000,"POP_MIN":3811516,"LATITUDE":31.201965,"LONGITUDE":29.94805,"MEGACITY":1,"WORLDCITY":0},"geometry":{"type":"Point","coordinates":[29.94805,31.201965]}},{"type":"Feature","properties":{"NAME":"Chengdu","NAMEASCII":"Chengdu","ADM0NAME":"China","ADM0_A3":"CHN","ADM1NAME":"Sichuan","ISO_A2":"CN","POP_MAX":4123000,"POP_MIN":3950437,"LATITUDE":30.671946,"LONGITUDE":104.068074,"MEGACITY":1,"WORLDCITY":0},"geometry":{"type":"Point","coordinates":[104.068074,30.671946]}},{"type":"Feature","properties":{"NAME":"Detroit","NAMEASCII":"Detroit","ADM0NAME":"United States of America","ADM0_A3":"USA","ADM1NAME":"Michigan","ISO_A2":"US","POP_MAX":4101000,"POP_MIN":951270,"LATITUDE":42.331906,"LONGITUDE":-83.082002,"MEGACITY":1,"WORLDCITY":0},"geometry":{"type":"Point","coordinates":[-83.051334,42.333558]}},{"type":"Feature","properties":{"NAME":"Yangon","NAMEASCII":"Rangoon","ADM0NAME":"Myanmar","ADM0_A3":"MMR","ADM1NAME":"Yangon","ISO_A2":"MM","POP_MAX":4088000,"POP_MIN":3301820,"LATITUDE":16.7853,"LONGITUDE":96.164732,"MEGACITY":1,"WORLDCITY":0},"geometry":{"type":"Point","coordinates":[96.164732,16.7853]}},{"type":"Feature","properties":{"NAME":"Xian","NAMEASCII":"Xian","ADM0NAME":"China","ADM0_A3":"CHN","ADM1NAME":"Shaanxi","ISO_A2":"CN","POP_MAX":4009000,"POP_MIN":3225812,"LATITUDE":34.276971,"LONGITUDE":108.89305,"MEGACITY":1,"WORLDCITY":0},"geometry":{"type":"Point","coordinates":[108.89305,34.276971]}},{"type":"Feature","properties":{"NAME":"Porto Alegre","NAMEASCII":"Porto Alegre","ADM0NAME":"Brazil","ADM0_A3":"BRA","ADM1NAME":"Rio Grande do Sul","ISO_A2":"BR","POP_MAX":3917000,"POP_MIN":1372741,"LATITUDE":-30.048069,"LONGITUDE":-51.201958,"MEGACITY":1,"WORLDCITY":0},"geometry":{"type":"Point","coordinates":[-51.201958,-30.048069]}},{"type":"Feature","properties":{"NAME":"New Taipei","NAMEASCII":"New Taipei","ADM0NAME":"Taiwan","ADM0_A3":"TWN","ADM1NAME":"New Taipei City","ISO_A2":"TW","POP_MAX":3893740,"POP_MIN":1750000,"LATITUDE":25.012778,"LONGITUDE":121.465,"MEGACITY":0,"WORLDCITY":0},"geometry":{"type":"Point","coordinates":[121.465,25.012778]}},{"type":"Feature","properties":{"NAME":"Surat","NAMEASCII":"Surat","ADM0NAME":"India","ADM0_A3":"IND","ADM1NAME":"Dadra and Nagar Haveli","ISO_A2":"IN","POP_MAX":3842000,"POP_MIN":2894504,"LATITUDE":21.20193,"LONGITUDE":72.838094,"MEGACITY":1,"WORLDCITY":0},"geometry":{"type":"Point","coordinates":[72.838094,21.20193]}},{"type":"Feature","properties":{"NAME":"Hechi","NAMEASCII":"Hechi","ADM0NAME":"China","ADM0_A3":"CHN","ADM1NAME":"Guangxi","ISO_A2":"CN","POP_MAX":3830000,"POP_MIN":2720379,"LATITUDE":24.695252,"LONGITUDE":108.083,"MEGACITY":0,"WORLDCITY":0},"geometry":{"type":"Point","coordinates":[108.083,24.695252]}},{"type":"Feature","properties":{"NAME":"Abidjan","NAMEASCII":"Abidjan","ADM0NAME":"Ivory Coast","ADM0_A3":"CIV","ADM1NAME":"Lagunes","ISO_A2":"CI","POP_MAX":3802000,"POP_MIN":3190395,"LATITUDE":5.321943,"LONGITUDE":-4.041994,"MEGACITY":1,"WORLDCITY":0},"geometry":{"type":"Point","coordinates":[-4.020207,5.323126]}},{"type":"Feature","properties":{"NAME":"Brasília","NAMEASCII":"Brasilia","ADM0NAME":"Brazil","ADM0_A3":"BRA","ADM1NAME":"Distrito Federal","ISO_A2":"BR","POP_MAX":3716996,"POP_MIN":2562963,"LATITUDE":-15.781394,"LONGITUDE":-47.917998,"MEGACITY":1,"WORLDCITY":0},"geometry":{"type":"Point","coordinates":[-47.917998,-15.781394]}},{"type":"Feature","properties":{"NAME":"Ankara","NAMEASCII":"Ankara","ADM0NAME":"Turkey","ADM0_A3":"TUR","ADM1NAME":"Ankara","ISO_A2":"TR","POP_MAX":3716000,"POP_MIN":3307379,"LATITUDE":39.929184,"LONGITUDE":32.862446,"MEGACITY":1,"WORLDCITY":0},"geometry":{"type":"Point","coordinates":[32.862446,39.929184]}},{"type":"Feature","properties":{"NAME":"Monterrey","NAMEASCII":"Monterrey","ADM0NAME":"Mexico","ADM0_A3":"MEX","ADM1NAME":"Nuevo León","ISO_A2":"MX","POP_MAX":3712000,"POP_MIN":1122874,"LATITUDE":25.671941,"LONGITUDE":-100.331931,"MEGACITY":1,"WORLDCITY":0},"geometry":{"type":"Point","coordinates":[-100.331931,25.671941]}},{"type":"Feature","properties":{"NAME":"Yokohama","NAMEASCII":"Yokohama","ADM0NAME":"Japan","ADM0_A3":"JPN","ADM1NAME":"Kanagawa","ISO_A2":"JP","POP_MAX":3697894,"POP_MIN":3697894,"LATITUDE":35.430656,"LONGITUDE":139.602021,"MEGACITY":0,"WORLDCITY":0},"geometry":{"type":"Point","coordinates":[139.602021,35.430656]}},{"type":"Feature","properties":{"NAME":"Nanjing","NAMEASCII":"Nanjing","ADM0NAME":"China","ADM0_A3":"CHN","ADM1NAME":"Jiangsu","ISO_A2":"CN","POP_MAX":3679000,"POP_MIN":3087010,"LATITUDE":32.051965,"LONGITUDE":118.778029,"MEGACITY":1,"WORLDCITY":0},"geometry":{"type":"Point","coordinates":[118.778029,32.051965]}},{"type":"Feature","properties":{"NAME":"Montréal","NAMEASCII":"Montreal","ADM0NAME":"Canada","ADM0_A3":"CAN","ADM1NAME":"Québec","ISO_A2":"CA","POP_MAX":3678000,"POP_MIN":2356556,"LATITUDE":45.501945,"LONGITUDE":-73.585243,"MEGACITY":1,"WORLDCITY":0},"geometry":{"type":"Point","coordinates":[-73.585243,45.501945]}},{"type":"Feature","properties":{"NAME":"Guiyang","NAMEASCII":"Guiyang","ADM0NAME":"China","ADM0_A3":"CHN","ADM1NAME":"Guizhou","ISO_A2":"CN","POP_MAX":3662000,"POP_MIN":1171633,"LATITUDE":26.581989,"LONGITUDE":106.718093,"MEGACITY":1,"WORLDCITY":0},"geometry":{"type":"Point","coordinates":[106.718093,26.581989]}},{"type":"Feature","properties":{"NAME":"Recife","NAMEASCII":"Recife","ADM0NAME":"Brazil","ADM0_A3":"BRA","ADM1NAME":"Pernambuco","ISO_A2":"BR","POP_MAX":3651000,"POP_MIN":1478098,"LATITUDE":-8.0737,"LONGITUDE":-34.917551,"MEGACITY":1,"WORLDCITY":0},"geometry":{"type":"Point","coordinates":[-34.908766,-8.060532]}},{"type":"Feature","properties":{"NAME":"Harbin","NAMEASCII":"Harbin","ADM0NAME":"China","ADM0_A3":"CHN","ADM1NAME":"Heilongjiang","ISO_A2":"CN","POP_MAX":3621000,"POP_MIN":3229883,"LATITUDE":45.75193,"LONGITUDE":126.648039,"MEGACITY":1,"WORLDCITY":0},"geometry":{"type":"Point","coordinates":[126.648039,45.75193]}},{"type":"Feature","properties":{"NAME":"Fortaleza","NAMEASCII":"Fortaleza","ADM0NAME":"Brazil","ADM0_A3":"BRA","ADM1NAME":"Ceará","ISO_A2":"BR","POP_MAX":3602319,"POP_MIN":2315116,"LATITUDE":-3.748072,"LONGITUDE":-38.581927,"MEGACITY":1,"WORLDCITY":0},"geometry":{"type":"Point","coordinates":[-38.581927,-3.748072]}},{"type":"Feature","properties":{"NAME":"Ürümqi","NAMEASCII":"Urumqi","ADM0NAME":"China","ADM0_A3":"CHN","ADM1NAME":"Xinjiang Uygur","ISO_A2":"CN","POP_MAX":3575000,"POP_MIN":1508225,"LATITUDE":43.806958,"LONGITUDE":87.57306,"MEGACITY":1,"WORLDCITY":0},"geometry":{"type":"Point","coordinates":[87.57306,43.806958]}},{"type":"Feature","properties":{"NAME":"Phoenix","NAMEASCII":"Phoenix","ADM0NAME":"United States of America","ADM0_A3":"USA","ADM1NAME":"Arizona","ISO_A2":"US","POP_MAX":3551000,"POP_MIN":1321045,"LATITUDE":33.541926,"LONGITUDE":-112.071938,"MEGACITY":1,"WORLDCITY":0},"geometry":{"type":"Point","coordinates":[-112.067365,33.448322]}},{"type":"Feature","properties":{"NAME":"Zhangzhou","NAMEASCII":"Zhangzhou","ADM0NAME":"China","ADM0_A3":"CHN","ADM1NAME":"Fujian","ISO_A2":"CN","POP_MAX":3531147,"POP_MIN":1338452,"LATITUDE":24.520375,"LONGITUDE":117.670016,"MEGACITY":0,"WORLDCITY":0},"geometry":{"type":"Point","coordinates":[117.670016,24.520375]}},{"type":"Feature","properties":{"NAME":"Salvador","NAMEASCII":"Salvador","ADM0NAME":"Brazil","ADM0_A3":"BRA","ADM1NAME":"Bahia","ISO_A2":"BR","POP_MAX":3484000,"POP_MIN":2678845,"LATITUDE":-12.968026,"LONGITUDE":-38.481933,"MEGACITY":1,"WORLDCITY":0},"geometry":{"type":"Point","coordinates":[-38.481933,-12.968026]}},{"type":"Feature","properties":{"NAME":"Busan","NAMEASCII":"Busan","ADM0NAME":"South Korea","ADM0_A3":"KOR","ADM1NAME":"Busan","ISO_A2":"KR","POP_MAX":3480000,"POP_MIN":3480000,"LATITUDE":35.096999,"LONGITUDE":129.008102,"MEGACITY":1,"WORLDCITY":0},"geometry":{"type":"Point","coordinates":[129.008102,35.096999]}},{"type":"Feature","properties":{"NAME":"San Francisco","NAMEASCII":"San Francisco","ADM0NAME":"United States of America","ADM0_A3":"USA","ADM1NAME":"California","ISO_A2":"US","POP_MAX":3450000,"POP_MIN":732072,"LATITUDE":37.769196,"LONGITUDE":-122.417169,"MEGACITY":1,"WORLDCITY":1},"geometry":{"type":"Point","coordinates":[-122.3996,37.784263]}},{"type":"Feature","properties":{"NAME":"Johannesburg","NAMEASCII":"Johannesburg","ADM0NAME":"South Africa","ADM0_A3":"ZAF","ADM1NAME":"Gauteng","ISO_A2":"ZA","POP_MAX":3435000,"POP_MIN":2026469,"LATITUDE":-26.168099,"LONGITUDE":28.028064,"MEGACITY":1,"WORLDCITY":1},"geometry":{"type":"Point","coordinates":[28.028064,-26.168099]}},{"type":"Feature","properties":{"NAME":"Berlin","NAMEASCII":"Berlin","ADM0NAME":"Germany","ADM0_A3":"DEU","ADM1NAME":"Berlin","ISO_A2":"DE","POP_MAX":3406000,"POP_MIN":3094014,"LATITUDE":52.523765,"LONGITUDE":13.399603,"MEGACITY":1,"WORLDCITY":1},"geometry":{"type":"Point","coordinates":[13.399603,52.523764]}},{"type":"Feature","properties":{"NAME":"Algiers","NAMEASCII":"Algiers","ADM0NAME":"Algeria","ADM0_A3":"DZA","ADM1NAME":"Alger","ISO_A2":"DZ","POP_MAX":3354000,"POP_MIN":1977663,"LATITUDE":36.765011,"LONGITUDE":3.048607,"MEGACITY":1,"WORLDCITY":0},"geometry":{"type":"Point","coordinates":[3.048607,36.765011]}},{"type":"Feature","properties":{"NAME":"Rome","NAMEASCII":"Rome","ADM0NAME":"Italy","ADM0_A3":"ITA","ADM1NAME":"Lazio","ISO_A2":"IT","POP_MAX":3339000,"POP_MIN":35452,"LATITUDE":41.897902,"LONGITUDE":12.481313,"MEGACITY":1,"WORLDCITY":1},"geometry":{"type":"Point","coordinates":[12.481313,41.897902]}},{"type":"Feature","properties":{"NAME":"Pyongyang","NAMEASCII":"Pyongyang","ADM0NAME":"North Korea","ADM0_A3":"PRK","ADM1NAME":"P'yongyang","ISO_A2":"KP","POP_MAX":3300000,"POP_MIN":2498797,"LATITUDE":39.021385,"LONGITUDE":125.752745,"MEGACITY":1,"WORLDCITY":0},"geometry":{"type":"Point","coordinates":[125.752745,39.021385]}},{"type":"Feature","properties":{"NAME":"Medellín","NAMEASCII":"Medellin","ADM0NAME":"Colombia","ADM0_A3":"COL","ADM1NAME":"Antioquia","ISO_A2":"CO","POP_MAX":3297000,"POP_MIN":1999979,"LATITUDE":6.276949,"LONGITUDE":-75.576956,"MEGACITY":1,"WORLDCITY":0},"geometry":{"type":"Point","coordinates":[-75.576956,6.276949]}},{"type":"Feature","properties":{"NAME":"Kabul","NAMEASCII":"Kabul","ADM0NAME":"Afghanistan","ADM0_A3":"AFG","ADM1NAME":"Kabul","ISO_A2":"AF","POP_MAX":3277000,"POP_MIN":3043532,"LATITUDE":34.518636,"LONGITUDE":69.181314,"MEGACITY":1,"WORLDCITY":0},"geometry":{"type":"Point","coordinates":[69.181314,34.518636]}},{"type":"Feature","properties":{"NAME":"Athens","NAMEASCII":"Athens","ADM0NAME":"Greece","ADM0_A3":"GRC","ADM1NAME":"Attiki","ISO_A2":"GR","POP_MAX":3242000,"POP_MIN":729137,"LATITUDE":37.985272,"LONGITUDE":23.731375,"MEGACITY":1,"WORLDCITY":1},"geometry":{"type":"Point","coordinates":[23.731375,37.985272]}},{"type":"Feature","properties":{"NAME":"Nagoya","NAMEASCII":"Nagoya","ADM0NAME":"Japan","ADM0_A3":"JPN","ADM1NAME":"Aichi","ISO_A2":"JP","POP_MAX":3230000,"POP_MIN":2191279,"LATITUDE":35.156943,"LONGITUDE":136.913046,"MEGACITY":1,"WORLDCITY":0},"geometry":{"type":"Point","coordinates":[136.913046,35.156943]}},{"type":"Feature","properties":{"NAME":"Cape Town","NAMEASCII":"Cape Town","ADM0NAME":"South Africa","ADM0_A3":"ZAF","ADM1NAME":"Western Cape","ISO_A2":"ZA","POP_MAX":3215000,"POP_MIN":2432858,"LATITUDE":-33.918065,"LONGITUDE":18.433042,"MEGACITY":1,"WORLDCITY":1},"geometry":{"type":"Point","coordinates":[18.433042,-33.918065]}},{"type":"Feature","properties":{"NAME":"Changchun","NAMEASCII":"Changchun","ADM0NAME":"China","ADM0_A3":"CHN","ADM1NAME":"Jilin","ISO_A2":"CN","POP_MAX":3183000,"POP_MIN":2537421,"LATITUDE":43.866954,"LONGITUDE":125.338042,"MEGACITY":1,"WORLDCITY":0},"geometry":{"type":"Point","coordinates":[125.338042,43.866954]}},{"type":"Feature","properties":{"NAME":"Casablanca","NAMEASCII":"Casablanca","ADM0NAME":"Morocco","ADM0_A3":"MAR","ADM1NAME":"Grand Casablanca","ISO_A2":"MA","POP_MAX":3181000,"POP_MIN":3144909,"LATITUDE":33.601922,"LONGITUDE":-7.618313,"MEGACITY":1,"WORLDCITY":1},"geometry":{"type":"Point","coordinates":[-7.618313,33.601922]}},{"type":"Feature","properties":{"NAME":"Dalian","NAMEASCII":"Dalian","ADM0NAME":"China","ADM0_A3":"CHN","ADM1NAME":"Liaoning","ISO_A2":"CN","POP_MAX":3167000,"POP_MIN":2035307,"LATITUDE":38.924784,"LONGITUDE":121.627885,"MEGACITY":1,"WORLDCITY":0},"geometry":{"type":"Point","coordinates":[121.627885,38.924784]}},{"type":"Feature","properties":{"NAME":"Kanpur","NAMEASCII":"Kanpur","ADM0NAME":"India","ADM0_A3":"IND","ADM1NAME":"Uttar Pradesh","ISO_A2":"IN","POP_MAX":3162000,"POP_MIN":2823249,"LATITUDE":26.461945,"LONGITUDE":80.31805,"MEGACITY":1,"WORLDCITY":0},"geometry":{"type":"Point","coordinates":[80.31805,26.461945]}},{"type":"Feature","properties":{"NAME":"Kano","NAMEASCII":"Kano","ADM0NAME":"Nigeria","ADM0_A3":"NGA","ADM1NAME":"Kano","ISO_A2":"NG","POP_MAX":3140000,"POP_MIN":3140000,"LATITUDE":12.001923,"LONGITUDE":8.518092,"MEGACITY":1,"WORLDCITY":0},"geometry":{"type":"Point","coordinates":[8.518092,12.001923]}},{"type":"Feature","properties":{"NAME":"Tel Aviv","NAMEASCII":"Tel Aviv-Yafo","ADM0NAME":"Israel","ADM0_A3":"ISR","ADM1NAME":"Tel Aviv","ISO_A2":"IL","POP_MAX":3112000,"POP_MIN":378358,"LATITUDE":32.081937,"LONGITUDE":34.768066,"MEGACITY":1,"WORLDCITY":0},"geometry":{"type":"Point","coordinates":[34.768066,32.081937]}},{"type":"Feature","properties":{"NAME":"Addis Ababa","NAMEASCII":"Addis Ababa","ADM0NAME":"Ethiopia","ADM0_A3":"ETH","ADM1NAME":"Addis Ababa","ISO_A2":"ET","POP_MAX":3100000,"POP_MIN":2757729,"LATITUDE":9.035256,"LONGITUDE":38.698059,"MEGACITY":1,"WORLDCITY":0},"geometry":{"type":"Point","coordinates":[38.698059,9.035256]}},{"type":"Feature","properties":{"NAME":"Curitiba","NAMEASCII":"Curitiba","ADM0NAME":"Brazil","ADM0_A3":"BRA","ADM1NAME":"Paraná","ISO_A2":"BR","POP_MAX":3084000,"POP_MIN":1498860,"LATITUDE":-25.418067,"LONGITUDE":-49.321944,"MEGACITY":1,"WORLDCITY":0},"geometry":{"type":"Point","coordinates":[-49.321944,-25.418067]}},{"type":"Feature","properties":{"NAME":"Seattle","NAMEASCII":"Seattle","ADM0NAME":"United States of America","ADM0_A3":"USA","ADM1NAME":"Washington","ISO_A2":"US","POP_MAX":3074000,"POP_MIN":569369,"LATITUDE":47.571948,"LONGITUDE":-122.341931,"MEGACITY":1,"WORLDCITY":0},"geometry":{"type":"Point","coordinates":[-122.315322,47.600423]}},{"type":"Feature","properties":{"NAME":"Zibo","NAMEASCII":"Zibo","ADM0NAME":"China","ADM0_A3":"CHN","ADM1NAME":"Shandong","ISO_A2":"CN","POP_MAX":3061000,"POP_MIN":669770,"LATITUDE":36.801934,"LONGITUDE":118.048047,"MEGACITY":1,"WORLDCITY":0},"geometry":{"type":"Point","coordinates":[117.99646,36.821365]}},{"type":"Feature","properties":{"NAME":"Jeddah","NAMEASCII":"Jeddah","ADM0NAME":"Saudi Arabia","ADM0_A3":"SAU","ADM1NAME":"Makkah","ISO_A2":"SA","POP_MAX":3012000,"POP_MIN":2867446,"LATITUDE":21.518835,"LONGITUDE":39.217252,"MEGACITY":1,"WORLDCITY":0},"geometry":{"type":"Point","coordinates":[39.217252,21.518835]}},{"type":"Feature","properties":{"NAME":"Irvine","NAMEASCII":"Irvine","ADM0NAME":"United States of America","ADM0_A3":"USA","ADM1NAME":"California","ISO_A2":"US","POP_MAX":3010232,"POP_MIN":212375,"LATITUDE":33.680411,"LONGITUDE":-117.82995,"MEGACITY":0,"WORLDCITY":0},"geometry":{"type":"Point","coordinates":[-117.82995,33.680411]}},{"type":"Feature","properties":{"NAME":"Nairobi","NAMEASCII":"Nairobi","ADM0NAME":"Kenya","ADM0_A3":"KEN","ADM1NAME":"Nairobi","ISO_A2":"KE","POP_MAX":3010000,"POP_MIN":2750547,"LATITUDE":-1.281401,"LONGITUDE":36.814711,"MEGACITY":1,"WORLDCITY":1},"geometry":{"type":"Point","coordinates":[36.814711,-1.281401]}},{"type":"Feature","properties":{"NAME":"Hangzhou","NAMEASCII":"Hangzhou","ADM0NAME":"China","ADM0_A3":"CHN","ADM1NAME":"Zhejiang","ISO_A2":"CN","POP_MAX":3007000,"POP_MIN":1878129,"LATITUDE":30.25192,"LONGITUDE":120.168073,"MEGACITY":1,"WORLDCITY":0},"geometry":{"type":"Point","coordinates":[120.168073,30.25192]}},{"type":"Feature","properties":{"NAME":"Benoni","NAMEASCII":"Benoni","ADM0NAME":"South Africa","ADM0_A3":"ZAF","ADM1NAME":"Gauteng","ISO_A2":"ZA","POP_MAX":2986000,"POP_MIN":605344,"LATITUDE":-26.147635,"LONGITUDE":28.327994,"MEGACITY":1,"WORLDCITY":0},"geometry":{"type":"Point","coordinates":[28.327994,-26.147635]}},{"type":"Feature","properties":{"NAME":"Caracas","NAMEASCII":"Caracas","ADM0NAME":"Venezuela","ADM0_A3":"VEN","ADM1NAME":"Distrito Capital","ISO_A2":"VE","POP_MAX":2985000,"POP_MIN":1815679,"LATITUDE":10.502944,"LONGITUDE":-66.918983,"MEGACITY":1,"WORLDCITY":1},"geometry":{"type":"Point","coordinates":[-66.918983,10.502944]}},{"type":"Feature","properties":{"NAME":"Milan","NAMEASCII":"Milan","ADM0NAME":"Italy","ADM0_A3":"ITA","ADM1NAME":"Lombardia","ISO_A2":"IT","POP_MAX":2945000,"POP_MIN":1306661,"LATITUDE":45.471921,"LONGITUDE":9.203063,"MEGACITY":1,"WORLDCITY":1},"geometry":{"type":"Point","coordinates":[9.203063,45.471921]}},{"type":"Feature","properties":{"NAME":"Stuttgart","NAMEASCII":"Stuttgart","ADM0NAME":"Germany","ADM0_A3":"DEU","ADM1NAME":"Baden-Württemberg","ISO_A2":"DE","POP_MAX":2944700,"POP_MIN":606588,"LATITUDE":48.77998,"LONGITUDE":9.199996,"MEGACITY":0,"WORLDCITY":0},"geometry":{"type":"Point","coordinates":[9.199996,48.77998]}},{"type":"Feature","properties":{"NAME":"Kunming","NAMEASCII":"Kunming","ADM0NAME":"China","ADM0_A3":"CHN","ADM1NAME":"Yunnan","ISO_A2":"CN","POP_MAX":2931000,"POP_MIN":1023674,"LATITUDE":25.071926,"LONGITUDE":102.678029,"MEGACITY":1,"WORLDCITY":0},"geometry":{"type":"Point","coordinates":[102.69744,25.042859]}},{"type":"Feature","properties":{"NAME":"Dar es Salaam","NAMEASCII":"Dar es Salaam","ADM0NAME":"Tanzania","ADM0_A3":"TZA","ADM1NAME":"Dar-Es-Salaam","ISO_A2":"TZ","POP_MAX":2930000,"POP_MIN":2698652,"LATITUDE":-6.798067,"LONGITUDE":39.266396,"MEGACITY":1,"WORLDCITY":0},"geometry":{"type":"Point","coordinates":[39.266396,-6.798067]}},{"type":"Feature","properties":{"NAME":"Jaipur","NAMEASCII":"Jaipur","ADM0NAME":"India","ADM0_A3":"IND","ADM1NAME":"Rajasthan","ISO_A2":"IN","POP_MAX":2917000,"POP_MIN":2711758,"LATITUDE":26.923079,"LONGITUDE":75.808042,"MEGACITY":1,"WORLDCITY":0},"geometry":{"type":"Point","coordinates":[75.808042,26.923079]}},{"type":"Feature","properties":{"NAME":"San Diego","NAMEASCII":"San Diego","ADM0NAME":"United States of America","ADM0_A3":"USA","ADM1NAME":"California","ISO_A2":"US","POP_MAX":2916000,"POP_MIN":961141,"LATITUDE":32.82197,"LONGITUDE":-117.181936,"MEGACITY":1,"WORLDCITY":0},"geometry":{"type":"Point","coordinates":[-117.150881,32.718914]}},{"type":"Feature","properties":{"NAME":"Taiyuan","NAMEASCII":"Taiyuan","ADM0NAME":"China","ADM0_A3":"CHN","ADM1NAME":"Shanxi","ISO_A2":"CN","POP_MAX":2913000,"POP_MIN":2722475,"LATITUDE":37.876958,"LONGITUDE":112.543112,"MEGACITY":1,"WORLDCITY":0},"geometry":{"type":"Point","coordinates":[112.543112,37.876958]}},{"type":"Feature","properties":{"NAME":"Frankfurt","NAMEASCII":"Frankfurt","ADM0NAME":"Germany","ADM0_A3":"DEU","ADM1NAME":"Hessen","ISO_A2":"DE","POP_MAX":2895000,"POP_MIN":679664,"LATITUDE":50.099977,"LONGITUDE":8.675015,"MEGACITY":0,"WORLDCITY":1},"geometry":{"type":"Point","coordinates":[8.675015,50.099977]}},{"type":"Feature","properties":{"NAME":"Qingdao","NAMEASCII":"Qingdao","ADM0NAME":"China","ADM0_A3":"CHN","ADM1NAME":"Shandong","ISO_A2":"CN","POP_MAX":2866000,"POP_MIN":1642245,"LATITUDE":36.091925,"LONGITUDE":120.328063,"MEGACITY":1,"WORLDCITY":0},"geometry":{"type":"Point","coordinates":[120.328063,36.091925]}},{"type":"Feature","properties":{"NAME":"Surabaya","NAMEASCII":"Surabaya","ADM0NAME":"Indonesia","ADM0_A3":"IDN","ADM1NAME":"Jawa Timur","ISO_A2":"ID","POP_MAX":2845000,"POP_MIN":2374658,"LATITUDE":-7.24729,"LONGITUDE":112.748887,"MEGACITY":1,"WORLDCITY":0},"geometry":{"type":"Point","coordinates":[112.748887,-7.24729]}},{"type":"Feature","properties":{"NAME":"Lisbon","NAMEASCII":"Lisbon","ADM0NAME":"Portugal","ADM0_A3":"PRT","ADM1NAME":"Lisboa","ISO_A2":"PT","POP_MAX":2812000,"POP_MIN":517802,"LATITUDE":38.724669,"LONGITUDE":-9.146812,"MEGACITY":1,"WORLDCITY":1},"geometry":{"type":"Point","coordinates":[-9.146812,38.724669]}},{"type":"Feature","properties":{"NAME":"Jinan","NAMEASCII":"Jinan","ADM0NAME":"China","ADM0_A3":"CHN","ADM1NAME":"Shandong","ISO_A2":"CN","POP_MAX":2798000,"POP_MIN":2069266,"LATITUDE":36.676928,"LONGITUDE":116.993073,"MEGACITY":1,"WORLDCITY":0},"geometry":{"type":"Point","coordinates":[116.993073,36.676928]}},{"type":"Feature","properties":{"NAME":"Fukuoka","NAMEASCII":"Fukuoka","ADM0NAME":"Japan","ADM0_A3":"JPN","ADM1NAME":"Fukuoka","ISO_A2":"JP","POP_MAX":2792000,"POP_MIN":1392289,"LATITUDE":33.596961,"LONGITUDE":130.408068,"MEGACITY":1,"WORLDCITY":0},"geometry":{"type":"Point","coordinates":[130.408068,33.596961]}},{"type":"Feature","properties":{"NAME":"Campinas","NAMEASCII":"Campinas","ADM0NAME":"Brazil","ADM0_A3":"BRA","ADM1NAME":"São Paulo","ISO_A2":"BR","POP_MAX":2791000,"POP_MIN":1031554,"LATITUDE":-22.898066,"LONGITUDE":-47.101976,"MEGACITY":1,"WORLDCITY":0},"geometry":{"type":"Point","coordinates":[-47.055885,-22.907898]}},{"type":"Feature","properties":{"NAME":"Kaohsiung","NAMEASCII":"Kaohsiung","ADM0NAME":"Taiwan","ADM0_A3":"TWN","ADM1NAME":"Kaohsiung City","ISO_A2":"TW","POP_MAX":2769072,"POP_MIN":1519711,"LATITUDE":22.633307,"LONGITUDE":120.266602,"MEGACITY":1,"WORLDCITY":0},"geometry":{"type":"Point","coordinates":[120.266602,22.633307]}},{"type":"Feature","properties":{"NAME":"Quezon City","NAMEASCII":"Quezon City","ADM0NAME":"Philippines","ADM0_A3":"PHL","ADM1NAME":"Metropolitan Manila","ISO_A2":"PH","POP_MAX":2761720,"POP_MIN":2761720,"LATITUDE":14.650435,"LONGITUDE":121.029966,"MEGACITY":0,"WORLDCITY":0},"geometry":{"type":"Point","coordinates":[121.029966,14.650435]}},{"type":"Feature","properties":{"NAME":"Katowice","NAMEASCII":"Katowice","ADM0NAME":"Poland","ADM0_A3":"POL","ADM1NAME":"Silesian","ISO_A2":"PL","POP_MAX":2746000,"POP_MIN":308724,"LATITUDE":50.260381,"LONGITUDE":19.020017,"MEGACITY":0,"WORLDCITY":0},"geometry":{"type":"Point","coordinates":[19.020017,50.26038]}},{"type":"Feature","properties":{"NAME":"Aleppo","NAMEASCII":"Aleppo","ADM0NAME":"Syria","ADM0_A3":"SYR","ADM1NAME":"Aleppo (Halab)","ISO_A2":"SY","POP_MAX":2738000,"POP_MIN":1602264,"LATITUDE":36.231917,"LONGITUDE":37.168074,"MEGACITY":1,"WORLDCITY":0},"geometry":{"type":"Point","coordinates":[37.168074,36.231917]}},{"type":"Feature","properties":{"NAME":"Durban","NAMEASCII":"Durban","ADM0NAME":"South Africa","ADM0_A3":"ZAF","ADM1NAME":"KwaZulu-Natal","ISO_A2":"ZA","POP_MAX":2729000,"POP_MIN":2729000,"LATITUDE":-29.863067,"LONGITUDE":30.978065,"MEGACITY":1,"WORLDCITY":0},"geometry":{"type":"Point","coordinates":[31.010944,-29.860662]}},{"type":"Feature","properties":{"NAME":"Kyiv","NAMEASCII":"Kiev","ADM0NAME":"Ukraine","ADM0_A3":"UKR","ADM1NAME":"Kiev","ISO_A2":"UA","POP_MAX":2709000,"POP_MIN":1662508,"LATITUDE":50.435313,"LONGITUDE":30.514682,"MEGACITY":1,"WORLDCITY":0},"geometry":{"type":"Point","coordinates":[30.514682,50.435313]}},{"type":"Feature","properties":{"NAME":"Lucknow","NAMEASCII":"Lucknow","ADM0NAME":"India","ADM0_A3":"IND","ADM1NAME":"Uttar Pradesh","ISO_A2":"IN","POP_MAX":2695000,"POP_MIN":2472011,"LATITUDE":26.856985,"LONGITUDE":80.913053,"MEGACITY":1,"WORLDCITY":0},"geometry":{"type":"Point","coordinates":[80.913053,26.856985]}},{"type":"Feature","properties":{"NAME":"Giza","NAMEASCII":"El Giza","ADM0NAME":"Egypt","ADM0_A3":"EGY","ADM1NAME":"Al Jizah","ISO_A2":"EG","POP_MAX":2681863,"POP_MIN":2681863,"LATITUDE":30.009989,"LONGITUDE":31.190024,"MEGACITY":0,"WORLDCITY":0},"geometry":{"type":"Point","coordinates":[31.190024,30.009989]}},{"type":"Feature","properties":{"NAME":"Zhengzhou","NAMEASCII":"Zhengzhou","ADM0NAME":"China","ADM0_A3":"CHN","ADM1NAME":"Henan","ISO_A2":"CN","POP_MAX":2636000,"POP_MIN":2014125,"LATITUDE":34.756942,"LONGITUDE":113.663147,"MEGACITY":1,"WORLDCITY":0},"geometry":{"type":"Point","coordinates":[113.663147,34.756942]}},{"type":"Feature","properties":{"NAME":"Taichung","NAMEASCII":"Taichung","ADM0NAME":"Taiwan","ADM0_A3":"TWN","ADM1NAME":"Taichung City","ISO_A2":"TW","POP_MAX":2629323,"POP_MIN":1040725,"LATITUDE":24.152078,"LONGITUDE":120.681667,"MEGACITY":1,"WORLDCITY":0},"geometry":{"type":"Point","coordinates":[120.681667,24.152078]}},{"type":"Feature","properties":{"NAME":"Ibadan","NAMEASCII":"Ibadan","ADM0NAME":"Nigeria","ADM0_A3":"NGA","ADM1NAME":"Oyo","ISO_A2":"NG","POP_MAX":2628000,"POP_MIN":1814570,"LATITUDE":7.381972,"LONGITUDE":3.928036,"MEGACITY":1,"WORLDCITY":0},"geometry":{"type":"Point","coordinates":[3.928036,7.381972]}},{"type":"Feature","properties":{"NAME":"Faisalabad","NAMEASCII":"Faisalabad","ADM0NAME":"Pakistan","ADM0_A3":"PAK","ADM1NAME":"Punjab","ISO_A2":"PK","POP_MAX":2617000,"POP_MIN":2506595,"LATITUDE":31.411927,"LONGITUDE":73.108051,"MEGACITY":1,"WORLDCITY":0},"geometry":{"type":"Point","coordinates":[73.108051,31.411927]}},{"type":"Feature","properties":{"NAME":"Minneapolis","NAMEASCII":"Minneapolis","ADM0NAME":"United States of America","ADM0_A3":"USA","ADM1NAME":"Minnesota","ISO_A2":"US","POP_MAX":2616000,"POP_MIN":367773,"LATITUDE":44.981925,"LONGITUDE":-93.253732,"MEGACITY":1,"WORLDCITY":0},"geometry":{"type":"Point","coordinates":[-93.253732,44.981925]}},{"type":"Feature","properties":{"NAME":"Fuzhou","NAMEASCII":"Fuzhou","ADM0NAME":"China","ADM0_A3":"CHN","ADM1NAME":"Fujian","ISO_A2":"CN","POP_MAX":2606000,"POP_MIN":1179720,"LATITUDE":26.081942,"LONGITUDE":119.2981,"MEGACITY":1,"WORLDCITY":0},"geometry":{"type":"Point","coordinates":[119.2981,26.081942]}},{"type":"Feature","properties":{"NAME":"Changsha","NAMEASCII":"Changsha","ADM0NAME":"China","ADM0_A3":"CHN","ADM1NAME":"Hunan","ISO_A2":"CN","POP_MAX":2604000,"POP_MIN":2073938,"LATITUDE":28.201916,"LONGITUDE":112.968047,"MEGACITY":1,"WORLDCITY":0},"geometry":{"type":"Point","coordinates":[112.968047,28.201916]}},{"type":"Feature","properties":{"NAME":"Dakar","NAMEASCII":"Dakar","ADM0NAME":"Senegal","ADM0_A3":"SEN","ADM1NAME":"Dakar","ISO_A2":"SN","POP_MAX":2604000,"POP_MIN":2476400,"LATITUDE":14.717778,"LONGITUDE":-17.475076,"MEGACITY":1,"WORLDCITY":0},"geometry":{"type":"Point","coordinates":[-17.475076,14.717778]}},{"type":"Feature","properties":{"NAME":"İzmir","NAMEASCII":"Izmir","ADM0NAME":"Turkey","ADM0_A3":"TUR","ADM1NAME":"Izmir","ISO_A2":"TR","POP_MAX":2587000,"POP_MIN":2322818,"LATITUDE":38.438096,"LONGITUDE":27.149848,"MEGACITY":1,"WORLDCITY":0},"geometry":{"type":"Point","coordinates":[27.149848,38.438096]}},{"type":"Feature","properties":{"NAME":"Xiangtan","NAMEASCII":"Xiangtan","ADM0NAME":"China","ADM0_A3":"CHN","ADM1NAME":"Hunan","ISO_A2":"CN","POP_MAX":2586948,"POP_MIN":1779960,"LATITUDE":27.850431,"LONGITUDE":112.900023,"MEGACITY":0,"WORLDCITY":0},"geometry":{"type":"Point","coordinates":[112.900023,27.850431]}},{"type":"Feature","properties":{"NAME":"Lanzhou","NAMEASCII":"Lanzhou","ADM0NAME":"China","ADM0_A3":"CHN","ADM1NAME":"Gansu","ISO_A2":"CN","POP_MAX":2561000,"POP_MIN":2004218,"LATITUDE":36.057974,"LONGITUDE":103.790054,"MEGACITY":1,"WORLDCITY":0},"geometry":{"type":"Point","coordinates":[103.790054,36.057974]}},{"type":"Feature","properties":{"NAME":"Incheon","NAMEASCII":"Incheon","ADM0NAME":"South Korea","ADM0_A3":"KOR","ADM1NAME":"Inch'on-gwangyoksi","ISO_A2":"KR","POP_MAX":2550000,"POP_MIN":2550000,"LATITUDE":37.478094,"LONGITUDE":126.640288,"MEGACITY":1,"WORLDCITY":0},"geometry":{"type":"Point","coordinates":[126.640288,37.478094]}},{"type":"Feature","properties":{"NAME":"Sapporo","NAMEASCII":"Sapporo","ADM0NAME":"Japan","ADM0_A3":"JPN","ADM1NAME":"Hokkaido","ISO_A2":"JP","POP_MAX":2544000,"POP_MIN":1861786,"LATITUDE":43.076925,"LONGITUDE":141.338099,"MEGACITY":1,"WORLDCITY":0},"geometry":{"type":"Point","coordinates":[141.338099,43.076925]}},{"type":"Feature","properties":{"NAME":"Xiamen","NAMEASCII":"Xiamen","ADM0NAME":"China","ADM0_A3":"CHN","ADM1NAME":"Fujian","ISO_A2":"CN","POP_MAX":2519000,"POP_MIN":578337,"LATITUDE":24.451938,"LONGITUDE":118.078071,"MEGACITY":1,"WORLDCITY":0},"geometry":{"type":"Point","coordinates":[118.078071,24.451938]}},{"type":"Feature","properties":{"NAME":"Guayaquil","NAMEASCII":"Guayaquil","ADM0NAME":"Ecuador","ADM0_A3":"ECU","ADM1NAME":"Guayas","ISO_A2":"EC","POP_MAX":2514000,"POP_MIN":1952029,"LATITUDE":-2.218088,"LONGITUDE":-79.921988,"MEGACITY":1,"WORLDCITY":0},"geometry":{"type":"Point","coordinates":[-79.921988,-2.218088]}},{"type":"Feature","properties":{"NAME":"George Town","NAMEASCII":"George Town","ADM0NAME":"Malaysia","ADM0_A3":"MYS","ADM1NAME":"Pulau Pinang","ISO_A2":"MY","POP_MAX":2500000,"POP_MIN":720202,"LATITUDE":5.413613,"LONGITUDE":100.329368,"MEGACITY":0,"WORLDCITY":0},"geometry":{"type":"Point","coordinates":[100.329368,5.413613]}},{"type":"Feature","properties":{"NAME":"San Juan","NAMEASCII":"San Juan","ADM0NAME":"Puerto Rico","ADM0_A3":"PRI","ADM1NAME":null,"ISO_A2":"PR","POP_MAX":2478905,"POP_MIN":395326,"LATITUDE":18.440023,"LONGITUDE":-66.129979,"MEGACITY":1,"WORLDCITY":0},"geometry":{"type":"Point","coordinates":[-66.129979,18.440023]}},{"type":"Feature","properties":{"NAME":"Mashhad","NAMEASCII":"Mashhad","ADM0NAME":"Iran","ADM0_A3":"IRN","ADM1NAME":"Razavi Khorasan","ISO_A2":"IR","POP_MAX":2469000,"POP_MIN":2167253,"LATITUDE":36.271966,"LONGITUDE":59.568051,"MEGACITY":1,"WORLDCITY":0},"geometry":{"type":"Point","coordinates":[59.568051,36.271966]}},{"type":"Feature","properties":{"NAME":"Damascus","NAMEASCII":"Damascus","ADM0NAME":"Syria","ADM0_A3":"SYR","ADM1NAME":"Damascus","ISO_A2":"SY","POP_MAX":2466000,"POP_MIN":2466000,"LATITUDE":33.50198,"LONGITUDE":36.29805,"MEGACITY":1,"WORLDCITY":0},"geometry":{"type":"Point","coordinates":[36.29805,33.50198]}},{"type":"Feature","properties":{"NAME":"Daegu","NAMEASCII":"Daegu","ADM0NAME":"South Korea","ADM0_A3":"KOR","ADM1NAME":"Taegu-gwangyoksi","ISO_A2":"KR","POP_MAX":2460000,"POP_MIN":2460000,"LATITUDE":35.868735,"LONGITUDE":128.605026,"MEGACITY":1,"WORLDCITY":0},"geometry":{"type":"Point","coordinates":[128.605026,35.868735]}},{"type":"Feature","properties":{"NAME":"Nagpur","NAMEASCII":"Nagpur","ADM0NAME":"India","ADM0_A3":"IND","ADM1NAME":"Maharashtra","ISO_A2":"IN","POP_MAX":2454000,"POP_MIN":2228018,"LATITUDE":21.171906,"LONGITUDE":79.088048,"MEGACITY":1,"WORLDCITY":0},"geometry":{"type":"Point","coordinates":[79.088048,21.171906]}},{"type":"Feature","properties":{"NAME":"Jinxi","NAMEASCII":"Jinxi","ADM0NAME":"China","ADM0_A3":"CHN","ADM1NAME":"Liaoning","ISO_A2":"CN","POP_MAX":2426000,"POP_MIN":313247,"LATITUDE":40.752287,"LONGITUDE":120.828033,"MEGACITY":1,"WORLDCITY":0},"geometry":{"type":"Point","coordinates":[120.828033,40.752287]}},{"type":"Feature","properties":{"NAME":"Shijiazhuang","NAMEASCII":"Shijiazhuang","ADM0NAME":"China","ADM0_A3":"CHN","ADM1NAME":"Hebei","ISO_A2":"CN","POP_MAX":2417000,"POP_MIN":1992474,"LATITUDE":38.051961,"LONGITUDE":114.478033,"MEGACITY":1,"WORLDCITY":0},"geometry":{"type":"Point","coordinates":[114.478032,38.05196]}},{"type":"Feature","properties":{"NAME":"Tunis","NAMEASCII":"Tunis","ADM0NAME":"Tunisia","ADM0_A3":"TUN","ADM1NAME":"Tunis","ISO_A2":"TN","POP_MAX":2412500,"POP_MIN":728453,"LATITUDE":36.802778,"LONGITUDE":10.179678,"MEGACITY":0,"WORLDCITY":0},"geometry":{"type":"Point","coordinates":[10.179678,36.802778]}},{"type":"Feature","properties":{"NAME":"Vienna","NAMEASCII":"Vienna","ADM0NAME":"Austria","ADM0_A3":"AUT","ADM1NAME":"Wien","ISO_A2":"AT","POP_MAX":2400000,"POP_MIN":1731000,"LATITUDE":48.201961,"LONGITUDE":16.364693,"MEGACITY":1,"WORLDCITY":1},"geometry":{"type":"Point","coordinates":[16.364693,48.201961]}},{"type":"Feature","properties":{"NAME":"Jilin","NAMEASCII":"Jilin","ADM0NAME":"China","ADM0_A3":"CHN","ADM1NAME":"Jilin","ISO_A2":"CN","POP_MAX":2396000,"POP_MIN":1881977,"LATITUDE":43.851917,"LONGITUDE":126.548097,"MEGACITY":1,"WORLDCITY":0},"geometry":{"type":"Point","coordinates":[126.548097,43.851917]}},{"type":"Feature","properties":{"NAME":"Omdurman","NAMEASCII":"Omdurman","ADM0NAME":"Sudan","ADM0_A3":"SDN","ADM1NAME":"Khartoum","ISO_A2":"SD","POP_MAX":2395159,"POP_MIN":2183698,"LATITUDE":15.616681,"LONGITUDE":32.480022,"MEGACITY":0,"WORLDCITY":0},"geometry":{"type":"Point","coordinates":[32.480022,15.616681]}},{"type":"Feature","properties":{"NAME":"Bandung","NAMEASCII":"Bandung","ADM0NAME":"Indonesia","ADM0_A3":"IDN","ADM1NAME":"Jawa Barat","ISO_A2":"ID","POP_MAX":2394000,"POP_MIN":1699719,"LATITUDE":-6.948083,"LONGITUDE":107.568067,"MEGACITY":1,"WORLDCITY":0},"geometry":{"type":"Point","coordinates":[107.568067,-6.948083]}},{"type":"Feature","properties":{"NAME":"Bekasi","NAMEASCII":"Bekasi","ADM0NAME":"Indonesia","ADM0_A3":"IDN","ADM1NAME":"Jakarta Raya","ISO_A2":"ID","POP_MAX":2378211,"POP_MIN":1520119,"LATITUDE":-6.217258,"LONGITUDE":106.972323,"MEGACITY":0,"WORLDCITY":0},"geometry":{"type":"Point","coordinates":[106.972323,-6.217257]}},{"type":"Feature","properties":{"NAME":"Mannheim","NAMEASCII":"Mannheim","ADM0NAME":"Germany","ADM0_A3":"DEU","ADM1NAME":"Baden-Württemberg","ISO_A2":"DE","POP_MAX":2362000,"POP_MIN":313174,"LATITUDE":49.500375,"LONGITUDE":8.470015,"MEGACITY":0,"WORLDCITY":0},"geometry":{"type":"Point","coordinates":[8.470015,49.500375]}},{"type":"Feature","properties":{"NAME":"Wenzhou","NAMEASCII":"Wenzhou","ADM0NAME":"China","ADM0_A3":"CHN","ADM1NAME":"Zhejiang","ISO_A2":"CN","POP_MAX":2350000,"POP_MIN":865672,"LATITUDE":28.021927,"LONGITUDE":120.648147,"MEGACITY":1,"WORLDCITY":0},"geometry":{"type":"Point","coordinates":[120.648147,28.021927]}},{"type":"Feature","properties":{"NAME":"Nanchang","NAMEASCII":"Nanchang","ADM0NAME":"China","ADM0_A3":"CHN","ADM1NAME":"Jiangxi","ISO_A2":"CN","POP_MAX":2350000,"POP_MIN":1871351,"LATITUDE":28.681938,"LONGITUDE":115.87805,"MEGACITY":1,"WORLDCITY":0},"geometry":{"type":"Point","coordinates":[115.87805,28.681938]}},{"type":"Feature","properties":{"NAME":"Tampa","NAMEASCII":"Tampa","ADM0NAME":"United States of America","ADM0_A3":"USA","ADM1NAME":"Florida","ISO_A2":"US","POP_MAX":2314000,"POP_MIN":324465,"LATITUDE":27.948934,"LONGITUDE":-82.460567,"MEGACITY":1,"WORLDCITY":0},"geometry":{"type":"Point","coordinates":[-82.460567,27.948934]}},{"type":"Feature","properties":{"NAME":"Vancouver","NAMEASCII":"Vancouver","ADM0NAME":"Canada","ADM0_A3":"CAN","ADM1NAME":"British Columbia","ISO_A2":"CA","POP_MAX":2313328,"POP_MIN":603502,"LATITUDE":49.275362,"LONGITUDE":-123.12359,"MEGACITY":1,"WORLDCITY":0},"geometry":{"type":"Point","coordinates":[-123.12359,49.275362]}},{"type":"Feature","properties":{"NAME":"Denver","NAMEASCII":"Denver","ADM0NAME":"United States of America","ADM0_A3":"USA","ADM1NAME":"Colorado","ISO_A2":"US","POP_MAX":2313000,"POP_MIN":1548599,"LATITUDE":39.741134,"LONGITUDE":-104.985962,"MEGACITY":1,"WORLDCITY":0},"geometry":{"type":"Point","coordinates":[-104.985962,39.741134]}},{"type":"Feature","properties":{"NAME":"Birmingham","NAMEASCII":"Birmingham","ADM0NAME":"United Kingdom","ADM0_A3":"GBR","ADM1NAME":"West Midlands","ISO_A2":"GB","POP_MAX":2285000,"POP_MIN":984333,"LATITUDE":52.47692,"LONGITUDE":-1.921943,"MEGACITY":1,"WORLDCITY":0},"geometry":{"type":"Point","coordinates":[-1.921943,52.47692]}},{"type":"Feature","properties":{"NAME":"Baltimore","NAMEASCII":"Baltimore","ADM0NAME":"United States of America","ADM0_A3":"USA","ADM1NAME":"Maryland","ISO_A2":"US","POP_MAX":2255000,"POP_MIN":610892,"LATITUDE":39.301936,"LONGITUDE":-76.621931,"MEGACITY":1,"WORLDCITY":0},"geometry":{"type":"Point","coordinates":[-76.614582,39.281516]}},{"type":"Feature","properties":{"NAME":"Cali","NAMEASCII":"Cali","ADM0NAME":"Colombia","ADM0_A3":"COL","ADM1NAME":"Valle del Cauca","ISO_A2":"CO","POP_MAX":2254000,"POP_MIN":2178836,"LATITUDE":3.401905,"LONGITUDE":-76.501912,"MEGACITY":1,"WORLDCITY":0},"geometry":{"type":"Point","coordinates":[-76.501912,3.401905]}},{"type":"Feature","properties":{"NAME":"Sendai","NAMEASCII":"Sendai","ADM0NAME":"Japan","ADM0_A3":"JPN","ADM1NAME":"Miyagi","ISO_A2":"JP","POP_MAX":2250000,"POP_MIN":1037562,"LATITUDE":38.289052,"LONGITUDE":141.019772,"MEGACITY":1,"WORLDCITY":0},"geometry":{"type":"Point","coordinates":[140.869667,38.268441]}},{"type":"Feature","properties":{"NAME":"Naples","NAMEASCII":"Naples","ADM0NAME":"Italy","ADM0_A3":"ITA","ADM1NAME":"Campania","ISO_A2":"IT","POP_MAX":2250000,"POP_MIN":988972,"LATITUDE":40.841971,"LONGITUDE":14.243066,"MEGACITY":1,"WORLDCITY":0},"geometry":{"type":"Point","coordinates":[14.243066,40.841971]}},{"type":"Feature","properties":{"NAME":"Manchester","NAMEASCII":"Manchester","ADM0NAME":"United Kingdom","ADM0_A3":"GBR","ADM1NAME":"Manchester","ISO_A2":"GB","POP_MAX":2230000,"POP_MIN":395515,"LATITUDE":53.502361,"LONGITUDE":-2.249933,"MEGACITY":1,"WORLDCITY":0},"geometry":{"type":"Point","coordinates":[-2.248685,53.47532]}},{"type":"Feature","properties":{"NAME":"St. Louis","NAMEASCII":"St. Louis","ADM0NAME":"United States of America","ADM0_A3":"USA","ADM1NAME":"Missouri","ISO_A2":"US","POP_MAX":2199000,"POP_MIN":320916,"LATITUDE":38.636964,"LONGITUDE":-90.241926,"MEGACITY":1,"WORLDCITY":0},"geometry":{"type":"Point","coordinates":[-90.241926,38.636964]}},{"type":"Feature","properties":{"NAME":"Puebla","NAMEASCII":"Puebla","ADM0NAME":"Mexico","ADM0_A3":"MEX","ADM1NAME":"Puebla","ISO_A2":"MX","POP_MAX":2195000,"POP_MIN":1392099,"LATITUDE":19.051906,"LONGITUDE":-98.201983,"MEGACITY":1,"WORLDCITY":0},"geometry":{"type":"Point","coordinates":[-98.203737,19.032594]}},{"type":"Feature","properties":{"NAME":"Tripoli","NAMEASCII":"Tripoli","ADM0NAME":"Libya","ADM0_A3":"LBY","ADM1NAME":"Tajura' wa an Nawahi al Arba","ISO_A2":"LY","POP_MAX":2189000,"POP_MIN":229398,"LATITUDE":32.8925,"LONGITUDE":13.180012,"MEGACITY":1,"WORLDCITY":0},"geometry":{"type":"Point","coordinates":[13.180012,32.8925]}},{"type":"Feature","properties":{"NAME":"Tashkent","NAMEASCII":"Tashkent","ADM0NAME":"Uzbekistan","ADM0_A3":"UZB","ADM1NAME":"Tashkent","ISO_A2":"UZ","POP_MAX":2184000,"POP_MIN":1978028,"LATITUDE":41.313648,"LONGITUDE":69.292987,"MEGACITY":1,"WORLDCITY":0},"geometry":{"type":"Point","coordinates":[69.268823,41.303828]}},{"type":"Feature","properties":{"NAME":"Nanchong","NAMEASCII":"Nanchong","ADM0NAME":"China","ADM0_A3":"CHN","ADM1NAME":"Sichuan","ISO_A2":"CN","POP_MAX":2174000,"POP_MIN":2174000,"LATITUDE":30.782378,"LONGITUDE":106.128051,"MEGACITY":1,"WORLDCITY":0},"geometry":{"type":"Point","coordinates":[106.128051,30.782378]}},{"type":"Feature","properties":{"NAME":"Havana","NAMEASCII":"Havana","ADM0NAME":"Cuba","ADM0_A3":"CUB","ADM1NAME":"Ciudad de la Habana","ISO_A2":"CU","POP_MAX":2174000,"POP_MIN":1990917,"LATITUDE":23.133905,"LONGITUDE":-82.366128,"MEGACITY":1,"WORLDCITY":0},"geometry":{"type":"Point","coordinates":[-82.366128,23.133905]}},{"type":"Feature","properties":{"NAME":"Nanning","NAMEASCII":"Nanning","ADM0NAME":"China","ADM0_A3":"CHN","ADM1NAME":"Guangxi","ISO_A2":"CN","POP_MAX":2167000,"POP_MIN":803788,"LATITUDE":22.821934,"LONGITUDE":108.318099,"MEGACITY":1,"WORLDCITY":0},"geometry":{"type":"Point","coordinates":[108.318099,22.821934]}},{"type":"Feature","properties":{"NAME":"Belém","NAMEASCII":"Belem","ADM0NAME":"Brazil","ADM0_A3":"BRA","ADM1NAME":"Pará","ISO_A2":"BR","POP_MAX":2167000,"POP_MIN":1407737,"LATITUDE":-1.448057,"LONGITUDE":-48.481969,"MEGACITY":1,"WORLDCITY":0},"geometry":{"type":"Point","coordinates":[-48.481969,-1.448057]}},{"type":"Feature","properties":{"NAME":"Patna","NAMEASCII":"Patna","ADM0NAME":"India","ADM0_A3":"IND","ADM1NAME":"Bihar","ISO_A2":"IN","POP_MAX":2158000,"POP_MIN":1599920,"LATITUDE":25.626905,"LONGITUDE":85.128093,"MEGACITY":1,"WORLDCITY":0},"geometry":{"type":"Point","coordinates":[85.128093,25.626905]}},{"type":"Feature","properties":{"NAME":"Santo Domingo","NAMEASCII":"Santo Domingo","ADM0NAME":"Dominican Republic","ADM0_A3":"DOM","ADM1NAME":"Distrito Nacional","ISO_A2":"DO","POP_MAX":2154000,"POP_MIN":2873,"LATITUDE":18.472019,"LONGITUDE":-69.902031,"MEGACITY":1,"WORLDCITY":0},"geometry":{"type":"Point","coordinates":[-69.929742,18.470745]}},{"type":"Feature","properties":{"NAME":"Zaozhuang","NAMEASCII":"Zaozhuang","ADM0NAME":"China","ADM0_A3":"CHN","ADM1NAME":"Shandong","ISO_A2":"CN","POP_MAX":2145000,"POP_MIN":183665,"LATITUDE":34.881947,"LONGITUDE":117.568077,"MEGACITY":1,"WORLDCITY":0},"geometry":{"type":"Point","coordinates":[117.568077,34.881947]}},{"type":"Feature","properties":{"NAME":"Baku","NAMEASCII":"Baku","ADM0NAME":"Azerbaijan","ADM0_A3":"AZE","ADM1NAME":"Baki","ISO_A2":"AZ","POP_MAX":2122300,"POP_MIN":1892000,"LATITUDE":40.397218,"LONGITUDE":49.860271,"MEGACITY":1,"WORLDCITY":0},"geometry":{"type":"Point","coordinates":[49.860271,40.397218]}},{"type":"Feature","properties":{"NAME":"Accra","NAMEASCII":"Accra","ADM0NAME":"Ghana","ADM0_A3":"GHA","ADM1NAME":"Greater Accra","ISO_A2":"GH","POP_MAX":2121000,"POP_MIN":1963264,"LATITUDE":5.551981,"LONGITUDE":-0.218662,"MEGACITY":1,"WORLDCITY":0},"geometry":{"type":"Point","coordinates":[-0.218662,5.55198]}},{"type":"Feature","properties":{"NAME":"Yantai","NAMEASCII":"Yantai","ADM0NAME":"China","ADM0_A3":"CHN","ADM1NAME":"Shandong","ISO_A2":"CN","POP_MAX":2116000,"POP_MIN":719332,"LATITUDE":37.532354,"LONGITUDE":121.398075,"MEGACITY":1,"WORLDCITY":0},"geometry":{"type":"Point","coordinates":[121.398075,37.532354]}},{"type":"Feature","properties":{"NAME":"Medan","NAMEASCII":"Medan","ADM0NAME":"Indonesia","ADM0_A3":"IDN","ADM1NAME":"Sumatera Utara","ISO_A2":"ID","POP_MAX":2115000,"POP_MIN":1750971,"LATITUDE":3.58192,"LONGITUDE":98.648094,"MEGACITY":1,"WORLDCITY":0},"geometry":{"type":"Point","coordinates":[98.648094,3.58192]}},{"type":"Feature","properties":{"NAME":"Santa Cruz","NAMEASCII":"Santa Cruz","ADM0NAME":"Bolivia","ADM0_A3":"BOL","ADM1NAME":"Santa Cruz","ISO_A2":"BO","POP_MAX":2102998,"POP_MIN":1616063,"LATITUDE":-17.751972,"LONGITUDE":-63.227942,"MEGACITY":1,"WORLDCITY":0},"geometry":{"type":"Point","coordinates":[-63.227942,-17.751972]}},{"type":"Feature","properties":{"NAME":"Xuzhou","NAMEASCII":"Xuzhou","ADM0NAME":"China","ADM0_A3":"CHN","ADM1NAME":"Jiangsu","ISO_A2":"CN","POP_MAX":2091000,"POP_MIN":1199193,"LATITUDE":34.281958,"LONGITUDE":117.178074,"MEGACITY":1,"WORLDCITY":0},"geometry":{"type":"Point","coordinates":[117.178074,34.281958]}},{"type":"Feature","properties":{"NAME":"Linyi","NAMEASCII":"Linyi","ADM0NAME":"China","ADM0_A3":"CHN","ADM1NAME":"Shandong","ISO_A2":"CN","POP_MAX":2082000,"POP_MIN":270669,"LATITUDE":35.081935,"LONGITUDE":118.32803,"MEGACITY":1,"WORLDCITY":0},"geometry":{"type":"Point","coordinates":[118.32803,35.081935]}},{"type":"Feature","properties":{"NAME":"Maracaibo","NAMEASCII":"Maracaibo","ADM0NAME":"Venezuela","ADM0_A3":"VEN","ADM1NAME":"Zulia","ISO_A2":"VE","POP_MAX":2072000,"POP_MIN":1457300,"LATITUDE":10.731923,"LONGITUDE":-71.661924,"MEGACITY":1,"WORLDCITY":0},"geometry":{"type":"Point","coordinates":[-71.661924,10.731923]}},{"type":"Feature","properties":{"NAME":"Kuwait City","NAMEASCII":"Kuwait City","ADM0NAME":"Kuwait","ADM0_A3":"KWT","ADM1NAME":"Al Kuwayt","ISO_A2":"KW","POP_MAX":2063000,"POP_MIN":60064,"LATITUDE":29.371664,"LONGITUDE":47.976355,"MEGACITY":1,"WORLDCITY":0},"geometry":{"type":"Point","coordinates":[47.976355,29.371664]}},{"type":"Feature","properties":{"NAME":"Dammam","NAMEASCII":"Ad Damman","ADM0NAME":"Saudi Arabia","ADM0_A3":"SAU","ADM1NAME":"Ash Sharqiyah","ISO_A2":"SA","POP_MAX":2054710,"POP_MIN":768602,"LATITUDE":26.430138,"LONGITUDE":50.097725,"MEGACITY":1,"WORLDCITY":0},"geometry":{"type":"Point","coordinates":[50.097724,26.430138]}},{"type":"Feature","properties":{"NAME":"Haikou","NAMEASCII":"Haikou","ADM0NAME":"China","ADM0_A3":"CHN","ADM1NAME":"Hainan","ISO_A2":"CN","POP_MAX":2046189,"POP_MIN":1167428,"LATITUDE":20.050002,"LONGITUDE":110.320026,"MEGACITY":0,"WORLDCITY":0},"geometry":{"type":"Point","coordinates":[110.320026,20.050002]}},{"type":"Feature","properties":{"NAME":"Hiroshima","NAMEASCII":"Hiroshima","ADM0NAME":"Japan","ADM0_A3":"JPN","ADM1NAME":"Hiroshima","ISO_A2":"JP","POP_MAX":2045000,"POP_MIN":1143841,"LATITUDE":34.389781,"LONGITUDE":132.440967,"MEGACITY":1,"WORLDCITY":0},"geometry":{"type":"Point","coordinates":[132.440967,34.389781]}},{"type":"Feature","properties":{"NAME":"Fort Lauderdale","NAMEASCII":"Fort Lauderdale","ADM0NAME":"United States of America","ADM0_A3":"USA","ADM1NAME":"Florida","ISO_A2":"US","POP_MAX":2042042,"POP_MIN":165521,"LATITUDE":26.136065,"LONGITUDE":-80.141786,"MEGACITY":0,"WORLDCITY":0},"geometry":{"type":"Point","coordinates":[-80.141785,26.136065]}},{"type":"Feature","properties":{"NAME":"Long Beach","NAMEASCII":"Long Beach","ADM0NAME":"United States of America","ADM0_A3":"USA","ADM1NAME":"California","ISO_A2":"US","POP_MAX":2036134,"POP_MIN":462257,"LATITUDE":33.786967,"LONGITUDE":-118.158044,"MEGACITY":0,"WORLDCITY":0},"geometry":{"type":"Point","coordinates":[-118.200337,33.777018]}},{"type":"Feature","properties":{"NAME":"Baotou","NAMEASCII":"Baotou","ADM0NAME":"China","ADM0_A3":"CHN","ADM1NAME":"Nei Mongol","ISO_A2":"CN","POP_MAX":2036000,"POP_MIN":423329,"LATITUDE":40.654153,"LONGITUDE":109.820074,"MEGACITY":1,"WORLDCITY":0},"geometry":{"type":"Point","coordinates":[109.820074,40.654153]}},{"type":"Feature","properties":{"NAME":"Hefei","NAMEASCII":"Hefei","ADM0NAME":"China","ADM0_A3":"CHN","ADM1NAME":"Anhui","ISO_A2":"CN","POP_MAX":2035000,"POP_MIN":1388904,"LATITUDE":31.851977,"LONGITUDE":117.278068,"MEGACITY":1,"WORLDCITY":0},"geometry":{"type":"Point","coordinates":[117.278068,31.851977]}},{"type":"Feature","properties":{"NAME":"Indore","NAMEASCII":"Indore","ADM0NAME":"India","ADM0_A3":"IND","ADM1NAME":"Madhya Pradesh","ISO_A2":"IN","POP_MAX":2026000,"POP_MIN":1837041,"LATITUDE":22.717005,"LONGITUDE":75.863077,"MEGACITY":1,"WORLDCITY":0},"geometry":{"type":"Point","coordinates":[75.863077,22.717005]}},{"type":"Feature","properties":{"NAME":"Goiânia","NAMEASCII":"Goiania","ADM0NAME":"Brazil","ADM0_A3":"BRA","ADM1NAME":"Goiás","ISO_A2":"BR","POP_MAX":2022000,"POP_MIN":1171195,"LATITUDE":-16.718081,"LONGITUDE":-49.301971,"MEGACITY":1,"WORLDCITY":0},"geometry":{"type":"Point","coordinates":[-49.301971,-16.718081]}},{"type":"Feature","properties":{"NAME":"Sanaa","NAMEASCII":"Sanaa","ADM0NAME":"Yemen","ADM0_A3":"YEM","ADM1NAME":"Amanat Al Asimah","ISO_A2":"YE","POP_MAX":2008000,"POP_MIN":1835853,"LATITUDE":15.356679,"LONGITUDE":44.204648,"MEGACITY":1,"WORLDCITY":0},"geometry":{"type":"Point","coordinates":[44.204648,15.356679]}},{"type":"Feature","properties":{"NAME":"Port-au-Prince","NAMEASCII":"Port-au-Prince","ADM0NAME":"Haiti","ADM0_A3":"HTI","ADM1NAME":"Ouest","ISO_A2":"HT","POP_MAX":1998000,"POP_MIN":1234742,"LATITUDE":18.542971,"LONGITUDE":-72.33798,"MEGACITY":1,"WORLDCITY":0},"geometry":{"type":"Point","coordinates":[-72.33798,18.54297]}},{"type":"Feature","properties":{"NAME":"Haiphong","NAMEASCII":"Haiphong","ADM0NAME":"Vietnam","ADM0_A3":"VNM","ADM1NAME":"Qu?ng Ninh","ISO_A2":"VN","POP_MAX":1969000,"POP_MIN":602695,"LATITUDE":20.831952,"LONGITUDE":106.678147,"MEGACITY":1,"WORLDCITY":0},"geometry":{"type":"Point","coordinates":[106.678147,20.831952]}},{"type":"Feature","properties":{"NAME":"Suzhou","NAMEASCII":"Suzhou","ADM0NAME":"China","ADM0_A3":"CHN","ADM1NAME":"Anhui","ISO_A2":"CN","POP_MAX":1964000,"POP_MIN":1964000,"LATITUDE":33.638057,"LONGITUDE":116.976943,"MEGACITY":1,"WORLDCITY":0},"geometry":{"type":"Point","coordinates":[116.976943,33.638057]}},{"type":"Feature","properties":{"NAME":"Nanyang","NAMEASCII":"Nanyang","ADM0NAME":"China","ADM0_A3":"CHN","ADM1NAME":"Henan","ISO_A2":"CN","POP_MAX":1944000,"POP_MIN":251532,"LATITUDE":33.002346,"LONGITUDE":112.528074,"MEGACITY":1,"WORLDCITY":0},"geometry":{"type":"Point","coordinates":[112.528074,33.002346]}},{"type":"Feature","properties":{"NAME":"Bucharest","NAMEASCII":"Bucharest","ADM0NAME":"Romania","ADM0_A3":"ROU","ADM1NAME":"Bucharest","ISO_A2":"RO","POP_MAX":1942000,"POP_MIN":1742194,"LATITUDE":44.435318,"LONGITUDE":26.098001,"MEGACITY":1,"WORLDCITY":1},"geometry":{"type":"Point","coordinates":[26.098001,44.435318]}},{"type":"Feature","properties":{"NAME":"Ningbo","NAMEASCII":"Ningbo","ADM0NAME":"China","ADM0_A3":"CHN","ADM1NAME":"Zhejiang","ISO_A2":"CN","POP_MAX":1923000,"POP_MIN":719867,"LATITUDE":29.881917,"LONGITUDE":121.548092,"MEGACITY":1,"WORLDCITY":0},"geometry":{"type":"Point","coordinates":[121.548092,29.881917]}},{"type":"Feature","properties":{"NAME":"Douala","NAMEASCII":"Douala","ADM0NAME":"Cameroon","ADM0_A3":"CMR","ADM1NAME":"Littoral","ISO_A2":"CM","POP_MAX":1906000,"POP_MIN":1338082,"LATITUDE":4.062356,"LONGITUDE":9.708045,"MEGACITY":1,"WORLDCITY":0},"geometry":{"type":"Point","coordinates":[9.708045,4.062356]}},{"type":"Feature","properties":{"NAME":"Cleveland","NAMEASCII":"Cleveland","ADM0NAME":"United States of America","ADM0_A3":"USA","ADM1NAME":"Ohio","ISO_A2":"US","POP_MAX":1890000,"POP_MIN":449514,"LATITUDE":41.471933,"LONGITUDE":-81.696944,"MEGACITY":1,"WORLDCITY":0},"geometry":{"type":"Point","coordinates":[-81.696944,41.471933]}},{"type":"Feature","properties":{"NAME":"Tangshan","NAMEASCII":"Tangshan","ADM0NAME":"China","ADM0_A3":"CHN","ADM1NAME":"Hebei","ISO_A2":"CN","POP_MAX":1879000,"POP_MIN":1596949,"LATITUDE":39.626283,"LONGITUDE":118.192431,"MEGACITY":1,"WORLDCITY":0},"geometry":{"type":"Point","coordinates":[118.192431,39.626283]}},{"type":"Feature","properties":{"NAME":"Tainan","NAMEASCII":"Tainan","ADM0NAME":"Taiwan","ADM0_A3":"TWN","ADM1NAME":"Tainan City","ISO_A2":"TW","POP_MAX":1876312,"POP_MIN":762000,"LATITUDE":23.000003,"LONGITUDE":120.200043,"MEGACITY":1,"WORLDCITY":0},"geometry":{"type":"Point","coordinates":[120.200043,23.000003]}},{"type":"Feature","properties":{"NAME":"Portland","NAMEASCII":"Portland","ADM0NAME":"United States of America","ADM0_A3":"USA","ADM1NAME":"Oregon","ISO_A2":"US","POP_MAX":1875000,"POP_MIN":540513,"LATITUDE":45.52197,"LONGITUDE":-122.681936,"MEGACITY":1,"WORLDCITY":0},"geometry":{"type":"Point","coordinates":[-122.681936,45.52197]}},{"type":"Feature","properties":{"NAME":"Datong","NAMEASCII":"Datong","ADM0NAME":"China","ADM0_A3":"CHN","ADM1NAME":"Shanxi","ISO_A2":"CN","POP_MAX":1873000,"POP_MIN":1052678,"LATITUDE":40.081966,"LONGITUDE":113.298053,"MEGACITY":1,"WORLDCITY":0},"geometry":{"type":"Point","coordinates":[113.298053,40.081966]}},{"type":"Feature","properties":{"NAME":"Asunción","NAMEASCII":"Asuncion","ADM0NAME":"Paraguay","ADM0_A3":"PRY","ADM1NAME":"Asunción","ISO_A2":"PY","POP_MAX":1870000,"POP_MIN":11693,"LATITUDE":-25.294457,"LONGITUDE":-57.643451,"MEGACITY":1,"WORLDCITY":0},"geometry":{"type":"Point","coordinates":[-57.625834,-25.290671]}},{"type":"Feature","properties":{"NAME":"Saidu","NAMEASCII":"Saidu","ADM0NAME":"Pakistan","ADM0_A3":"PAK","ADM1NAME":"N.W.F.P.","ISO_A2":"PK","POP_MAX":1860310,"POP_MIN":1860310,"LATITUDE":34.750035,"LONGITUDE":72.349992,"MEGACITY":0,"WORLDCITY":0},"geometry":{"type":"Point","coordinates":[72.349992,34.750035]}},{"type":"Feature","properties":{"NAME":"Brisbane","NAMEASCII":"Brisbane","ADM0NAME":"Australia","ADM0_A3":"AUS","ADM1NAME":"Queensland","ISO_A2":"AU","POP_MAX":1860000,"POP_MIN":926353,"LATITUDE":-27.453085,"LONGITUDE":153.033147,"MEGACITY":1,"WORLDCITY":0},"geometry":{"type":"Point","coordinates":[153.033147,-27.453085]}},{"type":"Feature","properties":{"NAME":"Rawalpindi","NAMEASCII":"Rawalpindi","ADM0NAME":"Pakistan","ADM0_A3":"PAK","ADM1NAME":"Punjab","ISO_A2":"PK","POP_MAX":1858000,"POP_MIN":1743101,"LATITUDE":33.601922,"LONGITUDE":73.038081,"MEGACITY":1,"WORLDCITY":0},"geometry":{"type":"Point","coordinates":[73.067502,33.591002]}},{"type":"Feature","properties":{"NAME":"Beirut","NAMEASCII":"Beirut","ADM0NAME":"Lebanon","ADM0_A3":"LBN","ADM1NAME":"Beirut","ISO_A2":"LB","POP_MAX":1846000,"POP_MIN":1712125,"LATITUDE":33.873921,"LONGITUDE":35.507762,"MEGACITY":1,"WORLDCITY":0},"geometry":{"type":"Point","coordinates":[35.507762,33.873921]}},{"type":"Feature","properties":{"NAME":"Pittsburgh","NAMEASCII":"Pittsburgh","ADM0NAME":"United States of America","ADM0_A3":"USA","ADM1NAME":"Pennsylvania","ISO_A2":"US","POP_MAX":1838000,"POP_MIN":1232535,"LATITUDE":40.431945,"LONGITUDE":-80.001931,"MEGACITY":1,"WORLDCITY":0},"geometry":{"type":"Point","coordinates":[-80.001931,40.431945]}},{"type":"Feature","properties":{"NAME":"Las Vegas","NAMEASCII":"Las Vegas","ADM0NAME":"United States of America","ADM0_A3":"USA","ADM1NAME":"Nevada","ISO_A2":"US","POP_MAX":1823000,"POP_MIN":478434,"LATITUDE":36.211944,"LONGITUDE":-115.221952,"MEGACITY":1,"WORLDCITY":0},"geometry":{"type":"Point","coordinates":[-115.151362,36.164763]}},{"type":"Feature","properties":{"NAME":"Kyoto","NAMEASCII":"Kyoto","ADM0NAME":"Japan","ADM0_A3":"JPN","ADM1NAME":"Kyoto","ISO_A2":"JP","POP_MAX":1805000,"POP_MIN":1459640,"LATITUDE":35.031938,"LONGITUDE":135.748052,"MEGACITY":1,"WORLDCITY":0},"geometry":{"type":"Point","coordinates":[135.748052,35.031938]}},{"type":"Feature","properties":{"NAME":"Minsk","NAMEASCII":"Minsk","ADM0NAME":"Belarus","ADM0_A3":"BLR","ADM1NAME":"Minsk","ISO_A2":"BY","POP_MAX":1805000,"POP_MIN":1577138,"LATITUDE":53.901923,"LONGITUDE":27.564681,"MEGACITY":1,"WORLDCITY":0},"geometry":{"type":"Point","coordinates":[27.564681,53.901923]}},{"type":"Feature","properties":{"NAME":"Barranquilla","NAMEASCII":"Barranquilla","ADM0NAME":"Colombia","ADM0_A3":"COL","ADM1NAME":"Atlántico","ISO_A2":"CO","POP_MAX":1798000,"POP_MIN":1244491,"LATITUDE":10.961935,"LONGITUDE":-74.801913,"MEGACITY":1,"WORLDCITY":0},"geometry":{"type":"Point","coordinates":[-74.801913,10.961934]}},{"type":"Feature","properties":{"NAME":"Shuyang","NAMEASCII":"Shuyang","ADM0NAME":"China","ADM0_A3":"CHN","ADM1NAME":"Jiangsu","ISO_A2":"CN","POP_MAX":1770000,"POP_MIN":1770000,"LATITUDE":34.129866,"LONGITUDE":118.77336,"MEGACITY":0,"WORLDCITY":0},"geometry":{"type":"Point","coordinates":[118.77336,34.129866]}},{"type":"Feature","properties":{"NAME":"Valencia","NAMEASCII":"Valencia","ADM0NAME":"Venezuela","ADM0_A3":"VEN","ADM1NAME":"Carabobo","ISO_A2":"VE","POP_MAX":1770000,"POP_MIN":1369053,"LATITUDE":10.231927,"LONGITUDE":-67.981967,"MEGACITY":1,"WORLDCITY":0},"geometry":{"type":"Point","coordinates":[-67.981967,10.231927]}},{"type":"Feature","properties":{"NAME":"Hamburg","NAMEASCII":"Hamburg","ADM0NAME":"Germany","ADM0_A3":"DEU","ADM1NAME":"Hamburg","ISO_A2":"DE","POP_MAX":1757000,"POP_MIN":1739117,"LATITUDE":53.551971,"LONGITUDE":9.998053,"MEGACITY":1,"WORLDCITY":1},"geometry":{"type":"Point","coordinates":[9.998053,53.551971]}},{"type":"Feature","properties":{"NAME":"Vadodara","NAMEASCII":"Vadodara","ADM0NAME":"India","ADM0_A3":"IND","ADM1NAME":"Dadra and Nagar Haveli","ISO_A2":"IN","POP_MAX":1756000,"POP_MIN":1409476,"LATITUDE":22.311965,"LONGITUDE":73.178073,"MEGACITY":1,"WORLDCITY":0},"geometry":{"type":"Point","coordinates":[73.178073,22.311965]}},{"type":"Feature","properties":{"NAME":"Shangqiu","NAMEASCII":"Shangqiu","ADM0NAME":"China","ADM0_A3":"CHN","ADM1NAME":"Henan","ISO_A2":"CN","POP_MAX":1753000,"POP_MIN":181218,"LATITUDE":34.452361,"LONGITUDE":115.64809,"MEGACITY":1,"WORLDCITY":0},"geometry":{"type":"Point","coordinates":[115.64961,34.412942]}},{"type":"Feature","properties":{"NAME":"Manaus","NAMEASCII":"Manaus","ADM0NAME":"Brazil","ADM0_A3":"BRA","ADM1NAME":"Amazonas","ISO_A2":"BR","POP_MAX":1753000,"POP_MIN":1520244,"LATITUDE":-3.098086,"LONGITUDE":-60.001963,"MEGACITY":1,"WORLDCITY":0},"geometry":{"type":"Point","coordinates":[-60.001963,-3.098086]}},{"type":"Feature","properties":{"NAME":"Wuxi","NAMEASCII":"Wuxi","ADM0NAME":"China","ADM0_A3":"CHN","ADM1NAME":"Jiangsu","ISO_A2":"CN","POP_MAX":1749000,"POP_MIN":1108647,"LATITUDE":31.581942,"LONGITUDE":120.298039,"MEGACITY":1,"WORLDCITY":0},"geometry":{"type":"Point","coordinates":[120.298039,31.581942]}},{"type":"Feature","properties":{"NAME":"Palembang","NAMEASCII":"Palembang","ADM0NAME":"Indonesia","ADM0_A3":"IDN","ADM1NAME":"Sumatera Selatan","ISO_A2":"ID","POP_MAX":1749000,"POP_MIN":1441500,"LATITUDE":-2.978093,"LONGITUDE":104.748084,"MEGACITY":1,"WORLDCITY":0},"geometry":{"type":"Point","coordinates":[104.748084,-2.978093]}},{"type":"Feature","properties":{"NAME":"San Bernardino","NAMEASCII":"San Bernardino","ADM0NAME":"United States of America","ADM0_A3":"USA","ADM1NAME":"California","ISO_A2":"US","POP_MAX":1745000,"POP_MIN":202381,"LATITUDE":34.12233,"LONGITUDE":-117.30198,"MEGACITY":1,"WORLDCITY":0},"geometry":{"type":"Point","coordinates":[-117.30198,34.12233]}},{"type":"Feature","properties":{"NAME":"Brussels","NAMEASCII":"Brussels","ADM0NAME":"Belgium","ADM0_A3":"BEL","ADM1NAME":"Brussels","ISO_A2":"BE","POP_MAX":1743000,"POP_MIN":1019022,"LATITUDE":50.835263,"LONGITUDE":4.331371,"MEGACITY":1,"WORLDCITY":1},"geometry":{"type":"Point","coordinates":[4.331371,50.835263]}},{"type":"Feature","properties":{"NAME":"Essen","NAMEASCII":"Essen","ADM0NAME":"Germany","ADM0_A3":"DEU","ADM1NAME":"Nordrhein-Westfalen","ISO_A2":"DE","POP_MAX":1742135,"POP_MIN":573468,"LATITUDE":51.449998,"LONGITUDE":7.016615,"MEGACITY":0,"WORLDCITY":0},"geometry":{"type":"Point","coordinates":[7.016615,51.449998]}},{"type":"Feature","properties":{"NAME":"Bhopal","NAMEASCII":"Bhopal","ADM0NAME":"India","ADM0_A3":"IND","ADM1NAME":"Madhya Pradesh","ISO_A2":"IN","POP_MAX":1727000,"POP_MIN":1599914,"LATITUDE":23.251934,"LONGITUDE":77.408047,"MEGACITY":1,"WORLDCITY":0},"geometry":{"type":"Point","coordinates":[77.408047,23.251934]}},{"type":"Feature","properties":{"NAME":"Hohhot","NAMEASCII":"Hohhot","ADM0NAME":"China","ADM0_A3":"CHN","ADM1NAME":"Nei Mongol","ISO_A2":"CN","POP_MAX":1726000,"POP_MIN":774477,"LATITUDE":40.821921,"LONGITUDE":111.65805,"MEGACITY":1,"WORLDCITY":0},"geometry":{"type":"Point","coordinates":[111.65805,40.821921]}},{"type":"Feature","properties":{"NAME":"Luoyang","NAMEASCII":"Luoyang","ADM0NAME":"China","ADM0_A3":"CHN","ADM1NAME":"Henan","ISO_A2":"CN","POP_MAX":1715000,"POP_MIN":1390581,"LATITUDE":34.681934,"LONGITUDE":112.468129,"MEGACITY":1,"WORLDCITY":0},"geometry":{"type":"Point","coordinates":[112.444471,34.64377]}},{"type":"Feature","properties":{"NAME":"Santos","NAMEASCII":"Santos","ADM0NAME":"Brazil","ADM0_A3":"BRA","ADM1NAME":"São Paulo","ISO_A2":"BR","POP_MAX":1709000,"POP_MIN":411403,"LATITUDE":-23.951778,"LONGITUDE":-46.334889,"MEGACITY":1,"WORLDCITY":0},"geometry":{"type":"Point","coordinates":[-46.328496,-23.961836]}},{"type":"Feature","properties":{"NAME":"Jianmen","NAMEASCII":"Jianmen","ADM0NAME":"China","ADM0_A3":"CHN","ADM1NAME":"Hubei","ISO_A2":"CN","POP_MAX":1708000,"POP_MIN":167750,"LATITUDE":30.651999,"LONGITUDE":113.158061,"MEGACITY":1,"WORLDCITY":0},"geometry":{"type":"Point","coordinates":[113.158061,30.651999]}},{"type":"Feature","properties":{"NAME":"Warsaw","NAMEASCII":"Warsaw","ADM0NAME":"Poland","ADM0_A3":"POL","ADM1NAME":"Masovian","ISO_A2":"PL","POP_MAX":1707000,"POP_MIN":1702139,"LATITUDE":52.251947,"LONGITUDE":20.998054,"MEGACITY":1,"WORLDCITY":1},"geometry":{"type":"Point","coordinates":[21.005347,52.230872]}},{"type":"Feature","properties":{"NAME":"Rabat","NAMEASCII":"Rabat","ADM0NAME":"Morocco","ADM0_A3":"MAR","ADM1NAME":"Rabat - Salé - Zemmour - Zaer","ISO_A2":"MA","POP_MAX":1705000,"POP_MIN":1655753,"LATITUDE":34.025307,"LONGITUDE":-6.836408,"MEGACITY":1,"WORLDCITY":0},"geometry":{"type":"Point","coordinates":[-6.836408,34.025307]}},{"type":"Feature","properties":{"NAME":"Vitória","NAMEASCII":"Vitoria","ADM0NAME":"Brazil","ADM0_A3":"BRA","ADM1NAME":"Espírito Santo","ISO_A2":"BR","POP_MAX":1704000,"POP_MIN":312656,"LATITUDE":-20.322047,"LONGITUDE":-40.367942,"MEGACITY":1,"WORLDCITY":0},"geometry":{"type":"Point","coordinates":[-40.353943,-20.332042]}},{"type":"Feature","properties":{"NAME":"Quito","NAMEASCII":"Quito","ADM0NAME":"Ecuador","ADM0_A3":"ECU","ADM1NAME":"Pichincha","ISO_A2":"EC","POP_MAX":1701000,"POP_MIN":1399814,"LATITUDE":-0.213042,"LONGITUDE":-78.501997,"MEGACITY":1,"WORLDCITY":0},"geometry":{"type":"Point","coordinates":[-78.501997,-0.213042]}},{"type":"Feature","properties":{"NAME":"Antananarivo","NAMEASCII":"Antananarivo","ADM0NAME":"Madagascar","ADM0_A3":"MDG","ADM1NAME":"Antananarivo","ISO_A2":"MG","POP_MAX":1697000,"POP_MIN":1391433,"LATITUDE":-18.914692,"LONGITUDE":47.514678,"MEGACITY":1,"WORLDCITY":0},"geometry":{"type":"Point","coordinates":[47.514678,-18.914691]}},{"type":"Feature","properties":{"NAME":"Coimbatore","NAMEASCII":"Coimbatore","ADM0NAME":"India","ADM0_A3":"IND","ADM1NAME":"Tamil Nadu","ISO_A2":"IN","POP_MAX":1696000,"POP_MIN":959823,"LATITUDE":11.001906,"LONGITUDE":76.948075,"MEGACITY":1,"WORLDCITY":0},"geometry":{"type":"Point","coordinates":[76.948075,11.001906]}},{"type":"Feature","properties":{"NAME":"Daqing","NAMEASCII":"Daqing","ADM0NAME":"China","ADM0_A3":"CHN","ADM1NAME":"Heilongjiang","ISO_A2":"CN","POP_MAX":1693000,"POP_MIN":203488,"LATITUDE":46.581905,"LONGITUDE":124.998062,"MEGACITY":1,"WORLDCITY":0},"geometry":{"type":"Point","coordinates":[124.998062,46.581905]}},{"type":"Feature","properties":{"NAME":"Luan","NAMEASCII":"Luan","ADM0NAME":"China","ADM0_A3":"CHN","ADM1NAME":"Anhui","ISO_A2":"CN","POP_MAX":1690000,"POP_MIN":1126455,"LATITUDE":31.752293,"LONGITUDE":116.478066,"MEGACITY":1,"WORLDCITY":0},"geometry":{"type":"Point","coordinates":[116.478065,31.752293]}},{"type":"Feature","properties":{"NAME":"Wanzhou","NAMEASCII":"Wanzhou","ADM0NAME":"China","ADM0_A3":"CHN","ADM1NAME":"Chongqing","ISO_A2":"CN","POP_MAX":1680000,"POP_MIN":1680000,"LATITUDE":30.819991,"LONGITUDE":108.400039,"MEGACITY":0,"WORLDCITY":0},"geometry":{"type":"Point","coordinates":[108.400039,30.819991]}},{"type":"Feature","properties":{"NAME":"Budapest","NAMEASCII":"Budapest","ADM0NAME":"Hungary","ADM0_A3":"HUN","ADM1NAME":"Budapest","ISO_A2":"HU","POP_MAX":1679000,"POP_MIN":1679000,"LATITUDE":47.501952,"LONGITUDE":19.081375,"MEGACITY":1,"WORLDCITY":1},"geometry":{"type":"Point","coordinates":[19.081375,47.501952]}},{"type":"Feature","properties":{"NAME":"San Jose","NAMEASCII":"San Jose","ADM0NAME":"United States of America","ADM0_A3":"USA","ADM1NAME":"California","ISO_A2":"US","POP_MAX":1668000,"POP_MIN":894943,"LATITUDE":37.301929,"LONGITUDE":-121.851935,"MEGACITY":1,"WORLDCITY":0},"geometry":{"type":"Point","coordinates":[-121.888179,37.330943]}},{"type":"Feature","properties":{"NAME":"Turin","NAMEASCII":"Turin","ADM0NAME":"Italy","ADM0_A3":"ITA","ADM1NAME":"Piemonte","ISO_A2":"IT","POP_MAX":1652000,"POP_MIN":865263,"LATITUDE":45.072333,"LONGITUDE":7.668015,"MEGACITY":1,"WORLDCITY":0},"geometry":{"type":"Point","coordinates":[7.668015,45.072333]}},{"type":"Feature","properties":{"NAME":"Suzhou","NAMEASCII":"Suzhou","ADM0NAME":"China","ADM0_A3":"CHN","ADM1NAME":"Jiangsu","ISO_A2":"CN","POP_MAX":1650000,"POP_MIN":1343091,"LATITUDE":31.302424,"LONGITUDE":120.618071,"MEGACITY":1,"WORLDCITY":0},"geometry":{"type":"Point","coordinates":[120.618071,31.302424]}},{"type":"Feature","properties":{"NAME":"Ludhiana","NAMEASCII":"Ludhiana","ADM0NAME":"India","ADM0_A3":"IND","ADM1NAME":"Punjab","ISO_A2":"IN","POP_MAX":1649000,"POP_MIN":1545368,"LATITUDE":30.929708,"LONGITUDE":75.870312,"MEGACITY":1,"WORLDCITY":0},"geometry":{"type":"Point","coordinates":[75.870312,30.929708]}},{"type":"Feature","properties":{"NAME":"Kumasi","NAMEASCII":"Kumasi","ADM0NAME":"Ghana","ADM0_A3":"GHA","ADM1NAME":"Ashanti","ISO_A2":"GH","POP_MAX":1646000,"POP_MIN":1291151,"LATITUDE":6.691937,"LONGITUDE":-1.63196,"MEGACITY":1,"WORLDCITY":0},"geometry":{"type":"Point","coordinates":[-1.63196,6.691937]}},{"type":"Feature","properties":{"NAME":"Qiqihar","NAMEASCII":"Qiqihar","ADM0NAME":"China","ADM0_A3":"CHN","ADM1NAME":"Heilongjiang","ISO_A2":"CN","POP_MAX":1641000,"POP_MIN":882364,"LATITUDE":47.346923,"LONGITUDE":123.988046,"MEGACITY":1,"WORLDCITY":0},"geometry":{"type":"Point","coordinates":[123.988046,47.346923]}},{"type":"Feature","properties":{"NAME":"Anshan","NAMEASCII":"Anshan","ADM0NAME":"China","ADM0_A3":"CHN","ADM1NAME":"Liaoning","ISO_A2":"CN","POP_MAX":1639000,"POP_MIN":1199275,"LATITUDE":41.116967,"LONGITUDE":122.938085,"MEGACITY":1,"WORLDCITY":0},"geometry":{"type":"Point","coordinates":[122.938085,41.116967]}},{"type":"Feature","properties":{"NAME":"Cincinnati","NAMEASCII":"Cincinnati","ADM0NAME":"United States of America","ADM0_A3":"USA","ADM1NAME":"Ohio","ISO_A2":"US","POP_MAX":1636000,"POP_MIN":306382,"LATITUDE":39.163831,"LONGITUDE":-84.458869,"MEGACITY":1,"WORLDCITY":0},"geometry":{"type":"Point","coordinates":[-84.458868,39.163831]}},{"type":"Feature","properties":{"NAME":"Zhongli","NAMEASCII":"Zhongli","ADM0NAME":"Taiwan","ADM0_A3":"TWN","ADM1NAME":"Taoyuan","ISO_A2":"TW","POP_MAX":1632616,"POP_MIN":369770,"LATITUDE":24.965025,"LONGITUDE":121.216777,"MEGACITY":0,"WORLDCITY":0},"geometry":{"type":"Point","coordinates":[121.216776,24.965025]}},{"type":"Feature","properties":{"NAME":"Handan","NAMEASCII":"Handan","ADM0NAME":"China","ADM0_A3":"CHN","ADM1NAME":"Hebei","ISO_A2":"CN","POP_MAX":1631000,"POP_MIN":1358318,"LATITUDE":36.581921,"LONGITUDE":114.478033,"MEGACITY":1,"WORLDCITY":0},"geometry":{"type":"Point","coordinates":[114.478032,36.581921]}},{"type":"Feature","properties":{"NAME":"Taian","NAMEASCII":"Taian","ADM0NAME":"China","ADM0_A3":"CHN","ADM1NAME":"Shandong","ISO_A2":"CN","POP_MAX":1629000,"POP_MIN":1629000,"LATITUDE":36.201944,"LONGITUDE":117.11813,"MEGACITY":1,"WORLDCITY":0},"geometry":{"type":"Point","coordinates":[117.11813,36.201944]}},{"type":"Feature","properties":{"NAME":"Isfahan","NAMEASCII":"Isfahan","ADM0NAME":"Iran","ADM0_A3":"IRN","ADM1NAME":"Esfahan","ISO_A2":"IR","POP_MAX":1628000,"POP_MIN":1517766,"LATITUDE":32.701951,"LONGITUDE":51.698092,"MEGACITY":1,"WORLDCITY":0},"geometry":{"type":"Point","coordinates":[51.698092,32.701951]}},{"type":"Feature","properties":{"NAME":"Yaoundé","NAMEASCII":"Yaounde","ADM0NAME":"Cameroon","ADM0_A3":"CMR","ADM1NAME":"Centre","ISO_A2":"CM","POP_MAX":1611000,"POP_MIN":1060587,"LATITUDE":3.868647,"LONGITUDE":11.514705,"MEGACITY":1,"WORLDCITY":0},"geometry":{"type":"Point","coordinates":[11.514705,3.868647]}},{"type":"Feature","properties":{"NAME":"Sacramento","NAMEASCII":"Sacramento","ADM0NAME":"United States of America","ADM0_A3":"USA","ADM1NAME":"California","ISO_A2":"US","POP_MAX":1604000,"POP_MIN":467898,"LATITUDE":38.576967,"LONGITUDE":-121.471984,"MEGACITY":1,"WORLDCITY":0},"geometry":{"type":"Point","coordinates":[-121.471984,38.576967]}},{"type":"Feature","properties":{"NAME":"Shantou","NAMEASCII":"Shantou","ADM0NAME":"China","ADM0_A3":"CHN","ADM1NAME":"Guangdong","ISO_A2":"CN","POP_MAX":1601000,"POP_MIN":1333973,"LATITUDE":23.371952,"LONGITUDE":116.66808,"MEGACITY":1,"WORLDCITY":0},"geometry":{"type":"Point","coordinates":[116.66808,23.371952]}},{"type":"Feature","properties":{"NAME":"Agra","NAMEASCII":"Agra","ADM0NAME":"India","ADM0_A3":"IND","ADM1NAME":"Uttar Pradesh","ISO_A2":"IN","POP_MAX":1592000,"POP_MIN":1430055,"LATITUDE":27.172366,"LONGITUDE":78.013075,"MEGACITY":1,"WORLDCITY":0},"geometry":{"type":"Point","coordinates":[78.013075,27.172366]}},{"type":"Feature","properties":{"NAME":"Zhanjiang","NAMEASCII":"Zhanjiang","ADM0NAME":"China","ADM0_A3":"CHN","ADM1NAME":"Guangdong","ISO_A2":"CN","POP_MAX":1590000,"POP_MIN":637790,"LATITUDE":21.20193,"LONGITUDE":110.378076,"MEGACITY":1,"WORLDCITY":0},"geometry":{"type":"Point","coordinates":[110.378076,21.20193]}},{"type":"Feature","properties":{"NAME":"La Paz","NAMEASCII":"La Paz","ADM0NAME":"Bolivia","ADM0_A3":"BOL","ADM1NAME":"La Paz","ISO_A2":"BO","POP_MAX":1590000,"POP_MIN":812799,"LATITUDE":-16.496028,"LONGITUDE":-68.151931,"MEGACITY":1,"WORLDCITY":0},"geometry":{"type":"Point","coordinates":[-68.151931,-16.496028]}},{"type":"Feature","properties":{"NAME":"Kalyan","NAMEASCII":"Kalyan","ADM0NAME":"India","ADM0_A3":"IND","ADM1NAME":"Maharashtra","ISO_A2":"IN","POP_MAX":1576614,"POP_MIN":1576614,"LATITUDE":19.250232,"LONGITUDE":73.160175,"MEGACITY":0,"WORLDCITY":0},"geometry":{"type":"Point","coordinates":[73.160175,19.250232]}},{"type":"Feature","properties":{"NAME":"Abuja","NAMEASCII":"Abuja","ADM0NAME":"Nigeria","ADM0_A3":"NGA","ADM1NAME":"Federal Capital Territory","ISO_A2":"NG","POP_MAX":1576000,"POP_MIN":162135,"LATITUDE":9.085279,"LONGITUDE":7.531382,"MEGACITY":1,"WORLDCITY":0},"geometry":{"type":"Point","coordinates":[7.489505,9.05462]}},{"type":"Feature","properties":{"NAME":"Harare","NAMEASCII":"Harare","ADM0NAME":"Zimbabwe","ADM0_A3":"ZWE","ADM1NAME":"Harare","ISO_A2":"ZW","POP_MAX":1572000,"POP_MIN":1542813,"LATITUDE":-17.815844,"LONGITUDE":31.042764,"MEGACITY":1,"WORLDCITY":0},"geometry":{"type":"Point","coordinates":[31.042764,-17.815844]}},{"type":"Feature","properties":{"NAME":"Xiantao","NAMEASCII":"Xiantao","ADM0NAME":"China","ADM0_A3":"CHN","ADM1NAME":"Hubei","ISO_A2":"CN","POP_MAX":1556000,"POP_MIN":239406,"LATITUDE":30.372352,"LONGITUDE":113.438096,"MEGACITY":1,"WORLDCITY":0},"geometry":{"type":"Point","coordinates":[113.438096,30.372352]}},{"type":"Feature","properties":{"NAME":"Weifang","NAMEASCII":"Weifang","ADM0NAME":"China","ADM0_A3":"CHN","ADM1NAME":"Shandong","ISO_A2":"CN","POP_MAX":1553000,"POP_MIN":394732,"LATITUDE":36.722352,"LONGITUDE":119.098164,"MEGACITY":1,"WORLDCITY":0},"geometry":{"type":"Point","coordinates":[119.155626,36.702285]}},{"type":"Feature","properties":{"NAME":"Khulna","NAMEASCII":"Khulna","ADM0NAME":"Bangladesh","ADM0_A3":"BGD","ADM1NAME":"Khulna","ISO_A2":"BD","POP_MAX":1553000,"POP_MIN":1342339,"LATITUDE":22.841933,"LONGITUDE":89.558055,"MEGACITY":1,"WORLDCITY":0},"geometry":{"type":"Point","coordinates":[89.558055,22.841933]}},{"type":"Feature","properties":{"NAME":"Tijuana","NAMEASCII":"Tijuana","ADM0NAME":"Mexico","ADM0_A3":"MEX","ADM1NAME":"Baja California","ISO_A2":"MX","POP_MAX":1553000,"POP_MIN":1376457,"LATITUDE":32.501963,"LONGITUDE":-117.081942,"MEGACITY":1,"WORLDCITY":0},"geometry":{"type":"Point","coordinates":[-117.081942,32.501963]}},{"type":"Feature","properties":{"NAME":"Santiago","NAMEASCII":"Santiago","ADM0NAME":"Dominican Republic","ADM0_A3":"DOM","ADM1NAME":"Santiago","ISO_A2":"DO","POP_MAX":1550753,"POP_MIN":1391262,"LATITUDE":19.50001,"LONGITUDE":-70.670012,"MEGACITY":0,"WORLDCITY":0},"geometry":{"type":"Point","coordinates":[-70.670012,19.50001]}},{"type":"Feature","properties":{"NAME":"Xinyang","NAMEASCII":"Xinyang","ADM0NAME":"China","ADM0_A3":"CHN","ADM1NAME":"Henan","ISO_A2":"CN","POP_MAX":1541000,"POP_MIN":1282888,"LATITUDE":32.132322,"LONGITUDE":114.068032,"MEGACITY":1,"WORLDCITY":0},"geometry":{"type":"Point","coordinates":[114.068032,32.132322]}},{"type":"Feature","properties":{"NAME":"Luzhou","NAMEASCII":"Luzhou","ADM0NAME":"China","ADM0_A3":"CHN","ADM1NAME":"Sichuan","ISO_A2":"CN","POP_MAX":1537000,"POP_MIN":1537000,"LATITUDE":28.881926,"LONGITUDE":105.378071,"MEGACITY":1,"WORLDCITY":0},"geometry":{"type":"Point","coordinates":[105.378071,28.881926]}},{"type":"Feature","properties":{"NAME":"Perth","NAMEASCII":"Perth","ADM0NAME":"Australia","ADM0_A3":"AUS","ADM1NAME":"Western Australia","ISO_A2":"AU","POP_MAX":1532000,"POP_MIN":880216,"LATITUDE":-31.953069,"LONGITUDE":115.838053,"MEGACITY":1,"WORLDCITY":0},"geometry":{"type":"Point","coordinates":[115.838053,-31.953069]}},{"type":"Feature","properties":{"NAME":"Toluca","NAMEASCII":"Toluca","ADM0NAME":"Mexico","ADM0_A3":"MEX","ADM1NAME":"México","ISO_A2":"MX","POP_MAX":1531000,"POP_MIN":505881,"LATITUDE":19.332328,"LONGITUDE":-99.671945,"MEGACITY":1,"WORLDCITY":0},"geometry":{"type":"Point","coordinates":[-99.653179,19.289308]}},{"type":"Feature","properties":{"NAME":"Leeds","NAMEASCII":"Leeds","ADM0NAME":"United Kingdom","ADM0_A3":"GBR","ADM1NAME":"West Yorkshire","ISO_A2":"GB","POP_MAX":1529000,"POP_MIN":455123,"LATITUDE":53.831953,"LONGITUDE":-1.581963,"MEGACITY":1,"WORLDCITY":0},"geometry":{"type":"Point","coordinates":[-1.551348,53.790017]}},{"type":"Feature","properties":{"NAME":"Vishakhapatnam","NAMEASCII":"Vishakhapatnam","ADM0NAME":"India","ADM0_A3":"IND","ADM1NAME":"Andhra Pradesh","ISO_A2":"IN","POP_MAX":1529000,"POP_MIN":1063178,"LATITUDE":17.731961,"LONGITUDE":83.303036,"MEGACITY":1,"WORLDCITY":0},"geometry":{"type":"Point","coordinates":[83.219848,17.682903]}},{"type":"Feature","properties":{"NAME":"Kōbe","NAMEASCII":"Kobe","ADM0NAME":"Japan","ADM0_A3":"JPN","ADM1NAME":"Hyogo","ISO_A2":"JP","POP_MAX":1528478,"POP_MIN":1528478,"LATITUDE":34.679988,"LONGITUDE":135.169982,"MEGACITY":0,"WORLDCITY":0},"geometry":{"type":"Point","coordinates":[135.169982,34.679988]}},{"type":"Feature","properties":{"NAME":"Multan","NAMEASCII":"Multan","ADM0NAME":"Pakistan","ADM0_A3":"PAK","ADM1NAME":"Punjab","ISO_A2":"PK","POP_MAX":1522000,"POP_MIN":1437230,"LATITUDE":30.201923,"LONGITUDE":71.453062,"MEGACITY":1,"WORLDCITY":0},"geometry":{"type":"Point","coordinates":[71.453062,30.201923]}},{"type":"Feature","properties":{"NAME":"Kochi","NAMEASCII":"Kochi","ADM0NAME":"India","ADM0_A3":"IND","ADM1NAME":"Kerala","ISO_A2":"IN","POP_MAX":1519000,"POP_MIN":604696,"LATITUDE":10.016953,"LONGITUDE":76.22197,"MEGACITY":1,"WORLDCITY":0},"geometry":{"type":"Point","coordinates":[76.22197,10.016953]}},{"type":"Feature","properties":{"NAME":"Gujranwala","NAMEASCII":"Gujranwala","ADM0NAME":"Pakistan","ADM0_A3":"PAK","ADM1NAME":"Punjab","ISO_A2":"PK","POP_MAX":1513000,"POP_MIN":1384471,"LATITUDE":32.162372,"LONGITUDE":74.183076,"MEGACITY":1,"WORLDCITY":0},"geometry":{"type":"Point","coordinates":[74.183076,32.162372]}},{"type":"Feature","properties":{"NAME":"Montevideo","NAMEASCII":"Montevideo","ADM0NAME":"Uruguay","ADM0_A3":"URY","ADM1NAME":"Montevideo","ISO_A2":"UY","POP_MAX":1513000,"POP_MIN":5324,"LATITUDE":-34.856096,"LONGITUDE":-56.172998,"MEGACITY":1,"WORLDCITY":0},"geometry":{"type":"Point","coordinates":[-56.186823,-34.905376]}},{"type":"Feature","properties":{"NAME":"Oakland","NAMEASCII":"Oakland","ADM0NAME":"United States of America","ADM0_A3":"USA","ADM1NAME":"California","ISO_A2":"US","POP_MAX":1510271,"POP_MIN":395817,"LATITUDE":37.768921,"LONGITUDE":-122.221103,"MEGACITY":0,"WORLDCITY":0},"geometry":{"type":"Point","coordinates":[-122.278038,37.804725]}},{"type":"Feature","properties":{"NAME":"Niterói","NAMEASCII":"Niteroi","ADM0NAME":"Brazil","ADM0_A3":"BRA","ADM1NAME":"Rio de Janeiro","ISO_A2":"BR","POP_MAX":1500513,"POP_MIN":487327,"LATITUDE":-22.900012,"LONGITUDE":-43.09999,"MEGACITY":0,"WORLDCITY":0},"geometry":{"type":"Point","coordinates":[-43.105826,-22.882534]}},{"type":"Feature","properties":{"NAME":"Ganzhou","NAMEASCII":"Ganzhou","ADM0NAME":"China","ADM0_A3":"CHN","ADM1NAME":"Jiangxi","ISO_A2":"CN","POP_MAX":1500000,"POP_MIN":932269,"LATITUDE":25.91998,"LONGITUDE":114.950027,"MEGACITY":0,"WORLDCITY":0},"geometry":{"type":"Point","coordinates":[114.950027,25.91998]}},{"type":"Feature","properties":{"NAME":"Florence","NAMEASCII":"Florence","ADM0NAME":"Italy","ADM0_A3":"ITA","ADM1NAME":"Toscana","ISO_A2":"IT","POP_MAX":1500000,"POP_MIN":371517,"LATITUDE":43.780001,"LONGITUDE":11.25,"MEGACITY":0,"WORLDCITY":0},"geometry":{"type":"Point","coordinates":[11.25,43.780001]}},{"type":"Feature","properties":{"NAME":"Liuzhou","NAMEASCII":"Liuzhou","ADM0NAME":"China","ADM0_A3":"CHN","ADM1NAME":"Guangxi","ISO_A2":"CN","POP_MAX":1497000,"POP_MIN":1375061,"LATITUDE":24.281948,"LONGITUDE":109.248068,"MEGACITY":1,"WORLDCITY":0},"geometry":{"type":"Point","coordinates":[109.413529,24.320777]}},{"type":"Feature","properties":{"NAME":"Bamako","NAMEASCII":"Bamako","ADM0NAME":"Mali","ADM0_A3":"MLI","ADM1NAME":"Bamako","ISO_A2":"ML","POP_MAX":1494000,"POP_MIN":1297281,"LATITUDE":12.651961,"LONGITUDE":-8.001985,"MEGACITY":1,"WORLDCITY":0},"geometry":{"type":"Point","coordinates":[-8.001985,12.65196]}},{"type":"Feature","properties":{"NAME":"Conakry","NAMEASCII":"Conakry","ADM0NAME":"Guinea","ADM0_A3":"GIN","ADM1NAME":"Conakry","ISO_A2":"GN","POP_MAX":1494000,"POP_MIN":1494000,"LATITUDE":9.533469,"LONGITUDE":-13.682181,"MEGACITY":1,"WORLDCITY":0},"geometry":{"type":"Point","coordinates":[-13.682181,9.533469]}},{"type":"Feature","properties":{"NAME":"Bursa","NAMEASCII":"Bursa","ADM0NAME":"Turkey","ADM0_A3":"TUR","ADM1NAME":"Bursa","ISO_A2":"TR","POP_MAX":1492000,"POP_MIN":1359089,"LATITUDE":40.201933,"LONGITUDE":29.068052,"MEGACITY":1,"WORLDCITY":0},"geometry":{"type":"Point","coordinates":[29.068052,40.201933]}},{"type":"Feature","properties":{"NAME":"Virginia Beach","NAMEASCII":"Virginia Beach","ADM0NAME":"United States of America","ADM0_A3":"USA","ADM1NAME":"Virginia","ISO_A2":"US","POP_MAX":1491000,"POP_MIN":263951,"LATITUDE":36.85516,"LONGITUDE":-75.980265,"MEGACITY":1,"WORLDCITY":0},"geometry":{"type":"Point","coordinates":[-75.980265,36.85516]}},{"type":"Feature","properties":{"NAME":"León","NAMEASCII":"Leon","ADM0NAME":"Mexico","ADM0_A3":"MEX","ADM1NAME":"Guanajuato","ISO_A2":"MX","POP_MAX":1488000,"POP_MIN":1114626,"LATITUDE":21.151933,"LONGITUDE":-101.701976,"MEGACITY":1,"WORLDCITY":0},"geometry":{"type":"Point","coordinates":[-101.701976,21.151933]}},{"type":"Feature","properties":{"NAME":"Nasik","NAMEASCII":"Nasik","ADM0NAME":"India","ADM0_A3":"IND","ADM1NAME":"Maharashtra","ISO_A2":"IN","POP_MAX":1473000,"POP_MIN":1289497,"LATITUDE":20.002365,"LONGITUDE":73.778036,"MEGACITY":1,"WORLDCITY":0},"geometry":{"type":"Point","coordinates":[73.778036,20.002365]}},{"type":"Feature","properties":{"NAME":"San Antonio","NAMEASCII":"San Antonio","ADM0NAME":"United States of America","ADM0_A3":"USA","ADM1NAME":"Texas","ISO_A2":"US","POP_MAX":1473000,"POP_MIN":1256810,"LATITUDE":29.489279,"LONGITUDE":-98.509251,"MEGACITY":1,"WORLDCITY":0},"geometry":{"type":"Point","coordinates":[-98.492693,29.419848]}},{"type":"Feature","properties":{"NAME":"Fushun","NAMEASCII":"Fushun","ADM0NAME":"China","ADM0_A3":"CHN","ADM1NAME":"Liaoning","ISO_A2":"CN","POP_MAX":1470000,"POP_MIN":1400646,"LATITUDE":41.867335,"LONGITUDE":123.868054,"MEGACITY":1,"WORLDCITY":0},"geometry":{"type":"Point","coordinates":[123.868054,41.867335]}},{"type":"Feature","properties":{"NAME":"Changde","NAMEASCII":"Changde","ADM0NAME":"China","ADM0_A3":"CHN","ADM1NAME":"Hunan","ISO_A2":"CN","POP_MAX":1469000,"POP_MIN":517780,"LATITUDE":29.031943,"LONGITUDE":111.6781,"MEGACITY":1,"WORLDCITY":0},"geometry":{"type":"Point","coordinates":[111.6781,29.031943]}},{"type":"Feature","properties":{"NAME":"Kansas City","NAMEASCII":"Kansas City","ADM0NAME":"United States of America","ADM0_A3":"USA","ADM1NAME":"Missouri","ISO_A2":"US","POP_MAX":1469000,"POP_MIN":441545,"LATITUDE":39.109034,"LONGITUDE":-94.60604,"MEGACITY":1,"WORLDCITY":0},"geometry":{"type":"Point","coordinates":[-94.60604,39.109034]}},{"type":"Feature","properties":{"NAME":"Daejeon","NAMEASCII":"Daejeon","ADM0NAME":"South Korea","ADM0_A3":"KOR","ADM1NAME":"Daejeon","ISO_A2":"KR","POP_MAX":1468000,"POP_MIN":1448330,"LATITUDE":36.337492,"LONGITUDE":127.423082,"MEGACITY":1,"WORLDCITY":0},"geometry":{"type":"Point","coordinates":[127.423082,36.337491]}},{"type":"Feature","properties":{"NAME":"Neijiang","NAMEASCII":"Neijiang","ADM0NAME":"China","ADM0_A3":"CHN","ADM1NAME":"Sichuan","ISO_A2":"CN","POP_MAX":1466000,"POP_MIN":546854,"LATITUDE":29.582323,"LONGITUDE":105.048066,"MEGACITY":1,"WORLDCITY":0},"geometry":{"type":"Point","coordinates":[105.048066,29.582323]}},{"type":"Feature","properties":{"NAME":"Phnom Penh","NAMEASCII":"Phnom Penh","ADM0NAME":"Cambodia","ADM0_A3":"KHM","ADM1NAME":"Phnom Penh","ISO_A2":"KH","POP_MAX":1466000,"POP_MIN":1466000,"LATITUDE":11.551976,"LONGITUDE":104.914689,"MEGACITY":1,"WORLDCITY":0},"geometry":{"type":"Point","coordinates":[104.914689,11.551976]}},{"type":"Feature","properties":{"NAME":"Quanzhou","NAMEASCII":"Quanzhou","ADM0NAME":"China","ADM0_A3":"CHN","ADM1NAME":"Fujian","ISO_A2":"CN","POP_MAX":1463000,"POP_MIN":184143,"LATITUDE":24.901962,"LONGITUDE":118.578041,"MEGACITY":1,"WORLDCITY":0},"geometry":{"type":"Point","coordinates":[118.578041,24.901962]}},{"type":"Feature","properties":{"NAME":"Kharkiv","NAMEASCII":"Kharkiv","ADM0NAME":"Ukraine","ADM0_A3":"UKR","ADM1NAME":"Kharkiv","ISO_A2":"UA","POP_MAX":1461000,"POP_MIN":1215127,"LATITUDE":50.001929,"LONGITUDE":36.248079,"MEGACITY":1,"WORLDCITY":0},"geometry":{"type":"Point","coordinates":[36.248079,50.001929]}},{"type":"Feature","properties":{"NAME":"Hyderabad","NAMEASCII":"Hyderabad","ADM0NAME":"Pakistan","ADM0_A3":"PAK","ADM1NAME":"Sind","ISO_A2":"PK","POP_MAX":1459000,"POP_MIN":1386330,"LATITUDE":25.381933,"LONGITUDE":68.373043,"MEGACITY":1,"WORLDCITY":0},"geometry":{"type":"Point","coordinates":[68.373043,25.381933]}},{"type":"Feature","properties":{"NAME":"Lomé","NAMEASCII":"Lome","ADM0NAME":"Togo","ADM0_A3":"TGO","ADM1NAME":"Maritime","ISO_A2":"TG","POP_MAX":1452000,"POP_MIN":749700,"LATITUDE":6.133883,"LONGITUDE":1.220811,"MEGACITY":1,"WORLDCITY":0},"geometry":{"type":"Point","coordinates":[1.220811,6.133883]}},{"type":"Feature","properties":{"NAME":"Córdoba","NAMEASCII":"Cordoba","ADM0NAME":"Argentina","ADM0_A3":"ARG","ADM1NAME":"Córdoba","ISO_A2":"AR","POP_MAX":1452000,"POP_MIN":1296935,"LATITUDE":-31.398012,"LONGITUDE":-64.18424,"MEGACITY":1,"WORLDCITY":0},"geometry":{"type":"Point","coordinates":[-64.18424,-31.398012]}},{"type":"Feature","properties":{"NAME":"Huainan","NAMEASCII":"Huainan","ADM0NAME":"China","ADM0_A3":"CHN","ADM1NAME":"Anhui","ISO_A2":"CN","POP_MAX":1451000,"POP_MIN":1027655,"LATITUDE":32.63193,"LONGITUDE":116.978035,"MEGACITY":1,"WORLDCITY":0},"geometry":{"type":"Point","coordinates":[116.978035,32.63193]}},{"type":"Feature","properties":{"NAME":"Doha","NAMEASCII":"Doha","ADM0NAME":"Qatar","ADM0_A3":"QAT","ADM1NAME":"Ad Dawhah","ISO_A2":"QA","POP_MAX":1450000,"POP_MIN":731310,"LATITUDE":25.286556,"LONGITUDE":51.532968,"MEGACITY":0,"WORLDCITY":0},"geometry":{"type":"Point","coordinates":[51.532968,25.286556]}},{"type":"Feature","properties":{"NAME":"Kuala Lumpur","NAMEASCII":"Kuala Lumpur","ADM0NAME":"Malaysia","ADM0_A3":"MYS","ADM1NAME":"Selangor","ISO_A2":"MY","POP_MAX":1448000,"POP_MIN":1448000,"LATITUDE":3.168612,"LONGITUDE":101.698037,"MEGACITY":1,"WORLDCITY":1},"geometry":{"type":"Point","coordinates":[101.688699,3.139797]}},{"type":"Feature","properties":{"NAME":"Maputo","NAMEASCII":"Maputo","ADM0NAME":"Mozambique","ADM0_A3":"MOZ","ADM1NAME":"Maputo","ISO_A2":"MZ","POP_MAX":1446000,"POP_MIN":1191613,"LATITUDE":-25.953332,"LONGITUDE":32.587217,"MEGACITY":1,"WORLDCITY":0},"geometry":{"type":"Point","coordinates":[32.587217,-25.953332]}},{"type":"Feature","properties":{"NAME":"Kaduna","NAMEASCII":"Kaduna","ADM0NAME":"Nigeria","ADM0_A3":"NGA","ADM1NAME":"Kaduna","ISO_A2":"NG","POP_MAX":1442000,"POP_MIN":940593,"LATITUDE":10.521961,"LONGITUDE":7.438055,"MEGACITY":1,"WORLDCITY":0},"geometry":{"type":"Point","coordinates":[7.438054,10.521961]}},{"type":"Feature","properties":{"NAME":"Ft.  Worth","NAMEASCII":"Ft. Worth","ADM0NAME":"United States of America","ADM0_A3":"USA","ADM1NAME":"Texas","ISO_A2":"US","POP_MAX":1440454,"POP_MIN":741206,"LATITUDE":32.739977,"LONGITUDE":-97.340038,"MEGACITY":0,"WORLDCITY":0},"geometry":{"type":"Point","coordinates":[-97.340038,32.739977]}},{"type":"Feature","properties":{"NAME":"Gwangju","NAMEASCII":"Gwangju","ADM0NAME":"South Korea","ADM0_A3":"KOR","ADM1NAME":"Kwangju-gwangyoksi","ISO_A2":"KR","POP_MAX":1440000,"POP_MIN":1416938,"LATITUDE":35.172912,"LONGITUDE":126.908488,"MEGACITY":1,"WORLDCITY":0},"geometry":{"type":"Point","coordinates":[126.908488,35.172911]}},{"type":"Feature","properties":{"NAME":"Kawasaki","NAMEASCII":"Kawasaki","ADM0NAME":"Japan","ADM0_A3":"JPN","ADM1NAME":"Kanagawa","ISO_A2":"JP","POP_MAX":1437266,"POP_MIN":1306785,"LATITUDE":35.529988,"LONGITUDE":139.705002,"MEGACITY":0,"WORLDCITY":0},"geometry":{"type":"Point","coordinates":[139.705002,35.529988]}},{"type":"Feature","properties":{"NAME":"Indianapolis","NAMEASCII":"Indianapolis","ADM0NAME":"United States of America","ADM0_A3":"USA","ADM1NAME":"Indiana","ISO_A2":"US","POP_MAX":1436000,"POP_MIN":773283,"LATITUDE":39.751934,"LONGITUDE":-86.171994,"MEGACITY":1,"WORLDCITY":0},"geometry":{"type":"Point","coordinates":[-86.171994,39.751934]}},{"type":"Feature","properties":{"NAME":"San Salvador","NAMEASCII":"San Salvador","ADM0NAME":"El Salvador","ADM0_A3":"SLV","ADM1NAME":"San Salvador","ISO_A2":"SV","POP_MAX":1433000,"POP_MIN":2807,"LATITUDE":13.711948,"LONGITUDE":-89.204987,"MEGACITY":1,"WORLDCITY":0},"geometry":{"type":"Point","coordinates":[-89.215576,13.70328]}},{"type":"Feature","properties":{"NAME":"Suining","NAMEASCII":"Suining","ADM0NAME":"China","ADM0_A3":"CHN","ADM1NAME":"Sichuan","ISO_A2":"CN","POP_MAX":1425000,"POP_MIN":1425000,"LATITUDE":30.535279,"LONGITUDE":105.531387,"MEGACITY":1,"WORLDCITY":0},"geometry":{"type":"Point","coordinates":[105.531387,30.535279]}},{"type":"Feature","properties":{"NAME":"Karaj","NAMEASCII":"Karaj","ADM0NAME":"Iran","ADM0_A3":"IRN","ADM1NAME":"Tehran","ISO_A2":"IR","POP_MAX":1423000,"POP_MIN":1423000,"LATITUDE":35.802305,"LONGITUDE":50.968059,"MEGACITY":1,"WORLDCITY":0},"geometry":{"type":"Point","coordinates":[50.968059,35.802305]}},{"type":"Feature","properties":{"NAME":"Lyon","NAMEASCII":"Lyon","ADM0NAME":"France","ADM0_A3":"FRA","ADM1NAME":"Rhône-Alpes","ISO_A2":"FR","POP_MAX":1423000,"POP_MIN":472317,"LATITUDE":45.771954,"LONGITUDE":4.828085,"MEGACITY":1,"WORLDCITY":0},"geometry":{"type":"Point","coordinates":[4.828085,45.771954]}},{"type":"Feature","properties":{"NAME":"Kampala","NAMEASCII":"Kampala","ADM0NAME":"Uganda","ADM0_A3":"UGA","ADM1NAME":"Kampala","ISO_A2":"UG","POP_MAX":1420000,"POP_MIN":1353189,"LATITUDE":0.318605,"LONGITUDE":32.581378,"MEGACITY":1,"WORLDCITY":0},"geometry":{"type":"Point","coordinates":[32.581378,0.318605]}},{"type":"Feature","properties":{"NAME":"Tabriz","NAMEASCII":"Tabriz","ADM0NAME":"Iran","ADM0_A3":"IRN","ADM1NAME":"East Azarbaijan","ISO_A2":"IR","POP_MAX":1413000,"POP_MIN":1196426,"LATITUDE":38.088237,"LONGITUDE":46.2993,"MEGACITY":1,"WORLDCITY":0},"geometry":{"type":"Point","coordinates":[46.2993,38.088237]}},{"type":"Feature","properties":{"NAME":"The Hague","NAMEASCII":"The Hague","ADM0NAME":"Netherlands","ADM0_A3":"NLD","ADM1NAME":"Zuid-Holland","ISO_A2":"NL","POP_MAX":1406000,"POP_MIN":501725,"LATITUDE":52.080037,"LONGITUDE":4.269961,"MEGACITY":0,"WORLDCITY":0},"geometry":{"type":"Point","coordinates":[4.269961,52.080037]}},{"type":"Feature","properties":{"NAME":"Davao","NAMEASCII":"Davao","ADM0NAME":"Philippines","ADM0_A3":"PHL","ADM1NAME":"Davao Del Sur","ISO_A2":"PH","POP_MAX":1402000,"POP_MIN":1212504,"LATITUDE":7.111963,"LONGITUDE":125.62805,"MEGACITY":1,"WORLDCITY":0},"geometry":{"type":"Point","coordinates":[125.62805,7.111963]}},{"type":"Feature","properties":{"NAME":"Marseille","NAMEASCII":"Marseille","ADM0NAME":"France","ADM0_A3":"FRA","ADM1NAME":"Provence-Alpes-Côte-d'Azur","ISO_A2":"FR","POP_MAX":1400000,"POP_MIN":794811,"LATITUDE":43.291925,"LONGITUDE":5.373064,"MEGACITY":1,"WORLDCITY":0},"geometry":{"type":"Point","coordinates":[5.373064,43.291925]}},{"type":"Feature","properties":{"NAME":"Meerut","NAMEASCII":"Meerut","ADM0NAME":"India","ADM0_A3":"IND","ADM1NAME":"Uttar Pradesh","ISO_A2":"IN","POP_MAX":1398000,"POP_MIN":1223184,"LATITUDE":29.002358,"LONGITUDE":77.698055,"MEGACITY":1,"WORLDCITY":0},"geometry":{"type":"Point","coordinates":[77.698055,29.002358]}},{"type":"Feature","properties":{"NAME":"Mianyang","NAMEASCII":"Mianyang","ADM0NAME":"China","ADM0_A3":"CHN","ADM1NAME":"Sichuan","ISO_A2":"CN","POP_MAX":1396000,"POP_MIN":264136,"LATITUDE":31.471923,"LONGITUDE":104.768031,"MEGACITY":1,"WORLDCITY":0},"geometry":{"type":"Point","coordinates":[104.689993,31.464828]}},{"type":"Feature","properties":{"NAME":"Semarang","NAMEASCII":"Semarang","ADM0NAME":"Indonesia","ADM0_A3":"IDN","ADM1NAME":"Jawa Tengah","ISO_A2":"ID","POP_MAX":1396000,"POP_MIN":1288084,"LATITUDE":-6.964672,"LONGITUDE":110.418074,"MEGACITY":1,"WORLDCITY":0},"geometry":{"type":"Point","coordinates":[110.418074,-6.964672]}},{"type":"Feature","properties":{"NAME":"Faridabad","NAMEASCII":"Faridabad","ADM0NAME":"India","ADM0_A3":"IND","ADM1NAME":"Haryana","ISO_A2":"IN","POP_MAX":1394000,"POP_MIN":1394000,"LATITUDE":28.435279,"LONGITUDE":77.314721,"MEGACITY":1,"WORLDCITY":0},"geometry":{"type":"Point","coordinates":[77.314721,28.435279]}},{"type":"Feature","properties":{"NAME":"Novosibirsk","NAMEASCII":"Novosibirsk","ADM0NAME":"Russia","ADM0_A3":"RUS","ADM1NAME":"Novosibirsk","ISO_A2":"RU","POP_MAX":1389000,"POP_MIN":1037201,"LATITUDE":55.031906,"LONGITUDE":82.958096,"MEGACITY":1,"WORLDCITY":0},"geometry":{"type":"Point","coordinates":[82.958096,55.031906]}},{"type":"Feature","properties":{"NAME":"Milwaukee","NAMEASCII":"Milwaukee","ADM0NAME":"United States of America","ADM0_A3":"USA","ADM1NAME":"Wisconsin","ISO_A2":"US","POP_MAX":1388000,"POP_MIN":579180,"LATITUDE":43.054601,"LONGITUDE":-87.921913,"MEGACITY":1,"WORLDCITY":0},"geometry":{"type":"Point","coordinates":[-87.916673,43.029608]}},{"type":"Feature","properties":{"NAME":"Makkah","NAMEASCII":"Makkah","ADM0NAME":"Saudi Arabia","ADM0_A3":"SAU","ADM1NAME":"Makkah","ISO_A2":"SA","POP_MAX":1385000,"POP_MIN":1323624,"LATITUDE":21.431967,"LONGITUDE":39.818094,"MEGACITY":1,"WORLDCITY":0},"geometry":{"type":"Point","coordinates":[39.818094,21.431967]}},{"type":"Feature","properties":{"NAME":"Dubai","NAMEASCII":"Dubai","ADM0NAME":"United Arab Emirates","ADM0_A3":"ARE","ADM1NAME":"Dubay","ISO_A2":"AE","POP_MAX":1379000,"POP_MIN":1137347,"LATITUDE":25.231942,"LONGITUDE":55.278029,"MEGACITY":1,"WORLDCITY":1},"geometry":{"type":"Point","coordinates":[55.286946,25.214912]}},{"type":"Feature","properties":{"NAME":"Auckland","NAMEASCII":"Auckland","ADM0NAME":"New Zealand","ADM0_A3":"NZL","ADM1NAME":"Auckland","ISO_A2":"NZ","POP_MAX":1377200,"POP_MIN":395982,"LATITUDE":-36.848055,"LONGITUDE":174.763027,"MEGACITY":1,"WORLDCITY":1},"geometry":{"type":"Point","coordinates":[174.763027,-36.848055]}},{"type":"Feature","properties":{"NAME":"Maanshan","NAMEASCII":"Maanshan","ADM0NAME":"China","ADM0_A3":"CHN","ADM1NAME":"Anhui","ISO_A2":"CN","POP_MAX":1366302,"POP_MIN":633940,"LATITUDE":31.7304,"LONGITUDE":118.480044,"MEGACITY":0,"WORLDCITY":0},"geometry":{"type":"Point","coordinates":[118.485148,31.672564]}},{"type":"Feature","properties":{"NAME":"Brazzaville","NAMEASCII":"Brazzaville","ADM0NAME":"Congo (Brazzaville)","ADM0_A3":"COG","ADM1NAME":"Pool","ISO_A2":"CG","POP_MAX":1355000,"POP_MIN":1163890,"LATITUDE":-4.25724,"LONGITUDE":15.282744,"MEGACITY":1,"WORLDCITY":0},"geometry":{"type":"Point","coordinates":[15.282744,-4.25724]}},{"type":"Feature","properties":{"NAME":"Yiyang","NAMEASCII":"Yiyang","ADM0NAME":"China","ADM0_A3":"CHN","ADM1NAME":"Hunan","ISO_A2":"CN","POP_MAX":1352000,"POP_MIN":202608,"LATITUDE":28.602356,"LONGITUDE":112.328086,"MEGACITY":1,"WORLDCITY":0},"geometry":{"type":"Point","coordinates":[112.328086,28.602356]}},{"type":"Feature","properties":{"NAME":"Lubumbashi","NAMEASCII":"Lubumbashi","ADM0NAME":"Congo (Kinshasa)","ADM0_A3":"COD","ADM1NAME":"Katanga","ISO_A2":"CD","POP_MAX":1352000,"POP_MIN":876634,"LATITUDE":-11.678079,"LONGITUDE":27.478072,"MEGACITY":1,"WORLDCITY":0},"geometry":{"type":"Point","coordinates":[27.478072,-11.678079]}},{"type":"Feature","properties":{"NAME":"Varanasi","NAMEASCII":"Varanasi","ADM0NAME":"India","ADM0_A3":"IND","ADM1NAME":"Uttar Pradesh","ISO_A2":"IN","POP_MAX":1352000,"POP_MIN":1164404,"LATITUDE":25.331936,"LONGITUDE":82.998094,"MEGACITY":1,"WORLDCITY":0},"geometry":{"type":"Point","coordinates":[82.998094,25.331936]}},{"type":"Feature","properties":{"NAME":"Orlando","NAMEASCII":"Orlando","ADM0NAME":"United States of America","ADM0_A3":"USA","ADM1NAME":"Florida","ISO_A2":"US","POP_MAX":1350000,"POP_MIN":207970,"LATITUDE":28.511923,"LONGITUDE":-81.381976,"MEGACITY":1,"WORLDCITY":0},"geometry":{"type":"Point","coordinates":[-81.381976,28.511923]}},{"type":"Feature","properties":{"NAME":"Ciudad Juárez","NAMEASCII":"Ciudad Juarez","ADM0NAME":"Mexico","ADM0_A3":"MEX","ADM1NAME":"Chihuahua","ISO_A2":"MX","POP_MAX":1343000,"POP_MIN":1343000,"LATITUDE":31.692323,"LONGITUDE":-106.491994,"MEGACITY":1,"WORLDCITY":0},"geometry":{"type":"Point","coordinates":[-106.491994,31.692323]}},{"type":"Feature","properties":{"NAME":"Ghaziabad","NAMEASCII":"Ghaziabad","ADM0NAME":"India","ADM0_A3":"IND","ADM1NAME":"Uttar Pradesh","ISO_A2":"IN","POP_MAX":1341000,"POP_MIN":1199191,"LATITUDE":28.662327,"LONGITUDE":77.406445,"MEGACITY":1,"WORLDCITY":0},"geometry":{"type":"Point","coordinates":[77.406445,28.662327]}},{"type":"Feature","properties":{"NAME":"Heze","NAMEASCII":"Heze","ADM0NAME":"China","ADM0_A3":"CHN","ADM1NAME":"Shandong","ISO_A2":"CN","POP_MAX":1338000,"POP_MIN":254602,"LATITUDE":35.231926,"LONGITUDE":115.448103,"MEGACITY":1,"WORLDCITY":0},"geometry":{"type":"Point","coordinates":[115.448103,35.231926]}},{"type":"Feature","properties":{"NAME":"Pretoria","NAMEASCII":"Pretoria","ADM0NAME":"South Africa","ADM0_A3":"ZAF","ADM1NAME":"Gauteng","ISO_A2":"ZA","POP_MAX":1338000,"POP_MIN":1338000,"LATITUDE":-25.704975,"LONGITUDE":28.227483,"MEGACITY":1,"WORLDCITY":0},"geometry":{"type":"Point","coordinates":[28.227483,-25.704975]}},{"type":"Feature","properties":{"NAME":"Porto","NAMEASCII":"Porto","ADM0NAME":"Portugal","ADM0_A3":"PRT","ADM1NAME":"Porto","ISO_A2":"PT","POP_MAX":1337000,"POP_MIN":249633,"LATITUDE":41.151952,"LONGITUDE":-8.621947,"MEGACITY":1,"WORLDCITY":0},"geometry":{"type":"Point","coordinates":[-8.621947,41.151952]}},{"type":"Feature","properties":{"NAME":"Lusaka","NAMEASCII":"Lusaka","ADM0NAME":"Zambia","ADM0_A3":"ZMB","ADM1NAME":"Lusaka","ISO_A2":"ZM","POP_MAX":1328000,"POP_MIN":1267440,"LATITUDE":-15.414698,"LONGITUDE":28.281382,"MEGACITY":1,"WORLDCITY":0},"geometry":{"type":"Point","coordinates":[28.281382,-15.414698]}},{"type":"Feature","properties":{"NAME":"Asansol","NAMEASCII":"Asansol","ADM0NAME":"India","ADM0_A3":"IND","ADM1NAME":"West Bengal","ISO_A2":"IN","POP_MAX":1328000,"POP_MIN":1328000,"LATITUDE":23.685279,"LONGITUDE":86.981387,"MEGACITY":1,"WORLDCITY":0},"geometry":{"type":"Point","coordinates":[86.981387,23.685279]}},{"type":"Feature","properties":{"NAME":"Changzhou","NAMEASCII":"Changzhou","ADM0NAME":"China","ADM0_A3":"CHN","ADM1NAME":"Jiangsu","ISO_A2":"CN","POP_MAX":1327000,"POP_MIN":949018,"LATITUDE":31.78193,"LONGITUDE":119.968033,"MEGACITY":1,"WORLDCITY":0},"geometry":{"type":"Point","coordinates":[119.968033,31.78193]}},{"type":"Feature","properties":{"NAME":"Mosul","NAMEASCII":"Mosul","ADM0NAME":"Iraq","ADM0_A3":"IRQ","ADM1NAME":"Ninawa","ISO_A2":"IQ","POP_MAX":1316000,"POP_MIN":1140934,"LATITUDE":36.346948,"LONGITUDE":43.143059,"MEGACITY":1,"WORLDCITY":0},"geometry":{"type":"Point","coordinates":[43.143059,36.346948]}},{"type":"Feature","properties":{"NAME":"Yekaterinburg","NAMEASCII":"Yekaterinburg","ADM0NAME":"Russia","ADM0_A3":"RUS","ADM1NAME":"Sverdlovsk","ISO_A2":"RU","POP_MAX":1313000,"POP_MIN":1227976,"LATITUDE":56.851976,"LONGITUDE":60.598014,"MEGACITY":1,"WORLDCITY":0},"geometry":{"type":"Point","coordinates":[60.598014,56.851976]}},{"type":"Feature","properties":{"NAME":"Peshawar","NAMEASCII":"Peshawar","ADM0NAME":"Pakistan","ADM0_A3":"PAK","ADM1NAME":"N.W.F.P.","ISO_A2":"PK","POP_MAX":1303000,"POP_MIN":1218773,"LATITUDE":34.006962,"LONGITUDE":71.533057,"MEGACITY":1,"WORLDCITY":0},"geometry":{"type":"Point","coordinates":[71.533057,34.006962]}},{"type":"Feature","properties":{"NAME":"Mandalay","NAMEASCII":"Mandalay","ADM0NAME":"Myanmar","ADM0_A3":"MMR","ADM1NAME":"Mandalay","ISO_A2":"MM","POP_MAX":1300000,"POP_MIN":1034000,"LATITUDE":21.971934,"LONGITUDE":96.083083,"MEGACITY":1,"WORLDCITY":0},"geometry":{"type":"Point","coordinates":[96.083083,21.971934]}},{"type":"Feature","properties":{"NAME":"Jamshedpur","NAMEASCII":"Jamshedpur","ADM0NAME":"India","ADM0_A3":"IND","ADM1NAME":"Jharkhand","ISO_A2":"IN","POP_MAX":1300000,"POP_MIN":616338,"LATITUDE":22.789481,"LONGITUDE":86.195573,"MEGACITY":1,"WORLDCITY":0},"geometry":{"type":"Point","coordinates":[86.195573,22.789481]}},{"type":"Feature","properties":{"NAME":"Mbuji-Mayi","NAMEASCII":"Mbuji-Mayi","ADM0NAME":"Congo (Kinshasa)","ADM0_A3":"COD","ADM1NAME":"Kasaï-Oriental","ISO_A2":"CD","POP_MAX":1295000,"POP_MIN":874761,"LATITUDE":-6.148081,"LONGITUDE":23.59805,"MEGACITY":1,"WORLDCITY":0},"geometry":{"type":"Point","coordinates":[23.59805,-6.148081]}},{"type":"Feature","properties":{"NAME":"Madurai","NAMEASCII":"Madurai","ADM0NAME":"India","ADM0_A3":"IND","ADM1NAME":"Tamil Nadu","ISO_A2":"IN","POP_MAX":1294000,"POP_MIN":909908,"LATITUDE":9.921972,"LONGITUDE":78.118081,"MEGACITY":1,"WORLDCITY":0},"geometry":{"type":"Point","coordinates":[78.118081,9.921972]}},{"type":"Feature","properties":{"NAME":"Adana","NAMEASCII":"Adana","ADM0NAME":"Turkey","ADM0_A3":"TUR","ADM1NAME":"Adana","ISO_A2":"TR","POP_MAX":1293000,"POP_MIN":1197890,"LATITUDE":36.996935,"LONGITUDE":35.318058,"MEGACITY":1,"WORLDCITY":0},"geometry":{"type":"Point","coordinates":[35.318058,36.996935]}},{"type":"Feature","properties":{"NAME":"Sheffield","NAMEASCII":"Sheffield","ADM0NAME":"United Kingdom","ADM0_A3":"GBR","ADM1NAME":"South Yorkshire","ISO_A2":"GB","POP_MAX":1292900,"POP_MIN":552700,"LATITUDE":53.366677,"LONGITUDE":-1.499997,"MEGACITY":0,"WORLDCITY":0},"geometry":{"type":"Point","coordinates":[-1.499997,53.366677]}},{"type":"Feature","properties":{"NAME":"Jabalpur","NAMEASCII":"Jabalpur","ADM0NAME":"India","ADM0_A3":"IND","ADM1NAME":"Madhya Pradesh","ISO_A2":"IN","POP_MAX":1285000,"POP_MIN":1030168,"LATITUDE":23.177003,"LONGITUDE":79.953112,"MEGACITY":1,"WORLDCITY":0},"geometry":{"type":"Point","coordinates":[79.953112,23.177003]}},{"type":"Feature","properties":{"NAME":"San José","NAMEASCII":"San Jose","ADM0NAME":"Costa Rica","ADM0_A3":"CRI","ADM1NAME":"San José","ISO_A2":"CR","POP_MAX":1284000,"POP_MIN":1724,"LATITUDE":9.936958,"LONGITUDE":-84.085997,"MEGACITY":1,"WORLDCITY":0},"geometry":{"type":"Point","coordinates":[-84.078814,9.930371]}},{"type":"Feature","properties":{"NAME":"Panama City","NAMEASCII":"Panama City","ADM0NAME":"Panama","ADM0_A3":"PAN","ADM1NAME":"Panama","ISO_A2":"PA","POP_MAX":1281000,"POP_MIN":408168,"LATITUDE":8.969963,"LONGITUDE":-79.534983,"MEGACITY":1,"WORLDCITY":0},"geometry":{"type":"Point","coordinates":[-79.534983,8.969963]}},{"type":"Feature","properties":{"NAME":"Nizhny Novgorod","NAMEASCII":"Nizhny Novgorod","ADM0NAME":"Russia","ADM0_A3":"RUS","ADM1NAME":"Nizhegorod","ISO_A2":"RU","POP_MAX":1278000,"POP_MIN":1214926,"LATITUDE":56.334953,"LONGITUDE":43.998149,"MEGACITY":1,"WORLDCITY":0},"geometry":{"type":"Point","coordinates":[43.998148,56.334953]}},{"type":"Feature","properties":{"NAME":"Providence","NAMEASCII":"Providence","ADM0NAME":"United States of America","ADM0_A3":"USA","ADM1NAME":"Rhode Island","ISO_A2":"US","POP_MAX":1277000,"POP_MIN":50453,"LATITUDE":41.823048,"LONGITUDE":-71.416926,"MEGACITY":1,"WORLDCITY":0},"geometry":{"type":"Point","coordinates":[-71.416926,41.823048]}},{"type":"Feature","properties":{"NAME":"Chifeng","NAMEASCII":"Chifeng","ADM0NAME":"China","ADM0_A3":"CHN","ADM1NAME":"Nei Mongol","ISO_A2":"CN","POP_MAX":1277000,"POP_MIN":346654,"LATITUDE":42.271961,"LONGITUDE":118.948044,"MEGACITY":1,"WORLDCITY":0},"geometry":{"type":"Point","coordinates":[118.948044,42.271961]}},{"type":"Feature","properties":{"NAME":"Duisburg","NAMEASCII":"Duisburg","ADM0NAME":"Germany","ADM0_A3":"DEU","ADM1NAME":"Nordrhein-Westfalen","ISO_A2":"DE","POP_MAX":1276757,"POP_MIN":488005,"LATITUDE":51.429973,"LONGITUDE":6.750017,"MEGACITY":0,"WORLDCITY":0},"geometry":{"type":"Point","coordinates":[6.750017,51.429973]}},{"type":"Feature","properties":{"NAME":"Munich","NAMEASCII":"Munich","ADM0NAME":"Germany","ADM0_A3":"DEU","ADM1NAME":"Bayern","ISO_A2":"DE","POP_MAX":1275000,"POP_MIN":1260391,"LATITUDE":48.131888,"LONGITUDE":11.573048,"MEGACITY":1,"WORLDCITY":1},"geometry":{"type":"Point","coordinates":[11.573048,48.131888]}},{"type":"Feature","properties":{"NAME":"Columbus","NAMEASCII":"Columbus","ADM0NAME":"United States of America","ADM0_A3":"USA","ADM1NAME":"Ohio","ISO_A2":"US","POP_MAX":1270000,"POP_MIN":736836,"LATITUDE":39.98192,"LONGITUDE":-82.991956,"MEGACITY":1,"WORLDCITY":0},"geometry":{"type":"Point","coordinates":[-82.991956,39.98192]}},{"type":"Feature","properties":{"NAME":"Huaiyin","NAMEASCII":"Huaiyin","ADM0NAME":"China","ADM0_A3":"CHN","ADM1NAME":"Jiangsu","ISO_A2":"CN","POP_MAX":1264000,"POP_MIN":555230,"LATITUDE":33.581949,"LONGITUDE":119.028039,"MEGACITY":1,"WORLDCITY":0},"geometry":{"type":"Point","coordinates":[119.065967,33.585165]}},{"type":"Feature","properties":{"NAME":"Stockholm","NAMEASCII":"Stockholm","ADM0NAME":"Sweden","ADM0_A3":"SWE","ADM1NAME":"Stockholm","ISO_A2":"SE","POP_MAX":1264000,"POP_MIN":1253309,"LATITUDE":59.352706,"LONGITUDE":18.095389,"MEGACITY":1,"WORLDCITY":1},"geometry":{"type":"Point","coordinates":[18.0663,59.324127]}},{"type":"Feature","properties":{"NAME":"Makassar","NAMEASCII":"Makassar","ADM0NAME":"Indonesia","ADM0_A3":"IDN","ADM1NAME":"Sulawesi Selatan","ISO_A2":"ID","POP_MAX":1262000,"POP_MIN":1262000,"LATITUDE":-5.138013,"LONGITUDE":119.430082,"MEGACITY":1,"WORLDCITY":0},"geometry":{"type":"Point","coordinates":[119.430082,-5.138013]}},{"type":"Feature","properties":{"NAME":"Rajkot","NAMEASCII":"Rajkot","ADM0NAME":"India","ADM0_A3":"IND","ADM1NAME":"Dadra and Nagar Haveli","ISO_A2":"IN","POP_MAX":1260000,"POP_MIN":1099882,"LATITUDE":22.311965,"LONGITUDE":70.798063,"MEGACITY":1,"WORLDCITY":0},"geometry":{"type":"Point","coordinates":[70.798063,22.311965]}},{"type":"Feature","properties":{"NAME":"West Palm Beach","NAMEASCII":"West Palm Beach","ADM0NAME":"United States of America","ADM0_A3":"USA","ADM1NAME":"Florida","ISO_A2":"US","POP_MAX":1250000,"POP_MIN":101043,"LATITUDE":26.74502,"LONGITUDE":-80.123621,"MEGACITY":0,"WORLDCITY":0},"geometry":{"type":"Point","coordinates":[-80.123621,26.74502]}},{"type":"Feature","properties":{"NAME":"Dhanbad","NAMEASCII":"Dhanbad","ADM0NAME":"India","ADM0_A3":"IND","ADM1NAME":"Jharkhand","ISO_A2":"IN","POP_MAX":1246000,"POP_MIN":219636,"LATITUDE":23.802339,"LONGITUDE":86.41804,"MEGACITY":1,"WORLDCITY":0},"geometry":{"type":"Point","coordinates":[86.41804,23.802339]}},{"type":"Feature","properties":{"NAME":"Mudangiang","NAMEASCII":"Mudangiang","ADM0NAME":"China","ADM0_A3":"CHN","ADM1NAME":"Heilongjiang","ISO_A2":"CN","POP_MAX":1244000,"POP_MIN":665915,"LATITUDE":44.576963,"LONGITUDE":129.588066,"MEGACITY":1,"WORLDCITY":0},"geometry":{"type":"Point","coordinates":[129.588066,44.576963]}},{"type":"Feature","properties":{"NAME":"Shiraz","NAMEASCII":"Shiraz","ADM0NAME":"Iran","ADM0_A3":"IRN","ADM1NAME":"Fars","ISO_A2":"IR","POP_MAX":1240000,"POP_MIN":1240000,"LATITUDE":29.631906,"LONGITUDE":52.568065,"MEGACITY":1,"WORLDCITY":0},"geometry":{"type":"Point","coordinates":[52.568065,29.631906]}},{"type":"Feature","properties":{"NAME":"Geneva","NAMEASCII":"Geneva","ADM0NAME":"Switzerland","ADM0_A3":"CHE","ADM1NAME":"Genève","ISO_A2":"CH","POP_MAX":1240000,"POP_MIN":192385,"LATITUDE":46.210008,"LONGITUDE":6.140028,"MEGACITY":0,"WORLDCITY":1},"geometry":{"type":"Point","coordinates":[6.140028,46.210008]}},{"type":"Feature","properties":{"NAME":"Huzhou","NAMEASCII":"Huzhou","ADM0NAME":"China","ADM0_A3":"CHN","ADM1NAME":"Zhejiang","ISO_A2":"CN","POP_MAX":1231000,"POP_MIN":158320,"LATITUDE":30.872321,"LONGITUDE":120.098051,"MEGACITY":1,"WORLDCITY":0},"geometry":{"type":"Point","coordinates":[120.098051,30.872321]}},{"type":"Feature","properties":{"NAME":"Tianshui","NAMEASCII":"Tianshui","ADM0NAME":"China","ADM0_A3":"CHN","ADM1NAME":"Gansu","ISO_A2":"CN","POP_MAX":1225000,"POP_MIN":74767,"LATITUDE":34.601964,"LONGITUDE":105.918038,"MEGACITY":1,"WORLDCITY":0},"geometry":{"type":"Point","coordinates":[105.918038,34.601964]}},{"type":"Feature","properties":{"NAME":"Liupanshui","NAMEASCII":"Liupanshui","ADM0NAME":"China","ADM0_A3":"CHN","ADM1NAME":"Guizhou","ISO_A2":"CN","POP_MAX":1221000,"POP_MIN":551512,"LATITUDE":26.596381,"LONGITUDE":104.831386,"MEGACITY":0,"WORLDCITY":0},"geometry":{"type":"Point","coordinates":[104.831386,26.596381]}},{"type":"Feature","properties":{"NAME":"Düsseldorf","NAMEASCII":"Dusseldorf","ADM0NAME":"Germany","ADM0_A3":"DEU","ADM1NAME":"Nordrhein-Westfalen","ISO_A2":"DE","POP_MAX":1220000,"POP_MIN":592393,"LATITUDE":51.220374,"LONGITUDE":6.779989,"MEGACITY":0,"WORLDCITY":0},"geometry":{"type":"Point","coordinates":[6.779989,51.220374]}},{"type":"Feature","properties":{"NAME":"Maoming","NAMEASCII":"Maoming","ADM0NAME":"China","ADM0_A3":"CHN","ADM1NAME":"Guangdong","ISO_A2":"CN","POP_MAX":1217715,"POP_MIN":1217715,"LATITUDE":21.920405,"LONGITUDE":110.870018,"MEGACITY":0,"WORLDCITY":0},"geometry":{"type":"Point","coordinates":[110.870018,21.920405]}},{"type":"Feature","properties":{"NAME":"Seville","NAMEASCII":"Seville","ADM0NAME":"Spain","ADM0_A3":"ESP","ADM1NAME":"Andalucía","ISO_A2":"ES","POP_MAX":1212045,"POP_MIN":703021,"LATITUDE":37.405015,"LONGITUDE":-5.980007,"MEGACITY":0,"WORLDCITY":0},"geometry":{"type":"Point","coordinates":[-5.980007,37.405015]}},{"type":"Feature","properties":{"NAME":"Amritsar","NAMEASCII":"Amritsar","ADM0NAME":"India","ADM0_A3":"IND","ADM1NAME":"Punjab","ISO_A2":"IN","POP_MAX":1212000,"POP_MIN":1092450,"LATITUDE":31.641938,"LONGITUDE":74.868047,"MEGACITY":1,"WORLDCITY":0},"geometry":{"type":"Point","coordinates":[74.868047,31.641938]}},{"type":"Feature","properties":{"NAME":"Vila Velha","NAMEASCII":"Vila Velha","ADM0NAME":"Brazil","ADM0_A3":"BRA","ADM1NAME":"Amapi","ISO_A2":"BR","POP_MAX":1209091,"POP_MIN":275736,"LATITUDE":3.216663,"LONGITUDE":-51.216652,"MEGACITY":0,"WORLDCITY":0},"geometry":{"type":"Point","coordinates":[-51.216652,3.216663]}},{"type":"Feature","properties":{"NAME":"Vila Velha","NAMEASCII":"Vila Velha","ADM0NAME":"Brazil","ADM0_A3":"BRA","ADM1NAME":"Espírito Santo","ISO_A2":"BR","POP_MAX":1209091,"POP_MIN":275736,"LATITUDE":-20.367608,"LONGITUDE":-40.317989,"MEGACITY":0,"WORLDCITY":0},"geometry":{"type":"Point","coordinates":[-40.290233,-20.338046]}},{"type":"Feature","properties":{"NAME":"Almaty","NAMEASCII":"Almaty","ADM0NAME":"Kazakhstan","ADM0_A3":"KAZ","ADM1NAME":"Almaty","ISO_A2":"KZ","POP_MAX":1209000,"POP_MIN":983512,"LATITUDE":43.326936,"LONGITUDE":76.91309,"MEGACITY":1,"WORLDCITY":0},"geometry":{"type":"Point","coordinates":[76.91309,43.326936]}},{"type":"Feature","properties":{"NAME":"Warangal","NAMEASCII":"Warangal","ADM0NAME":"India","ADM0_A3":"IND","ADM1NAME":"Telangana","ISO_A2":"IN","POP_MAX":1203853,"POP_MIN":865527,"LATITUDE":18.009998,"LONGITUDE":79.57999,"MEGACITY":0,"WORLDCITY":0},"geometry":{"type":"Point","coordinates":[79.57999,18.009998]}},{"type":"Feature","properties":{"NAME":"Rosario","NAMEASCII":"Rosario","ADM0NAME":"Argentina","ADM0_A3":"ARG","ADM1NAME":"Santa Fe","ISO_A2":"AR","POP_MAX":1203000,"POP_MIN":986569,"LATITUDE":-32.949184,"LONGITUDE":-60.668254,"MEGACITY":1,"WORLDCITY":0},"geometry":{"type":"Point","coordinates":[-60.668253,-32.949184]}},{"type":"Feature","properties":{"NAME":"Allahabad","NAMEASCII":"Allahabad","ADM0NAME":"India","ADM0_A3":"IND","ADM1NAME":"Uttar Pradesh","ISO_A2":"IN","POP_MAX":1201000,"POP_MIN":1073438,"LATITUDE":25.456941,"LONGITUDE":81.838061,"MEGACITY":1,"WORLDCITY":0},"geometry":{"type":"Point","coordinates":[81.838061,25.456941]}},{"type":"Feature","properties":{"NAME":"Benin City","NAMEASCII":"Benin City","ADM0NAME":"Nigeria","ADM0_A3":"NGA","ADM1NAME":"Edo","ISO_A2":"NG","POP_MAX":1190000,"POP_MIN":668026,"LATITUDE":6.342423,"LONGITUDE":5.618062,"MEGACITY":1,"WORLDCITY":0},"geometry":{"type":"Point","coordinates":[5.618062,6.342423]}},{"type":"Feature","properties":{"NAME":"Jining","NAMEASCII":"Jining","ADM0NAME":"China","ADM0_A3":"CHN","ADM1NAME":"Shandong","ISO_A2":"CN","POP_MAX":1186000,"POP_MIN":450327,"LATITUDE":35.402355,"LONGITUDE":116.548087,"MEGACITY":1,"WORLDCITY":0},"geometry":{"type":"Point","coordinates":[116.548087,35.402355]}},{"type":"Feature","properties":{"NAME":"Maceió","NAMEASCII":"Maceio","ADM0NAME":"Brazil","ADM0_A3":"BRA","ADM1NAME":"Alagoas","ISO_A2":"BR","POP_MAX":1186000,"POP_MIN":814431,"LATITUDE":-9.61805,"LONGITUDE":-35.73192,"MEGACITY":1,"WORLDCITY":0},"geometry":{"type":"Point","coordinates":[-35.73192,-9.61805]}},{"type":"Feature","properties":{"NAME":"Sofia","NAMEASCII":"Sofia","ADM0NAME":"Bulgaria","ADM0_A3":"BGR","ADM1NAME":"Grad Sofiya","ISO_A2":"BG","POP_MAX":1185000,"POP_MIN":874827,"LATITUDE":42.685295,"LONGITUDE":23.314708,"MEGACITY":1,"WORLDCITY":0},"geometry":{"type":"Point","coordinates":[23.314708,42.685295]}},{"type":"Feature","properties":{"NAME":"Abbottabad","NAMEASCII":"Abbottabad","ADM0NAME":"Pakistan","ADM0_A3":"PAK","ADM1NAME":"N.W.F.P.","ISO_A2":"PK","POP_MAX":1183647,"POP_MIN":881000,"LATITUDE":34.149503,"LONGITUDE":73.199501,"MEGACITY":0,"WORLDCITY":0},"geometry":{"type":"Point","coordinates":[73.199501,34.149503]}},{"type":"Feature","properties":{"NAME":"Banghazi","NAMEASCII":"Banghazi","ADM0NAME":"Libya","ADM0_A3":"LBY","ADM1NAME":"Benghazi","ISO_A2":"LY","POP_MAX":1180000,"POP_MIN":582374,"LATITUDE":32.118679,"LONGITUDE":20.064777,"MEGACITY":1,"WORLDCITY":0},"geometry":{"type":"Point","coordinates":[20.064777,32.118679]}},{"type":"Feature","properties":{"NAME":"Cilacap","NAMEASCII":"Cilacap","ADM0NAME":"Indonesia","ADM0_A3":"IDN","ADM1NAME":"Jawa Tengah","ISO_A2":"ID","POP_MAX":1174964,"POP_MIN":1174964,"LATITUDE":-7.71882,"LONGITUDE":109.015402,"MEGACITY":0,"WORLDCITY":0},"geometry":{"type":"Point","coordinates":[109.015402,-7.71882]}},{"type":"Feature","properties":{"NAME":"Raleigh","NAMEASCII":"Raleigh","ADM0NAME":"United States of America","ADM0_A3":"USA","ADM1NAME":"North Carolina","ISO_A2":"US","POP_MAX":1163515,"POP_MIN":416468,"LATITUDE":35.818781,"LONGITUDE":-78.644693,"MEGACITY":0,"WORLDCITY":0},"geometry":{"type":"Point","coordinates":[-78.647035,35.772696]}},{"type":"Feature","properties":{"NAME":"Prague","NAMEASCII":"Prague","ADM0NAME":"Czechia","ADM0_A3":"CZE","ADM1NAME":"Prague","ISO_A2":"CZ","POP_MAX":1162000,"POP_MIN":2087,"LATITUDE":50.085283,"LONGITUDE":14.464034,"MEGACITY":1,"WORLDCITY":1},"geometry":{"type":"Point","coordinates":[14.422939,50.086967]}},{"type":"Feature","properties":{"NAME":"Austin","NAMEASCII":"Austin","ADM0NAME":"United States of America","ADM0_A3":"USA","ADM1NAME":"Texas","ISO_A2":"US","POP_MAX":1161000,"POP_MIN":678368,"LATITUDE":30.268896,"LONGITUDE":-97.744724,"MEGACITY":1,"WORLDCITY":0},"geometry":{"type":"Point","coordinates":[-97.744724,30.268895]}},{"type":"Feature","properties":{"NAME":"Glasgow","NAMEASCII":"Glasgow","ADM0NAME":"United Kingdom","ADM0_A3":"GBR","ADM1NAME":"Glasgow","ISO_A2":"GB","POP_MAX":1160000,"POP_MIN":610268,"LATITUDE":55.876351,"LONGITUDE":-4.252653,"MEGACITY":1,"WORLDCITY":0},"geometry":{"type":"Point","coordinates":[-4.239101,55.86227]}},{"type":"Feature","properties":{"NAME":"Leshan","NAMEASCII":"Leshan","ADM0NAME":"China","ADM0_A3":"CHN","ADM1NAME":"Sichuan","ISO_A2":"CN","POP_MAX":1157000,"POP_MIN":154477,"LATITUDE":29.569042,"LONGITUDE":103.731402,"MEGACITY":1,"WORLDCITY":0},"geometry":{"type":"Point","coordinates":[103.731402,29.569042]}},{"type":"Feature","properties":{"NAME":"Ouagadougou","NAMEASCII":"Ouagadougou","ADM0NAME":"Burkina Faso","ADM0_A3":"BFA","ADM1NAME":"Kadiogo","ISO_A2":"BF","POP_MAX":1149000,"POP_MIN":835457,"LATITUDE":12.372262,"LONGITUDE":-1.52667,"MEGACITY":1,"WORLDCITY":0},"geometry":{"type":"Point","coordinates":[-1.52667,12.372262]}},{"type":"Feature","properties":{"NAME":"Ottawa","NAMEASCII":"Ottawa","ADM0NAME":"Canada","ADM0_A3":"CAN","ADM1NAME":"Ontario","ISO_A2":"CA","POP_MAX":1145000,"POP_MIN":812129,"LATITUDE":45.418643,"LONGITUDE":-75.701961,"MEGACITY":1,"WORLDCITY":0},"geometry":{"type":"Point","coordinates":[-75.701961,45.418643]}},{"type":"Feature","properties":{"NAME":"Adelaide","NAMEASCII":"Adelaide","ADM0NAME":"Australia","ADM0_A3":"AUS","ADM1NAME":"South Australia","ISO_A2":"AU","POP_MAX":1145000,"POP_MIN":836354,"LATITUDE":-34.933042,"LONGITUDE":138.598059,"MEGACITY":1,"WORLDCITY":0},"geometry":{"type":"Point","coordinates":[138.598059,-34.933042]}},{"type":"Feature","properties":{"NAME":"Shangrao","NAMEASCII":"Shangrao","ADM0NAME":"China","ADM0_A3":"CHN","ADM1NAME":"Jiangxi","ISO_A2":"CN","POP_MAX":1144577,"POP_MIN":700266,"LATITUDE":28.470393,"LONGITUDE":117.969998,"MEGACITY":0,"WORLDCITY":0},"geometry":{"type":"Point","coordinates":[117.969998,28.470393]}},{"type":"Feature","properties":{"NAME":"Torreón","NAMEASCII":"Torreon","ADM0NAME":"Mexico","ADM0_A3":"MEX","ADM1NAME":"Coahuila","ISO_A2":"MX","POP_MAX":1144000,"POP_MIN":524066,"LATITUDE":25.571999,"LONGITUDE":-103.421949,"MEGACITY":1,"WORLDCITY":0},"geometry":{"type":"Point","coordinates":[-103.421949,25.571999]}},{"type":"Feature","properties":{"NAME":"Srinagar","NAMEASCII":"Srinagar","ADM0NAME":"India","ADM0_A3":"IND","ADM1NAME":"Jammu and Kashmir","ISO_A2":"IN","POP_MAX":1140000,"POP_MIN":975857,"LATITUDE":34.101917,"LONGITUDE":74.813064,"MEGACITY":1,"WORLDCITY":0},"geometry":{"type":"Point","coordinates":[74.828309,34.069474]}},{"type":"Feature","properties":{"NAME":"Vijayawada","NAMEASCII":"Vijayawada","ADM0NAME":"India","ADM0_A3":"IND","ADM1NAME":"Andhra Pradesh","ISO_A2":"IN","POP_MAX":1137000,"POP_MIN":874587,"LATITUDE":16.521905,"LONGITUDE":80.628057,"MEGACITY":1,"WORLDCITY":0},"geometry":{"type":"Point","coordinates":[80.628057,16.521905]}},{"type":"Feature","properties":{"NAME":"Samara","NAMEASCII":"Samara","ADM0NAME":"Russia","ADM0_A3":"RUS","ADM1NAME":"Samara","ISO_A2":"RU","POP_MAX":1137000,"POP_MIN":856190,"LATITUDE":53.196953,"LONGITUDE":50.149349,"MEGACITY":1,"WORLDCITY":0},"geometry":{"type":"Point","coordinates":[50.149349,53.196953]}},{"type":"Feature","properties":{"NAME":"Omsk","NAMEASCII":"Omsk","ADM0NAME":"Russia","ADM0_A3":"RUS","ADM1NAME":"Omsk","ISO_A2":"RU","POP_MAX":1135000,"POP_MIN":1043403,"LATITUDE":54.991934,"LONGITUDE":73.398008,"MEGACITY":1,"WORLDCITY":0},"geometry":{"type":"Point","coordinates":[73.398008,54.991934]}},{"type":"Feature","properties":{"NAME":"Birmingham","NAMEASCII":"Birmingham","ADM0NAME":"United States of America","ADM0_A3":"USA","ADM1NAME":"Alabama","ISO_A2":"US","POP_MAX":1128047,"POP_MIN":212237,"LATITUDE":33.530006,"LONGITUDE":-86.824995,"MEGACITY":0,"WORLDCITY":0},"geometry":{"type":"Point","coordinates":[-86.824995,33.530006]}},{"type":"Feature","properties":{"NAME":"Nampo","NAMEASCII":"Nampo","ADM0NAME":"North Korea","ADM0_A3":"PRK","ADM1NAME":"Namp'o-si","ISO_A2":"KP","POP_MAX":1127000,"POP_MIN":455000,"LATITUDE":38.768867,"LONGITUDE":125.450488,"MEGACITY":1,"WORLDCITY":0},"geometry":{"type":"Point","coordinates":[125.450488,38.768867]}},{"type":"Feature","properties":{"NAME":"Yulin","NAMEASCII":"Yulin","ADM0NAME":"China","ADM0_A3":"CHN","ADM1NAME":"Guangxi","ISO_A2":"CN","POP_MAX":1127000,"POP_MIN":148485,"LATITUDE":22.63192,"LONGITUDE":110.148064,"MEGACITY":1,"WORLDCITY":0},"geometry":{"type":"Point","coordinates":[110.148064,22.63192]}},{"type":"Feature","properties":{"NAME":"Xianyang","NAMEASCII":"Xianyang","ADM0NAME":"China","ADM0_A3":"CHN","ADM1NAME":"Shaanxi","ISO_A2":"CN","POP_MAX":1126000,"POP_MIN":1126000,"LATITUDE":34.347502,"LONGITUDE":108.712776,"MEGACITY":1,"WORLDCITY":0},"geometry":{"type":"Point","coordinates":[108.712776,34.347501]}},{"type":"Feature","properties":{"NAME":"Cagayan de Oro","NAMEASCII":"Cagayan de Oro","ADM0NAME":"Philippines","ADM0_A3":"PHL","ADM1NAME":"Misamis Oriental","ISO_A2":"PH","POP_MAX":1121561,"POP_MIN":602088,"LATITUDE":8.45084,"LONGITUDE":124.685299,"MEGACITY":0,"WORLDCITY":0},"geometry":{"type":"Point","coordinates":[124.685299,8.45084]}},{"type":"Feature","properties":{"NAME":"Can Tho","NAMEASCII":"Can Tho","ADM0NAME":"Vietnam","ADM0_A3":"VNM","ADM1NAME":"d?ng b?ng sông C?u Long","ISO_A2":"VN","POP_MAX":1121000,"POP_MIN":259598,"LATITUDE":10.049993,"LONGITUDE":105.770019,"MEGACITY":0,"WORLDCITY":0},"geometry":{"type":"Point","coordinates":[105.770019,10.049993]}},{"type":"Feature","properties":{"NAME":"Barquisimeto","NAMEASCII":"Barquisimeto","ADM0NAME":"Venezuela","ADM0_A3":"VEN","ADM1NAME":"Lara","ISO_A2":"VE","POP_MAX":1116000,"POP_MIN":809490,"LATITUDE":10.051938,"LONGITUDE":-69.301913,"MEGACITY":1,"WORLDCITY":0},"geometry":{"type":"Point","coordinates":[-69.301913,10.051938]}},{"type":"Feature","properties":{"NAME":"Kazan","NAMEASCII":"Kazan","ADM0NAME":"Russia","ADM0_A3":"RUS","ADM1NAME":"Tatarstan","ISO_A2":"RU","POP_MAX":1115000,"POP_MIN":912270,"LATITUDE":55.751888,"LONGITUDE":49.124399,"MEGACITY":1,"WORLDCITY":0},"geometry":{"type":"Point","coordinates":[49.124399,55.751888]}},{"type":"Feature","properties":{"NAME":"Helsinki","NAMEASCII":"Helsinki","ADM0NAME":"Finland","ADM0_A3":"FIN","ADM1NAME":"Southern Finland","ISO_A2":"FI","POP_MAX":1115000,"POP_MIN":558457,"LATITUDE":60.177509,"LONGITUDE":24.932181,"MEGACITY":1,"WORLDCITY":1},"geometry":{"type":"Point","coordinates":[24.932457,60.163804]}},{"type":"Feature","properties":{"NAME":"Aurangabad","NAMEASCII":"Aurangabad","ADM0NAME":"India","ADM0_A3":"IND","ADM1NAME":"Maharashtra","ISO_A2":"IN","POP_MAX":1113000,"POP_MIN":1016441,"LATITUDE":19.897642,"LONGITUDE":75.318356,"MEGACITY":1,"WORLDCITY":0},"geometry":{"type":"Point","coordinates":[75.328948,19.861686]}},{"type":"Feature","properties":{"NAME":"Calgary","NAMEASCII":"Calgary","ADM0NAME":"Canada","ADM0_A3":"CAN","ADM1NAME":"Alberta","ISO_A2":"CA","POP_MAX":1110000,"POP_MIN":915322,"LATITUDE":51.084938,"LONGITUDE":-114.081944,"MEGACITY":1,"WORLDCITY":0},"geometry":{"type":"Point","coordinates":[-114.081944,51.084938]}},{"type":"Feature","properties":{"NAME":"Nezahualcoyotl","NAMEASCII":"Nezahualcoyotl","ADM0NAME":"Mexico","ADM0_A3":"MEX","ADM1NAME":"México","ISO_A2":"MX","POP_MAX":1109363,"POP_MIN":750000,"LATITUDE":19.410016,"LONGITUDE":-99.029987,"MEGACITY":0,"WORLDCITY":0},"geometry":{"type":"Point","coordinates":[-99.029987,19.410016]}},{"type":"Feature","properties":{"NAME":"Zürich","NAMEASCII":"Zurich","ADM0NAME":"Switzerland","ADM0_A3":"CHE","ADM1NAME":"Zürich","ISO_A2":"CH","POP_MAX":1108000,"POP_MIN":341730,"LATITUDE":47.381934,"LONGITUDE":8.548064,"MEGACITY":1,"WORLDCITY":1},"geometry":{"type":"Point","coordinates":[8.548064,47.381934]}},{"type":"Feature","properties":{"NAME":"Baoding","NAMEASCII":"Baoding","ADM0NAME":"China","ADM0_A3":"CHN","ADM1NAME":"Hebei","ISO_A2":"CN","POP_MAX":1107000,"POP_MIN":995652,"LATITUDE":38.872376,"LONGITUDE":115.478075,"MEGACITY":1,"WORLDCITY":0},"geometry":{"type":"Point","coordinates":[115.468897,38.85834]}},{"type":"Feature","properties":{"NAME":"Zigong","NAMEASCII":"Zigong","ADM0NAME":"China","ADM0_A3":"CHN","ADM1NAME":"Sichuan","ISO_A2":"CN","POP_MAX":1105000,"POP_MIN":689961,"LATITUDE":29.401946,"LONGITUDE":104.778056,"MEGACITY":1,"WORLDCITY":0},"geometry":{"type":"Point","coordinates":[104.778056,29.401946]}},{"type":"Feature","properties":{"NAME":"Sharjah","NAMEASCII":"Sharjah","ADM0NAME":"United Arab Emirates","ADM0_A3":"ARE","ADM1NAME":"Sharjah","ISO_A2":"AE","POP_MAX":1103027,"POP_MIN":801004,"LATITUDE":25.371383,"LONGITUDE":55.406478,"MEGACITY":0,"WORLDCITY":0},"geometry":{"type":"Point","coordinates":[55.406478,25.371383]}},{"type":"Feature","properties":{"NAME":"Yerevan","NAMEASCII":"Yerevan","ADM0NAME":"Armenia","ADM0_A3":"ARM","ADM1NAME":"Erevan","ISO_A2":"AM","POP_MAX":1102000,"POP_MIN":1093485,"LATITUDE":40.183097,"LONGITUDE":44.511606,"MEGACITY":1,"WORLDCITY":0},"geometry":{"type":"Point","coordinates":[44.511606,40.183097]}},{"type":"Feature","properties":{"NAME":"Ankang","NAMEASCII":"Ankang","ADM0NAME":"China","ADM0_A3":"CHN","ADM1NAME":"Shaanxi","ISO_A2":"CN","POP_MAX":1100000,"POP_MIN":950000,"LATITUDE":32.679981,"LONGITUDE":109.020002,"MEGACITY":0,"WORLDCITY":0},"geometry":{"type":"Point","coordinates":[109.020002,32.679981]}},{"type":"Feature","properties":{"NAME":"Mogadishu","NAMEASCII":"Mogadishu","ADM0NAME":"Somalia","ADM0_A3":"SOM","ADM1NAME":"Banaadir","ISO_A2":"SO","POP_MAX":1100000,"POP_MIN":875388,"LATITUDE":2.068627,"LONGITUDE":45.364732,"MEGACITY":1,"WORLDCITY":0},"geometry":{"type":"Point","coordinates":[45.364732,2.068627]}},{"type":"Feature","properties":{"NAME":"Tbilisi","NAMEASCII":"Tbilisi","ADM0NAME":"Georgia","ADM0_A3":"GEO","ADM1NAME":"Tbilisi","ISO_A2":"GE","POP_MAX":1100000,"POP_MIN":1005257,"LATITUDE":41.726956,"LONGITUDE":44.78885,"MEGACITY":1,"WORLDCITY":0},"geometry":{"type":"Point","coordinates":[44.78885,41.726956]}},{"type":"Feature","properties":{"NAME":"Huambo","NAMEASCII":"Huambo","ADM0NAME":"Angola","ADM0_A3":"AGO","ADM1NAME":"Huambo","ISO_A2":"AO","POP_MAX":1100000,"POP_MIN":872000,"LATITUDE":-12.74804,"LONGITUDE":15.758064,"MEGACITY":1,"WORLDCITY":0},"geometry":{"type":"Point","coordinates":[15.758064,-12.74804]}},{"type":"Feature","properties":{"NAME":"Ikare","NAMEASCII":"Ikare","ADM0NAME":"Nigeria","ADM0_A3":"NGA","ADM1NAME":"Ondo","ISO_A2":"NG","POP_MAX":1099931,"POP_MIN":700000,"LATITUDE":7.530431,"LONGITUDE":5.76,"MEGACITY":0,"WORLDCITY":0},"geometry":{"type":"Point","coordinates":[5.76,7.53043]}},{"type":"Feature","properties":{"NAME":"Belgrade","NAMEASCII":"Belgrade","ADM0NAME":"Serbia","ADM0_A3":"SRB","ADM1NAME":"Grad Beograd","ISO_A2":"RS","POP_MAX":1099000,"POP_MIN":1099000,"LATITUDE":44.820591,"LONGITUDE":20.466045,"MEGACITY":1,"WORLDCITY":0},"geometry":{"type":"Point","coordinates":[20.466045,44.820591]}},{"type":"Feature","properties":{"NAME":"Bhilai","NAMEASCII":"Bhilai","ADM0NAME":"India","ADM0_A3":"IND","ADM1NAME":"Chhattisgarh","ISO_A2":"IN","POP_MAX":1097000,"POP_MIN":1097000,"LATITUDE":21.218613,"LONGITUDE":81.431387,"MEGACITY":1,"WORLDCITY":0},"geometry":{"type":"Point","coordinates":[81.372213,21.211262]}},{"type":"Feature","properties":{"NAME":"Jinhua","NAMEASCII":"Jinhua","ADM0NAME":"China","ADM0_A3":"CHN","ADM1NAME":"Zhejiang","ISO_A2":"CN","POP_MAX":1092852,"POP_MIN":142206,"LATITUDE":29.120043,"LONGITUDE":119.649999,"MEGACITY":0,"WORLDCITY":0},"geometry":{"type":"Point","coordinates":[119.649999,29.120043]}},{"type":"Feature","properties":{"NAME":"Chelyabinsk","NAMEASCII":"Chelyabinsk","ADM0NAME":"Russia","ADM0_A3":"RUS","ADM1NAME":"Chelyabinsk","ISO_A2":"RU","POP_MAX":1091000,"POP_MIN":946604,"LATITUDE":55.156937,"LONGITUDE":61.436722,"MEGACITY":1,"WORLDCITY":0},"geometry":{"type":"Point","coordinates":[61.436722,55.156937]}},{"type":"Feature","properties":{"NAME":"Natal","NAMEASCII":"Natal","ADM0NAME":"Brazil","ADM0_A3":"BRA","ADM1NAME":"Rio Grande do Norte","ISO_A2":"BR","POP_MAX":1088000,"POP_MIN":763043,"LATITUDE":-5.778077,"LONGITUDE":-35.24195,"MEGACITY":1,"WORLDCITY":0},"geometry":{"type":"Point","coordinates":[-35.24195,-5.778077]}},{"type":"Feature","properties":{"NAME":"Dushanbe","NAMEASCII":"Dushanbe","ADM0NAME":"Tajikistan","ADM0_A3":"TJK","ADM1NAME":"Tadzhikistan Territories","ISO_A2":"TJ","POP_MAX":1086244,"POP_MIN":679400,"LATITUDE":38.560035,"LONGITUDE":68.773879,"MEGACITY":0,"WORLDCITY":0},"geometry":{"type":"Point","coordinates":[68.773879,38.560035]}},{"type":"Feature","properties":{"NAME":"Mesa","NAMEASCII":"Mesa","ADM0NAME":"United States of America","ADM0_A3":"USA","ADM1NAME":"Arizona","ISO_A2":"US","POP_MAX":1085394,"POP_MIN":439041,"LATITUDE":33.423915,"LONGITUDE":-111.736084,"MEGACITY":0,"WORLDCITY":0},"geometry":{"type":"Point","coordinates":[-111.820967,33.414796]}},{"type":"Feature","properties":{"NAME":"København","NAMEASCII":"Kobenhavn","ADM0NAME":"Denmark","ADM0_A3":"DNK","ADM1NAME":"Hovedstaden","ISO_A2":"DK","POP_MAX":1085000,"POP_MIN":1085000,"LATITUDE":55.68051,"LONGITUDE":12.56154,"MEGACITY":1,"WORLDCITY":1},"geometry":{"type":"Point","coordinates":[12.56154,55.68051]}},{"type":"Feature","properties":{"NAME":"Changwon","NAMEASCII":"Changwon","ADM0NAME":"South Korea","ADM0_A3":"KOR","ADM1NAME":"Gyeongsangnam-do","ISO_A2":"KR","POP_MAX":1081499,"POP_MIN":1081499,"LATITUDE":35.219102,"LONGITUDE":128.583562,"MEGACITY":0,"WORLDCITY":0},"geometry":{"type":"Point","coordinates":[128.583562,35.219102]}},{"type":"Feature","properties":{"NAME":"Memphis","NAMEASCII":"Memphis","ADM0NAME":"United States of America","ADM0_A3":"USA","ADM1NAME":"Tennessee","ISO_A2":"US","POP_MAX":1081000,"POP_MIN":426687,"LATITUDE":35.121933,"LONGITUDE":-90.001941,"MEGACITY":1,"WORLDCITY":0},"geometry":{"type":"Point","coordinates":[-90.028777,35.144701]}},{"type":"Feature","properties":{"NAME":"Zhuzhou","NAMEASCII":"Zhuzhou","ADM0NAME":"China","ADM0_A3":"CHN","ADM1NAME":"Hunan","ISO_A2":"CN","POP_MAX":1080000,"POP_MIN":709358,"LATITUDE":27.831938,"LONGITUDE":113.148088,"MEGACITY":1,"WORLDCITY":0},"geometry":{"type":"Point","coordinates":[113.148088,27.831938]}},{"type":"Feature","properties":{"NAME":"Suwon","NAMEASCII":"Suwon","ADM0NAME":"South Korea","ADM0_A3":"KOR","ADM1NAME":"Gyeonggi-do","ISO_A2":"KR","POP_MAX":1078000,"POP_MIN":1078000,"LATITUDE":37.259735,"LONGITUDE":127.008947,"MEGACITY":1,"WORLDCITY":0},"geometry":{"type":"Point","coordinates":[127.008947,37.259735]}},{"type":"Feature","properties":{"NAME":"Vereeniging","NAMEASCII":"Vereeniging","ADM0NAME":"South Africa","ADM0_A3":"ZAF","ADM1NAME":"Gauteng","ISO_A2":"ZA","POP_MAX":1074000,"POP_MIN":474681,"LATITUDE":-26.647656,"LONGITUDE":27.958042,"MEGACITY":1,"WORLDCITY":0},"geometry":{"type":"Point","coordinates":[27.958042,-26.647656]}},{"type":"Feature","properties":{"NAME":"Xiangyang","NAMEASCII":"Xiangyang","ADM0NAME":"China","ADM0_A3":"CHN","ADM1NAME":"Hubei","ISO_A2":"CN","POP_MAX":1069000,"POP_MIN":462956,"LATITUDE":32.021941,"LONGITUDE":112.128099,"MEGACITY":1,"WORLDCITY":0},"geometry":{"type":"Point","coordinates":[112.128098,32.021941]}},{"type":"Feature","properties":{"NAME":"Ulsan","NAMEASCII":"Ulsan","ADM0NAME":"South Korea","ADM0_A3":"KOR","ADM1NAME":"Ulsan","ISO_A2":"KR","POP_MAX":1061000,"POP_MIN":962865,"LATITUDE":35.548677,"LONGITUDE":129.315008,"MEGACITY":1,"WORLDCITY":0},"geometry":{"type":"Point","coordinates":[129.315008,35.548677]}},{"type":"Feature","properties":{"NAME":"Zhucheng","NAMEASCII":"Zhucheng","ADM0NAME":"China","ADM0_A3":"CHN","ADM1NAME":"Shandong","ISO_A2":"CN","POP_MAX":1060000,"POP_MIN":703927,"LATITUDE":35.98996,"LONGITUDE":119.380093,"MEGACITY":0,"WORLDCITY":0},"geometry":{"type":"Point","coordinates":[119.380093,35.989959]}},{"type":"Feature","properties":{"NAME":"Amman","NAMEASCII":"Amman","ADM0NAME":"Jordan","ADM0_A3":"JOR","ADM1NAME":"Amman","ISO_A2":"JO","POP_MAX":1060000,"POP_MIN":1060000,"LATITUDE":31.951971,"LONGITUDE":35.931354,"MEGACITY":1,"WORLDCITY":0},"geometry":{"type":"Point","coordinates":[35.931354,31.951971]}},{"type":"Feature","properties":{"NAME":"Dublin","NAMEASCII":"Dublin","ADM0NAME":"Ireland","ADM0_A3":"IRL","ADM1NAME":"Dublin","ISO_A2":"IE","POP_MAX":1059000,"POP_MIN":968976,"LATITUDE":53.335007,"LONGITUDE":-6.250852,"MEGACITY":1,"WORLDCITY":1},"geometry":{"type":"Point","coordinates":[-6.25698,53.346731]}},{"type":"Feature","properties":{"NAME":"Edmonton","NAMEASCII":"Edmonton","ADM0NAME":"Canada","ADM0_A3":"CAN","ADM1NAME":"Alberta","ISO_A2":"CA","POP_MAX":1058000,"POP_MIN":712391,"LATITUDE":53.551971,"LONGITUDE":-113.501928,"MEGACITY":1,"WORLDCITY":0},"geometry":{"type":"Point","coordinates":[-113.501928,53.551971]}},{"type":"Feature","properties":{"NAME":"Sholapur","NAMEASCII":"Sholapur","ADM0NAME":"India","ADM0_A3":"IND","ADM1NAME":"Maharashtra","ISO_A2":"IN","POP_MAX":1057000,"POP_MIN":961112,"LATITUDE":17.672352,"LONGITUDE":75.898062,"MEGACITY":1,"WORLDCITY":0},"geometry":{"type":"Point","coordinates":[75.898062,17.672352]}},{"type":"Feature","properties":{"NAME":"Rostov","NAMEASCII":"Rostov","ADM0NAME":"Russia","ADM0_A3":"RUS","ADM1NAME":"Rostov","ISO_A2":"RU","POP_MAX":1052000,"POP_MIN":1013134,"LATITUDE":47.236594,"LONGITUDE":39.71071,"MEGACITY":1,"WORLDCITY":0},"geometry":{"type":"Point","coordinates":[39.71071,47.236594]}},{"type":"Feature","properties":{"NAME":"Dnipro","NAMEASCII":"Dnipro","ADM0NAME":"Ukraine","ADM0_A3":"UKR","ADM1NAME":"Dnipropetrovs'k","ISO_A2":"UA","POP_MAX":1050000,"POP_MIN":848849,"LATITUDE":48.481918,"LONGITUDE":34.998078,"MEGACITY":1,"WORLDCITY":0},"geometry":{"type":"Point","coordinates":[34.998078,48.481918]}},{"type":"Feature","properties":{"NAME":"Xining","NAMEASCII":"Xining","ADM0NAME":"China","ADM0_A3":"CHN","ADM1NAME":"Gansu","ISO_A2":"CN","POP_MAX":1048000,"POP_MIN":767531,"LATITUDE":36.621945,"LONGITUDE":101.768059,"MEGACITY":1,"WORLDCITY":0},"geometry":{"type":"Point","coordinates":[101.768059,36.621944]}},{"type":"Feature","properties":{"NAME":"Norfolk","NAMEASCII":"Norfolk","ADM0NAME":"United States of America","ADM0_A3":"USA","ADM1NAME":"Virginia","ISO_A2":"US","POP_MAX":1047869,"POP_MIN":242803,"LATITUDE":36.849959,"LONGITUDE":-76.280006,"MEGACITY":0,"WORLDCITY":0},"geometry":{"type":"Point","coordinates":[-76.280006,36.849959]}},{"type":"Feature","properties":{"NAME":"Zhangjiakou","NAMEASCII":"Zhangjiakou","ADM0NAME":"China","ADM0_A3":"CHN","ADM1NAME":"Hebei","ISO_A2":"CN","POP_MAX":1046000,"POP_MIN":559641,"LATITUDE":40.831946,"LONGITUDE":114.928031,"MEGACITY":1,"WORLDCITY":0},"geometry":{"type":"Point","coordinates":[114.852027,40.805255]}},{"type":"Feature","properties":{"NAME":"Lille","NAMEASCII":"Lille","ADM0NAME":"France","ADM0_A3":"FRA","ADM1NAME":"Nord-Pas-de-Calais","ISO_A2":"FR","POP_MAX":1044000,"POP_MIN":228328,"LATITUDE":50.651915,"LONGITUDE":3.078062,"MEGACITY":1,"WORLDCITY":0},"geometry":{"type":"Point","coordinates":[3.078062,50.651915]}},{"type":"Feature","properties":{"NAME":"Gaziantep","NAMEASCII":"Gaziantep","ADM0NAME":"Turkey","ADM0_A3":"TUR","ADM1NAME":"Gaziantep","ISO_A2":"TR","POP_MAX":1044000,"POP_MIN":842524,"LATITUDE":37.07693,"LONGITUDE":37.383048,"MEGACITY":1,"WORLDCITY":0},"geometry":{"type":"Point","coordinates":[37.383048,37.07693]}},{"type":"Feature","properties":{"NAME":"Ranchi","NAMEASCII":"Ranchi","ADM0NAME":"India","ADM0_A3":"IND","ADM1NAME":"Jharkhand","ISO_A2":"IN","POP_MAX":1044000,"POP_MIN":846454,"LATITUDE":23.371952,"LONGITUDE":85.328081,"MEGACITY":1,"WORLDCITY":0},"geometry":{"type":"Point","coordinates":[85.32808,23.371952]}},{"type":"Feature","properties":{"NAME":"Monrovia","NAMEASCII":"Monrovia","ADM0NAME":"Liberia","ADM0_A3":"LBR","ADM1NAME":"Montserrado","ISO_A2":"LR","POP_MAX":1041000,"POP_MIN":785662,"LATITUDE":6.314582,"LONGITUDE":-10.79966,"MEGACITY":1,"WORLDCITY":0},"geometry":{"type":"Point","coordinates":[-10.79966,6.314582]}},{"type":"Feature","properties":{"NAME":"São Luís","NAMEASCII":"Sao Luis","ADM0NAME":"Brazil","ADM0_A3":"BRA","ADM1NAME":"Maranhão","ISO_A2":"BR","POP_MAX":1038000,"POP_MIN":11385,"LATITUDE":-2.514039,"LONGITUDE":-44.267937,"MEGACITY":1,"WORLDCITY":0},"geometry":{"type":"Point","coordinates":[-44.267937,-2.514039]}},{"type":"Feature","properties":{"NAME":"Amsterdam","NAMEASCII":"Amsterdam","ADM0NAME":"Netherlands","ADM0_A3":"NLD","ADM1NAME":"Noord-Holland","ISO_A2":"NL","POP_MAX":1031000,"POP_MIN":741636,"LATITUDE":52.351915,"LONGITUDE":4.914694,"MEGACITY":1,"WORLDCITY":1},"geometry":{"type":"Point","coordinates":[4.914694,52.351914]}},{"type":"Feature","properties":{"NAME":"Jerusalem","NAMEASCII":"Jerusalem","ADM0NAME":"Israel","ADM0_A3":"ISR","ADM1NAME":"Jerusalem","ISO_A2":"IL","POP_MAX":1029300,"POP_MIN":801000,"LATITUDE":31.778408,"LONGITUDE":35.206626,"MEGACITY":0,"WORLDCITY":0},"geometry":{"type":"Point","coordinates":[35.206626,31.778408]}},{"type":"Feature","properties":{"NAME":"Guatemala City","NAMEASCII":"Guatemala","ADM0NAME":"Guatemala","ADM0_A3":"GTM","ADM1NAME":"Guatemala","ISO_A2":"GT","POP_MAX":1024000,"POP_MIN":994938,"LATITUDE":14.623081,"LONGITUDE":-90.528911,"MEGACITY":1,"WORLDCITY":0},"geometry":{"type":"Point","coordinates":[-90.528911,14.623081]}},{"type":"Feature","properties":{"NAME":"Zhuhai","NAMEASCII":"Zhuhai","ADM0NAME":"China","ADM0_A3":"CHN","ADM1NAME":"Guangdong","ISO_A2":"CN","POP_MAX":1023000,"POP_MIN":1023000,"LATITUDE":22.27889,"LONGITUDE":113.565832,"MEGACITY":1,"WORLDCITY":0},"geometry":{"type":"Point","coordinates":[113.565832,22.27889]}},{"type":"Feature","properties":{"NAME":"Florianópolis","NAMEASCII":"Florianopolis","ADM0NAME":"Brazil","ADM0_A3":"BRA","ADM1NAME":"Santa Catarina","ISO_A2":"BR","POP_MAX":1023000,"POP_MIN":114566,"LATITUDE":-27.578039,"LONGITUDE":-48.521966,"MEGACITY":1,"WORLDCITY":0},"geometry":{"type":"Point","coordinates":[-48.521966,-27.578039]}},{"type":"Feature","properties":{"NAME":"Port Elizabeth","NAMEASCII":"Port Elizabeth","ADM0NAME":"South Africa","ADM0_A3":"ZAF","ADM1NAME":"Eastern Cape","ISO_A2":"ZA","POP_MAX":1021000,"POP_MIN":640054,"LATITUDE":-33.968088,"LONGITUDE":25.598083,"MEGACITY":1,"WORLDCITY":0},"geometry":{"type":"Point","coordinates":[25.598083,-33.968088]}},{"type":"Feature","properties":{"NAME":"Port Harcourt","NAMEASCII":"Port Harcourt","ADM0NAME":"Nigeria","ADM0_A3":"NGA","ADM1NAME":"Rivers","ISO_A2":"NG","POP_MAX":1020000,"POP_MIN":1020000,"LATITUDE":4.811948,"LONGITUDE":7.008055,"MEGACITY":1,"WORLDCITY":0},"geometry":{"type":"Point","coordinates":[7.008055,4.811948]}},{"type":"Feature","properties":{"NAME":"Jiamusi","NAMEASCII":"Jiamusi","ADM0NAME":"China","ADM0_A3":"CHN","ADM1NAME":"Heilongjiang","ISO_A2":"CN","POP_MAX":1020000,"POP_MIN":549549,"LATITUDE":46.831967,"LONGITUDE":130.348072,"MEGACITY":1,"WORLDCITY":0},"geometry":{"type":"Point","coordinates":[130.348072,46.831967]}},{"type":"Feature","properties":{"NAME":"Bridgeport","NAMEASCII":"Bridgeport","ADM0NAME":"United States of America","ADM0_A3":"USA","ADM1NAME":"Connecticut","ISO_A2":"US","POP_MAX":1018000,"POP_MIN":139090,"LATITUDE":41.181925,"LONGITUDE":-73.201907,"MEGACITY":1,"WORLDCITY":0},"geometry":{"type":"Point","coordinates":[-73.201907,41.181925]}},{"type":"Feature","properties":{"NAME":"Ufa","NAMEASCII":"Ufa","ADM0NAME":"Russia","ADM0_A3":"RUS","ADM1NAME":"Bashkortostan","ISO_A2":"RU","POP_MAX":1018000,"POP_MIN":920756,"LATITUDE":54.791921,"LONGITUDE":56.038085,"MEGACITY":1,"WORLDCITY":0},"geometry":{"type":"Point","coordinates":[56.038085,54.791921]}},{"type":"Feature","properties":{"NAME":"Hengyang","NAMEASCII":"Hengyang","ADM0NAME":"China","ADM0_A3":"CHN","ADM1NAME":"Hunan","ISO_A2":"CN","POP_MAX":1016000,"POP_MIN":759602,"LATITUDE":26.881971,"LONGITUDE":112.58807,"MEGACITY":1,"WORLDCITY":0},"geometry":{"type":"Point","coordinates":[112.58807,26.881971]}},{"type":"Feature","properties":{"NAME":"Buffalo","NAMEASCII":"Buffalo","ADM0NAME":"United States of America","ADM0_A3":"USA","ADM1NAME":"New York","ISO_A2":"US","POP_MAX":1016000,"POP_MIN":279557,"LATITUDE":42.881924,"LONGITUDE":-78.881948,"MEGACITY":1,"WORLDCITY":0},"geometry":{"type":"Point","coordinates":[-78.881948,42.881924]}},{"type":"Feature","properties":{"NAME":"Benxi","NAMEASCII":"Benxi","ADM0NAME":"China","ADM0_A3":"CHN","ADM1NAME":"Liaoning","ISO_A2":"CN","POP_MAX":1012000,"POP_MIN":835866,"LATITUDE":41.332329,"LONGITUDE":123.748061,"MEGACITY":1,"WORLDCITY":0},"geometry":{"type":"Point","coordinates":[123.748061,41.332329]}},{"type":"Feature","properties":{"NAME":"Haifa","NAMEASCII":"Haifa","ADM0NAME":"Israel","ADM0_A3":"ISR","ADM1NAME":"Haifa","ISO_A2":"IL","POP_MAX":1011000,"POP_MIN":267300,"LATITUDE":32.822357,"LONGITUDE":34.978079,"MEGACITY":1,"WORLDCITY":0},"geometry":{"type":"Point","coordinates":[34.978079,32.822357]}},{"type":"Feature","properties":{"NAME":"Medina","NAMEASCII":"Medina","ADM0NAME":"Saudi Arabia","ADM0_A3":"SAU","ADM1NAME":"Al Madinah","ISO_A2":"SA","POP_MAX":1010000,"POP_MIN":1010000,"LATITUDE":24.501935,"LONGITUDE":39.578057,"MEGACITY":1,"WORLDCITY":0},"geometry":{"type":"Point","coordinates":[39.578057,24.501935]}},{"type":"Feature","properties":{"NAME":"Bucaramanga","NAMEASCII":"Bucaramanga","ADM0NAME":"Colombia","ADM0_A3":"COL","ADM1NAME":"Santander","ISO_A2":"CO","POP_MAX":1009000,"POP_MIN":571820,"LATITUDE":7.132039,"LONGITUDE":-73.127829,"MEGACITY":1,"WORLDCITY":0},"geometry":{"type":"Point","coordinates":[-73.127829,7.132039]}},{"type":"Feature","properties":{"NAME":"Maracay","NAMEASCII":"Maracay","ADM0NAME":"Venezuela","ADM0_A3":"VEN","ADM1NAME":"Aragua","ISO_A2":"VE","POP_MAX":1007000,"POP_MIN":1007000,"LATITUDE":10.248826,"LONGITUDE":-67.597753,"MEGACITY":1,"WORLDCITY":0},"geometry":{"type":"Point","coordinates":[-67.597753,10.248826]}},{"type":"Feature","properties":{"NAME":"Rotterdam","NAMEASCII":"Rotterdam","ADM0NAME":"Netherlands","ADM0_A3":"NLD","ADM1NAME":"Zuid-Holland","ISO_A2":"NL","POP_MAX":1005000,"POP_MIN":598199,"LATITUDE":51.921915,"LONGITUDE":4.478029,"MEGACITY":1,"WORLDCITY":0},"geometry":{"type":"Point","coordinates":[4.478028,51.921915]}},{"type":"Feature","properties":{"NAME":"Homs","NAMEASCII":"Hims","ADM0NAME":"Syria","ADM0_A3":"SYR","ADM1NAME":"Homs (Hims)","ISO_A2":"SY","POP_MAX":1005000,"POP_MIN":775404,"LATITUDE":34.731905,"LONGITUDE":36.718076,"MEGACITY":1,"WORLDCITY":0},"geometry":{"type":"Point","coordinates":[36.718076,34.731905]}},{"type":"Feature","properties":{"NAME":"Cologne","NAMEASCII":"Cologne","ADM0NAME":"Germany","ADM0_A3":"DEU","ADM1NAME":"Nordrhein-Westfalen","ISO_A2":"DE","POP_MAX":1004000,"POP_MIN":963395,"LATITUDE":50.93195,"LONGITUDE":6.948059,"MEGACITY":1,"WORLDCITY":0},"geometry":{"type":"Point","coordinates":[6.948059,50.93195]}},{"type":"Feature","properties":{"NAME":"Qinhuangdao","NAMEASCII":"Qinhuangdao","ADM0NAME":"China","ADM0_A3":"CHN","ADM1NAME":"Hebei","ISO_A2":"CN","POP_MAX":1003000,"POP_MIN":759718,"LATITUDE":39.932311,"LONGITUDE":119.618081,"MEGACITY":1,"WORLDCITY":0},"geometry":{"type":"Point","coordinates":[119.618081,39.932311]}},{"type":"Feature","properties":{"NAME":"Fez","NAMEASCII":"Fez","ADM0NAME":"Morocco","ADM0_A3":"MAR","ADM1NAME":"Fès - Boulemane","ISO_A2":"MA","POP_MAX":1002000,"POP_MIN":964891,"LATITUDE":34.056546,"LONGITUDE":-5.002323,"MEGACITY":1,"WORLDCITY":0},"geometry":{"type":"Point","coordinates":[-5.002323,34.056545]}},{"type":"Feature","properties":{"NAME":"Yongzhou","NAMEASCII":"Yongzhou","ADM0NAME":"China","ADM0_A3":"CHN","ADM1NAME":"Hunan","ISO_A2":"CN","POP_MAX":1000000,"POP_MIN":400361,"LATITUDE":26.23232,"LONGITUDE":111.618052,"MEGACITY":1,"WORLDCITY":0},"geometry":{"type":"Point","coordinates":[111.609135,26.41792]}},{"type":"Feature","properties":{"NAME":"Cochabamba","NAMEASCII":"Cochabamba","ADM0NAME":"Bolivia","ADM0_A3":"BOL","ADM1NAME":"Cochabamba","ISO_A2":"BO","POP_MAX":1000000,"POP_MIN":608276,"LATITUDE":-17.410011,"LONGITUDE":-66.169977,"MEGACITY":0,"WORLDCITY":0},"geometry":{"type":"Point","coordinates":[-66.169977,-17.410011]}},{"type":"Feature","properties":{"NAME":"Da Nang","NAMEASCII":"Da Nang","ADM0NAME":"Vietnam","ADM0_A3":"VNM","ADM1NAME":"Ðà N?ng","ISO_A2":"VN","POP_MAX":1000000,"POP_MIN":887069,"LATITUDE":16.060039,"LONGITUDE":108.249971,"MEGACITY":0,"WORLDCITY":0},"geometry":{"type":"Point","coordinates":[108.249971,16.060039]}},{"type":"Feature","properties":{"NAME":"Baoshan","NAMEASCII":"Baoshan","ADM0NAME":"China","ADM0_A3":"CHN","ADM1NAME":"Yunnan","ISO_A2":"CN","POP_MAX":1000000,"POP_MIN":850000,"LATITUDE":25.119977,"LONGITUDE":99.15001,"MEGACITY":0,"WORLDCITY":0},"geometry":{"type":"Point","coordinates":[99.15001,25.119977]}},{"type":"Feature","properties":{"NAME":"Aden","NAMEASCII":"Aden","ADM0NAME":"Yemen","ADM0_A3":"YEM","ADM1NAME":"`Adan","ISO_A2":"YE","POP_MAX":1000000,"POP_MIN":550602,"LATITUDE":12.779723,"LONGITUDE":45.00949,"MEGACITY":0,"WORLDCITY":0},"geometry":{"type":"Point","coordinates":[45.00949,12.779723]}},{"type":"Feature","properties":{"NAME":"Kitakyūshū","NAMEASCII":"Kitakyushu","ADM0NAME":"Japan","ADM0_A3":"JPN","ADM1NAME":"Fukuoka","ISO_A2":"JP","POP_MAX":997536,"POP_MIN":983037,"LATITUDE":33.870399,"LONGITUDE":130.820015,"MEGACITY":0,"WORLDCITY":0},"geometry":{"type":"Point","coordinates":[130.820015,33.870399]}},{"type":"Feature","properties":{"NAME":"Perm","NAMEASCII":"Perm","ADM0NAME":"Russia","ADM0_A3":"RUS","ADM1NAME":"Perm'","ISO_A2":"RU","POP_MAX":997000,"POP_MIN":851308,"LATITUDE":58.001906,"LONGITUDE":56.248047,"MEGACITY":1,"WORLDCITY":0},"geometry":{"type":"Point","coordinates":[56.248047,58.001906]}},{"type":"Feature","properties":{"NAME":"Ahvaz","NAMEASCII":"Ahvaz","ADM0NAME":"Iran","ADM0_A3":"IRN","ADM1NAME":"Khuzestan","ISO_A2":"IR","POP_MAX":996000,"POP_MIN":841145,"LATITUDE":31.281935,"LONGITUDE":48.718067,"MEGACITY":1,"WORLDCITY":0},"geometry":{"type":"Point","coordinates":[48.718067,31.281934]}},{"type":"Feature","properties":{"NAME":"Charlotte","NAMEASCII":"Charlotte","ADM0NAME":"United States of America","ADM0_A3":"USA","ADM1NAME":"North Carolina","ISO_A2":"US","POP_MAX":995000,"POP_MIN":892149,"LATITUDE":35.20694,"LONGITUDE":-80.831984,"MEGACITY":1,"WORLDCITY":0},"geometry":{"type":"Point","coordinates":[-80.831984,35.20694]}},{"type":"Feature","properties":{"NAME":"Jodhpur","NAMEASCII":"Jodhpur","ADM0NAME":"India","ADM0_A3":"IND","ADM1NAME":"Rajasthan","ISO_A2":"IN","POP_MAX":995000,"POP_MIN":921476,"LATITUDE":26.293712,"LONGITUDE":73.014827,"MEGACITY":1,"WORLDCITY":0},"geometry":{"type":"Point","coordinates":[73.014827,26.293712]}},{"type":"Feature","properties":{"NAME":"San Luis Potosí","NAMEASCII":"San Luis Potosi","ADM0NAME":"Mexico","ADM0_A3":"MEX","ADM1NAME":"San Luis Potosí","ISO_A2":"MX","POP_MAX":992000,"POP_MIN":677704,"LATITUDE":22.171922,"LONGITUDE":-101.001941,"MEGACITY":1,"WORLDCITY":0},"geometry":{"type":"Point","coordinates":[-101.001941,22.171922]}},{"type":"Feature","properties":{"NAME":"Odessa","NAMEASCII":"Odessa","ADM0NAME":"Ukraine","ADM0_A3":"UKR","ADM1NAME":"Odessa","ISO_A2":"UA","POP_MAX":991000,"POP_MIN":704001,"LATITUDE":46.491962,"LONGITUDE":30.708055,"MEGACITY":1,"WORLDCITY":0},"geometry":{"type":"Point","coordinates":[30.708055,46.491962]}},{"type":"Feature","properties":{"NAME":"Yinchuan","NAMEASCII":"Yinchuan","ADM0NAME":"China","ADM0_A3":"CHN","ADM1NAME":"Ningxia Hui","ISO_A2":"CN","POP_MAX":991000,"POP_MIN":324228,"LATITUDE":38.46992,"LONGITUDE":106.271092,"MEGACITY":1,"WORLDCITY":0},"geometry":{"type":"Point","coordinates":[106.271092,38.46992]}},{"type":"Feature","properties":{"NAME":"N'Djamena","NAMEASCII":"Ndjamena","ADM0NAME":"Chad","ADM0_A3":"TCD","ADM1NAME":"Hadjer-Lamis","ISO_A2":"TD","POP_MAX":989000,"POP_MIN":681387,"LATITUDE":12.115042,"LONGITUDE":15.047203,"MEGACITY":1,"WORLDCITY":0},"geometry":{"type":"Point","coordinates":[15.047202,12.115042]}},{"type":"Feature","properties":{"NAME":"Jiaxing","NAMEASCII":"Jiaxing","ADM0NAME":"China","ADM0_A3":"CHN","ADM1NAME":"Zhejiang","ISO_A2":"CN","POP_MAX":988000,"POP_MIN":466101,"LATITUDE":30.772353,"LONGITUDE":120.748037,"MEGACITY":1,"WORLDCITY":0},"geometry":{"type":"Point","coordinates":[120.748037,30.772353]}},{"type":"Feature","properties":{"NAME":"Joinville","NAMEASCII":"Joinville","ADM0NAME":"Brazil","ADM0_A3":"BRA","ADM1NAME":"Santa Catarina","ISO_A2":"BR","POP_MAX":988000,"POP_MIN":433475,"LATITUDE":-26.318012,"LONGITUDE":-48.841895,"MEGACITY":1,"WORLDCITY":0},"geometry":{"type":"Point","coordinates":[-48.841895,-26.318012]}},{"type":"Feature","properties":{"NAME":"Jacksonville","NAMEASCII":"Jacksonville","ADM0NAME":"United States of America","ADM0_A3":"USA","ADM1NAME":"Florida","ISO_A2":"US","POP_MAX":988000,"POP_MIN":821907,"LATITUDE":30.331967,"LONGITUDE":-81.671933,"MEGACITY":1,"WORLDCITY":0},"geometry":{"type":"Point","coordinates":[-81.671933,30.331967]}},{"type":"Feature","properties":{"NAME":"Donetsk","NAMEASCII":"Donetsk","ADM0NAME":"Ukraine","ADM0_A3":"UKR","ADM1NAME":"Donets'k","ISO_A2":"UA","POP_MAX":988000,"POP_MIN":760275,"LATITUDE":48.001948,"LONGITUDE":37.828034,"MEGACITY":1,"WORLDCITY":0},"geometry":{"type":"Point","coordinates":[37.828034,48.001947]}},{"type":"Feature","properties":{"NAME":"Guilin","NAMEASCII":"Guilin","ADM0NAME":"China","ADM0_A3":"CHN","ADM1NAME":"Guangxi","ISO_A2":"CN","POP_MAX":987000,"POP_MIN":649352,"LATITUDE":25.281939,"LONGITUDE":110.278082,"MEGACITY":1,"WORLDCITY":0},"geometry":{"type":"Point","coordinates":[110.278082,25.281939]}},{"type":"Feature","properties":{"NAME":"Duhok","NAMEASCII":"Dahuk","ADM0NAME":"Iraq","ADM0_A3":"IRQ","ADM1NAME":"Dihok","ISO_A2":"IQ","POP_MAX":986000,"POP_MIN":255000,"LATITUDE":36.8667,"LONGITUDE":43.000003,"MEGACITY":0,"WORLDCITY":0},"geometry":{"type":"Point","coordinates":[43.000003,36.8667]}},{"type":"Feature","properties":{"NAME":"Volgograd","NAMEASCII":"Volgograd","ADM0NAME":"Russia","ADM0_A3":"RUS","ADM1NAME":"Volgograd","ISO_A2":"RU","POP_MAX":984000,"POP_MIN":619655,"LATITUDE":48.711956,"LONGITUDE":44.498015,"MEGACITY":1,"WORLDCITY":0},"geometry":{"type":"Point","coordinates":[44.498015,48.711956]}},{"type":"Feature","properties":{"NAME":"Guwahati","NAMEASCII":"Guwahati","ADM0NAME":"India","ADM0_A3":"IND","ADM1NAME":"Assam","ISO_A2":"IN","POP_MAX":983000,"POP_MIN":17516,"LATITUDE":26.161963,"LONGITUDE":91.768049,"MEGACITY":1,"WORLDCITY":0},"geometry":{"type":"Point","coordinates":[91.768049,26.161963]}},{"type":"Feature","properties":{"NAME":"Yichun","NAMEASCII":"Yichun","ADM0NAME":"China","ADM0_A3":"CHN","ADM1NAME":"Jiangxi","ISO_A2":"CN","POP_MAX":982000,"POP_MIN":982000,"LATITUDE":27.835279,"LONGITUDE":114.398054,"MEGACITY":1,"WORLDCITY":0},"geometry":{"type":"Point","coordinates":[114.398054,27.835279]}},{"type":"Feature","properties":{"NAME":"Yangquan","NAMEASCII":"Yangquan","ADM0NAME":"China","ADM0_A3":"CHN","ADM1NAME":"Shanxi","ISO_A2":"CN","POP_MAX":981448,"POP_MIN":722155,"LATITUDE":37.869974,"LONGITUDE":113.570008,"MEGACITY":0,"WORLDCITY":0},"geometry":{"type":"Point","coordinates":[113.570008,37.869974]}},{"type":"Feature","properties":{"NAME":"Natal","NAMEASCII":"Natal","ADM0NAME":"Brazil","ADM0_A3":"BRA","ADM1NAME":"Amazonas","ISO_A2":"BR","POP_MAX":980588,"POP_MIN":980588,"LATITUDE":-6.983826,"LONGITUDE":-60.269949,"MEGACITY":0,"WORLDCITY":0},"geometry":{"type":"Point","coordinates":[-60.269949,-6.983826]}},{"type":"Feature","properties":{"NAME":"Chandigarh","NAMEASCII":"Chandigarh","ADM0NAME":"India","ADM0_A3":"IND","ADM1NAME":"Chandigarh","ISO_A2":"IN","POP_MAX":979000,"POP_MIN":914371,"LATITUDE":30.721943,"LONGITUDE":76.77806,"MEGACITY":1,"WORLDCITY":0},"geometry":{"type":"Point","coordinates":[76.77806,30.721943]}},{"type":"Feature","properties":{"NAME":"Gwalior","NAMEASCII":"Gwalior","ADM0NAME":"India","ADM0_A3":"IND","ADM1NAME":"Madhya Pradesh","ISO_A2":"IN","POP_MAX":978000,"POP_MIN":882458,"LATITUDE":26.231933,"LONGITUDE":78.178129,"MEGACITY":1,"WORLDCITY":0},"geometry":{"type":"Point","coordinates":[78.169197,26.200035]}},{"type":"Feature","properties":{"NAME":"Hamamatsu","NAMEASCII":"Hamamatsu","ADM0NAME":"Japan","ADM0_A3":"JPN","ADM1NAME":"Shizuoka","ISO_A2":"JP","POP_MAX":977023,"POP_MIN":797462,"LATITUDE":34.718073,"LONGITUDE":137.732719,"MEGACITY":0,"WORLDCITY":0},"geometry":{"type":"Point","coordinates":[137.732719,34.718073]}},{"type":"Feature","properties":{"NAME":"Qom","NAMEASCII":"Qom","ADM0NAME":"Iran","ADM0_A3":"IRN","ADM1NAME":"Qom","ISO_A2":"IR","POP_MAX":973000,"POP_MIN":893956,"LATITUDE":34.651961,"LONGITUDE":50.94806,"MEGACITY":1,"WORLDCITY":0},"geometry":{"type":"Point","coordinates":[50.94806,34.651961]}},{"type":"Feature","properties":{"NAME":"Salt Lake City","NAMEASCII":"Salt Lake City","ADM0NAME":"United States of America","ADM0_A3":"USA","ADM1NAME":"Utah","ISO_A2":"US","POP_MAX":966000,"POP_MIN":178026,"LATITUDE":40.776962,"LONGITUDE":-111.931998,"MEGACITY":1,"WORLDCITY":0},"geometry":{"type":"Point","coordinates":[-111.931998,40.776962]}},{"type":"Feature","properties":{"NAME":"Jixi","NAMEASCII":"Jixi","ADM0NAME":"China","ADM0_A3":"CHN","ADM1NAME":"Heilongjiang","ISO_A2":"CN","POP_MAX":965000,"POP_MIN":403759,"LATITUDE":45.301906,"LONGITUDE":130.968085,"MEGACITY":1,"WORLDCITY":0},"geometry":{"type":"Point","coordinates":[130.968085,45.301906]}},{"type":"Feature","properties":{"NAME":"Mérida","NAMEASCII":"Merida","ADM0NAME":"Mexico","ADM0_A3":"MEX","ADM1NAME":"Yucatán","ISO_A2":"MX","POP_MAX":965000,"POP_MIN":717175,"LATITUDE":20.968585,"LONGITUDE":-89.618579,"MEGACITY":1,"WORLDCITY":0},"geometry":{"type":"Point","coordinates":[-89.618579,20.968585]}},{"type":"Feature","properties":{"NAME":"Xinyi","NAMEASCII":"Xinyi","ADM0NAME":"China","ADM0_A3":"CHN","ADM1NAME":"Jiangsu","ISO_A2":"CN","POP_MAX":962656,"POP_MIN":962656,"LATITUDE":34.380006,"LONGITUDE":118.350026,"MEGACITY":0,"WORLDCITY":0},"geometry":{"type":"Point","coordinates":[118.350026,34.380006]}},{"type":"Feature","properties":{"NAME":"Querétaro","NAMEASCII":"Queretaro","ADM0NAME":"Mexico","ADM0_A3":"MEX","ADM1NAME":"Querétaro","ISO_A2":"MX","POP_MAX":961000,"POP_MIN":611785,"LATITUDE":20.631964,"LONGITUDE":-100.381928,"MEGACITY":1,"WORLDCITY":0},"geometry":{"type":"Point","coordinates":[-100.386667,20.577704]}},{"type":"Feature","properties":{"NAME":"Pingxiang","NAMEASCII":"Pingxiang","ADM0NAME":"China","ADM0_A3":"CHN","ADM1NAME":"Jiangxi","ISO_A2":"CN","POP_MAX":961000,"POP_MIN":372123,"LATITUDE":27.621951,"LONGITUDE":113.848097,"MEGACITY":1,"WORLDCITY":0},"geometry":{"type":"Point","coordinates":[113.848097,27.621951]}},{"type":"Feature","properties":{"NAME":"Kelang","NAMEASCII":"Kelang","ADM0NAME":"Malaysia","ADM0_A3":"MYS","ADM1NAME":"Selangor","ISO_A2":"MY","POP_MAX":956000,"POP_MIN":879867,"LATITUDE":3.022316,"LONGITUDE":101.548072,"MEGACITY":1,"WORLDCITY":0},"geometry":{"type":"Point","coordinates":[101.447059,3.043281]}},{"type":"Feature","properties":{"NAME":"Jinzhou","NAMEASCII":"Jinzhou","ADM0NAME":"China","ADM0_A3":"CHN","ADM1NAME":"Liaoning","ISO_A2":"CN","POP_MAX":956000,"POP_MIN":604269,"LATITUDE":41.122316,"LONGITUDE":121.098094,"MEGACITY":1,"WORLDCITY":0},"geometry":{"type":"Point","coordinates":[121.098094,41.122316]}},{"type":"Feature","properties":{"NAME":"João Pessoa","NAMEASCII":"Joao Pessoa","ADM0NAME":"Brazil","ADM0_A3":"BRA","ADM1NAME":"Paraíba","ISO_A2":"BR","POP_MAX":956000,"POP_MIN":650883,"LATITUDE":-7.099189,"LONGITUDE":-34.878017,"MEGACITY":1,"WORLDCITY":0},"geometry":{"type":"Point","coordinates":[-34.878017,-7.099189]}},{"type":"Feature","properties":{"NAME":"Salerno","NAMEASCII":"Salerno","ADM0NAME":"Italy","ADM0_A3":"ITA","ADM1NAME":"Campania","ISO_A2":"IT","POP_MAX":954265,"POP_MIN":139579,"LATITUDE":40.680397,"LONGITUDE":14.769941,"MEGACITY":0,"WORLDCITY":0},"geometry":{"type":"Point","coordinates":[14.769941,40.680397]}},{"type":"Feature","properties":{"NAME":"Thiruvananthapuram","NAMEASCII":"Thiruvananthapuram","ADM0NAME":"India","ADM0_A3":"IND","ADM1NAME":"Kerala","ISO_A2":"IN","POP_MAX":954000,"POP_MIN":784153,"LATITUDE":8.50193,"LONGITUDE":76.948075,"MEGACITY":1,"WORLDCITY":0},"geometry":{"type":"Point","coordinates":[76.925191,8.515521]}},{"type":"Feature","properties":{"NAME":"Kozhikode","NAMEASCII":"Kozhikode","ADM0NAME":"India","ADM0_A3":"IND","ADM1NAME":"Kerala","ISO_A2":"IN","POP_MAX":953000,"POP_MIN":439922,"LATITUDE":11.252382,"LONGITUDE":75.768044,"MEGACITY":1,"WORLDCITY":0},"geometry":{"type":"Point","coordinates":[75.768044,11.252382]}},{"type":"Feature","properties":{"NAME":"Ogbomosho","NAMEASCII":"Ogbomosho","ADM0NAME":"Nigeria","ADM0_A3":"NGA","ADM1NAME":"Oyo","ISO_A2":"NG","POP_MAX":951000,"POP_MIN":239127,"LATITUDE":8.131952,"LONGITUDE":4.238043,"MEGACITY":1,"WORLDCITY":0},"geometry":{"type":"Point","coordinates":[4.238043,8.131952]}},{"type":"Feature","properties":{"NAME":"Tiruchirappalli","NAMEASCII":"Tiruchirappalli","ADM0NAME":"India","ADM0_A3":"IND","ADM1NAME":"Tamil Nadu","ISO_A2":"IN","POP_MAX":951000,"POP_MIN":775484,"LATITUDE":10.811944,"LONGITUDE":78.688021,"MEGACITY":1,"WORLDCITY":0},"geometry":{"type":"Point","coordinates":[78.687512,10.800541]}},{"type":"Feature","properties":{"NAME":"General Santos","NAMEASCII":"General Santos","ADM0NAME":"Philippines","ADM0_A3":"PHL","ADM1NAME":"South Cotabato","ISO_A2":"PH","POP_MAX":950530,"POP_MIN":538086,"LATITUDE":6.110827,"LONGITUDE":125.174726,"MEGACITY":0,"WORLDCITY":0},"geometry":{"type":"Point","coordinates":[125.174726,6.110827]}},{"type":"Feature","properties":{"NAME":"Hue","NAMEASCII":"Hue","ADM0NAME":"Vietnam","ADM0_A3":"VNM","ADM1NAME":"Th?a Thiên - Hu?","ISO_A2":"VN","POP_MAX":950000,"POP_MIN":340000,"LATITUDE":16.469988,"LONGITUDE":107.580038,"MEGACITY":0,"WORLDCITY":0},"geometry":{"type":"Point","coordinates":[107.580038,16.469988]}},{"type":"Feature","properties":{"NAME":"Bacolod","NAMEASCII":"Bacolod","ADM0NAME":"Philippines","ADM0_A3":"PHL","ADM1NAME":"Negros Occidental","ISO_A2":"PH","POP_MAX":949354,"POP_MIN":511820,"LATITUDE":10.631688,"LONGITUDE":122.981682,"MEGACITY":0,"WORLDCITY":0},"geometry":{"type":"Point","coordinates":[122.981682,10.631688]}},{"type":"Feature","properties":{"NAME":"Louisville","NAMEASCII":"Louisville","ADM0NAME":"United States of America","ADM0_A3":"USA","ADM1NAME":"Kentucky","ISO_A2":"US","POP_MAX":948000,"POP_MIN":243639,"LATITUDE":38.226963,"LONGITUDE":-85.75065,"MEGACITY":1,"WORLDCITY":0},"geometry":{"type":"Point","coordinates":[-85.75065,38.226963]}},{"type":"Feature","properties":{"NAME":"Nantong","NAMEASCII":"Nantong","ADM0NAME":"China","ADM0_A3":"CHN","ADM1NAME":"Jiangsu","ISO_A2":"CN","POP_MAX":947000,"POP_MIN":666251,"LATITUDE":32.032328,"LONGITUDE":120.823072,"MEGACITY":1,"WORLDCITY":0},"geometry":{"type":"Point","coordinates":[120.924587,31.982269]}},{"type":"Feature","properties":{"NAME":"Tulsa","NAMEASCII":"Tulsa","ADM0NAME":"United States of America","ADM0_A3":"USA","ADM1NAME":"Oklahoma","ISO_A2":"US","POP_MAX":946962,"POP_MIN":391906,"LATITUDE":36.120003,"LONGITUDE":-95.930021,"MEGACITY":0,"WORLDCITY":0},"geometry":{"type":"Point","coordinates":[-95.930021,36.120003]}},{"type":"Feature","properties":{"NAME":"Tegucigalpa","NAMEASCII":"Tegucigalpa","ADM0NAME":"Honduras","ADM0_A3":"HND","ADM1NAME":"Francisco Morazán","ISO_A2":"HN","POP_MAX":946000,"POP_MIN":850848,"LATITUDE":14.103991,"LONGITUDE":-87.219475,"MEGACITY":1,"WORLDCITY":0},"geometry":{"type":"Point","coordinates":[-87.219475,14.103991]}},{"type":"Feature","properties":{"NAME":"Foshan","NAMEASCII":"Foshan","ADM0NAME":"China","ADM0_A3":"CHN","ADM1NAME":"Guangdong","ISO_A2":"CN","POP_MAX":943000,"POP_MIN":627348,"LATITUDE":23.031999,"LONGITUDE":113.118064,"MEGACITY":1,"WORLDCITY":0},"geometry":{"type":"Point","coordinates":[113.113576,23.010477]}},{"type":"Feature","properties":{"NAME":"Songnam","NAMEASCII":"Songnam","ADM0NAME":"South Korea","ADM0_A3":"KOR","ADM1NAME":"Gyeonggi-do","ISO_A2":"KR","POP_MAX":942000,"POP_MIN":1031935,"LATITUDE":37.440557,"LONGITUDE":127.135832,"MEGACITY":1,"WORLDCITY":0},"geometry":{"type":"Point","coordinates":[127.135832,37.440557]}},{"type":"Feature","properties":{"NAME":"Kingston","NAMEASCII":"Kingston","ADM0NAME":"Jamaica","ADM0_A3":"JAM","ADM1NAME":"Kingston","ISO_A2":"JM","POP_MAX":937700,"POP_MIN":664973,"LATITUDE":17.977077,"LONGITUDE":-76.767434,"MEGACITY":0,"WORLDCITY":0},"geometry":{"type":"Point","coordinates":[-76.767434,17.977077]}},{"type":"Feature","properties":{"NAME":"Naypyidaw","NAMEASCII":"Naypyidaw","ADM0NAME":"Myanmar","ADM0_A3":"MMR","ADM1NAME":"Mandalay","ISO_A2":"MM","POP_MAX":930000,"POP_MIN":194824,"LATITUDE":19.768503,"LONGITUDE":96.116673,"MEGACITY":1,"WORLDCITY":0},"geometry":{"type":"Point","coordinates":[96.116673,19.768503]}},{"type":"Feature","properties":{"NAME":"Nice","NAMEASCII":"Nice","ADM0NAME":"France","ADM0_A3":"FRA","ADM1NAME":"Provence-Alpes-Côte-d'Azur","ISO_A2":"FR","POP_MAX":927000,"POP_MIN":338620,"LATITUDE":43.716964,"LONGITUDE":7.263078,"MEGACITY":1,"WORLDCITY":0},"geometry":{"type":"Point","coordinates":[7.263078,43.716964]}},{"type":"Feature","properties":{"NAME":"Irbil","NAMEASCII":"Irbil","ADM0NAME":"Iraq","ADM0_A3":"IRQ","ADM1NAME":"Arbil","ISO_A2":"IQ","POP_MAX":926000,"POP_MIN":665740,"LATITUDE":36.18099,"LONGITUDE":44.006675,"MEGACITY":1,"WORLDCITY":0},"geometry":{"type":"Point","coordinates":[44.006675,36.18099]}},{"type":"Feature","properties":{"NAME":"Krasnoyarsk","NAMEASCII":"Krasnoyarsk","ADM0NAME":"Russia","ADM0_A3":"RUS","ADM1NAME":"Krasnoyarsk","ISO_A2":"RU","POP_MAX":925000,"POP_MIN":302210,"LATITUDE":56.015929,"LONGITUDE":92.864055,"MEGACITY":1,"WORLDCITY":0},"geometry":{"type":"Point","coordinates":[92.864055,56.015929]}},{"type":"Feature","properties":{"NAME":"Djibouti","NAMEASCII":"Djibouti","ADM0NAME":"Djibouti","ADM0_A3":"DJI","ADM1NAME":"Djibouti","ISO_A2":"DJ","POP_MAX":923000,"POP_MIN":604013,"LATITUDE":11.595015,"LONGITUDE":43.148002,"MEGACITY":0,"WORLDCITY":0},"geometry":{"type":"Point","coordinates":[43.148002,11.595014]}},{"type":"Feature","properties":{"NAME":"Olinda","NAMEASCII":"Olinda","ADM0NAME":"Brazil","ADM0_A3":"BRA","ADM1NAME":"Pernambuco","ISO_A2":"BR","POP_MAX":921840,"POP_MIN":397268,"LATITUDE":-7.999991,"LONGITUDE":-34.849951,"MEGACITY":0,"WORLDCITY":0},"geometry":{"type":"Point","coordinates":[-34.849951,-7.999991]}},{"type":"Feature","properties":{"NAME":"Antwerpen","NAMEASCII":"Antwerpen","ADM0NAME":"Belgium","ADM0_A3":"BEL","ADM1NAME":"Antwerp","ISO_A2":"BE","POP_MAX":920000,"POP_MIN":459805,"LATITUDE":51.222319,"LONGITUDE":4.413071,"MEGACITY":1,"WORLDCITY":0},"geometry":{"type":"Point","coordinates":[4.413071,51.222319]}},{"type":"Feature","properties":{"NAME":"Managua","NAMEASCII":"Managua","ADM0NAME":"Nicaragua","ADM0_A3":"NIC","ADM1NAME":"Managua","ISO_A2":"NI","POP_MAX":920000,"POP_MIN":920000,"LATITUDE":12.154962,"LONGITUDE":-86.270438,"MEGACITY":1,"WORLDCITY":0},"geometry":{"type":"Point","coordinates":[-86.270437,12.154962]}},{"type":"Feature","properties":{"NAME":"Konya","NAMEASCII":"Konya","ADM0NAME":"Turkey","ADM0_A3":"TUR","ADM1NAME":"Konya","ISO_A2":"TR","POP_MAX":919000,"POP_MIN":518360,"LATITUDE":37.876958,"LONGITUDE":32.473064,"MEGACITY":1,"WORLDCITY":0},"geometry":{"type":"Point","coordinates":[32.473064,37.876958]}},{"type":"Feature","properties":{"NAME":"Bogor","NAMEASCII":"Bogor","ADM0NAME":"Indonesia","ADM0_A3":"IDN","ADM1NAME":"Jawa Barat","ISO_A2":"ID","POP_MAX":918000,"POP_MIN":800000,"LATITUDE":-6.568055,"LONGITUDE":106.748065,"MEGACITY":1,"WORLDCITY":0},"geometry":{"type":"Point","coordinates":[106.748065,-6.568055]}},{"type":"Feature","properties":{"NAME":"Niamey","NAMEASCII":"Niamey","ADM0NAME":"Niger","ADM0_A3":"NER","ADM1NAME":"Niamey","ISO_A2":"NE","POP_MAX":915000,"POP_MIN":742791,"LATITUDE":13.518652,"LONGITUDE":2.11471,"MEGACITY":1,"WORLDCITY":0},"geometry":{"type":"Point","coordinates":[2.11471,13.518652]}},{"type":"Feature","properties":{"NAME":"Hartford","NAMEASCII":"Hartford","ADM0NAME":"United States of America","ADM0_A3":"USA","ADM1NAME":"Connecticut","ISO_A2":"US","POP_MAX":913000,"POP_MIN":124019,"LATITUDE":41.771966,"LONGITUDE":-72.681913,"MEGACITY":1,"WORLDCITY":0},"geometry":{"type":"Point","coordinates":[-72.681913,41.771966]}},{"type":"Feature","properties":{"NAME":"Huaibei","NAMEASCII":"Huaibei","ADM0NAME":"China","ADM0_A3":"CHN","ADM1NAME":"Anhui","ISO_A2":"CN","POP_MAX":913000,"POP_MIN":903039,"LATITUDE":33.952314,"LONGITUDE":116.748075,"MEGACITY":1,"WORLDCITY":0},"geometry":{"type":"Point","coordinates":[116.748075,33.952314]}},{"type":"Feature","properties":{"NAME":"Xinyu","NAMEASCII":"Xinyu","ADM0NAME":"China","ADM0_A3":"CHN","ADM1NAME":"Jiangxi","ISO_A2":"CN","POP_MAX":913000,"POP_MIN":97480,"LATITUDE":27.801966,"LONGITUDE":114.928031,"MEGACITY":1,"WORLDCITY":0},"geometry":{"type":"Point","coordinates":[114.928031,27.801966]}},{"type":"Feature","properties":{"NAME":"Richmond","NAMEASCII":"Richmond","ADM0NAME":"United States of America","ADM0_A3":"USA","ADM1NAME":"Virginia","ISO_A2":"US","POP_MAX":912000,"POP_MIN":190886,"LATITUDE":37.551965,"LONGITUDE":-77.451932,"MEGACITY":1,"WORLDCITY":0},"geometry":{"type":"Point","coordinates":[-77.451932,37.551965]}},{"type":"Feature","properties":{"NAME":"Teresina","NAMEASCII":"Teresina","ADM0NAME":"Brazil","ADM0_A3":"BRA","ADM1NAME":"Piauí","ISO_A2":"BR","POP_MAX":907000,"POP_MIN":586721,"LATITUDE":-5.093055,"LONGITUDE":-42.781955,"MEGACITY":1,"WORLDCITY":0},"geometry":{"type":"Point","coordinates":[-42.781955,-5.093055]}},{"type":"Feature","properties":{"NAME":"Naha","NAMEASCII":"Naha","ADM0NAME":"Japan","ADM0_A3":"JPN","ADM1NAME":"Okinawa","ISO_A2":"JP","POP_MAX":905238,"POP_MIN":317906,"LATITUDE":26.207172,"LONGITUDE":127.672972,"MEGACITY":0,"WORLDCITY":0},"geometry":{"type":"Point","coordinates":[127.672972,26.207172]}},{"type":"Feature","properties":{"NAME":"Goyang","NAMEASCII":"Goyang","ADM0NAME":"South Korea","ADM0_A3":"KOR","ADM1NAME":"Gyeonggi-do","ISO_A2":"KR","POP_MAX":903000,"POP_MIN":903000,"LATITUDE":37.654682,"LONGITUDE":126.835303,"MEGACITY":1,"WORLDCITY":0},"geometry":{"type":"Point","coordinates":[126.835303,37.654682]}},{"type":"Feature","properties":{"NAME":"Xinxiang","NAMEASCII":"Xinxiang","ADM0NAME":"China","ADM0_A3":"CHN","ADM1NAME":"Henan","ISO_A2":"CN","POP_MAX":903000,"POP_MIN":743601,"LATITUDE":35.322386,"LONGITUDE":113.868044,"MEGACITY":1,"WORLDCITY":0},"geometry":{"type":"Point","coordinates":[113.908926,35.301575]}},{"type":"Feature","properties":{"NAME":"Yibin","NAMEASCII":"Yibin","ADM0NAME":"China","ADM0_A3":"CHN","ADM1NAME":"Sichuan","ISO_A2":"CN","POP_MAX":902000,"POP_MIN":242111,"LATITUDE":28.771933,"LONGITUDE":104.568095,"MEGACITY":1,"WORLDCITY":0},"geometry":{"type":"Point","coordinates":[104.568095,28.771933]}},{"type":"Feature","properties":{"NAME":"Albuquerque","NAMEASCII":"Albuquerque","ADM0NAME":"United States of America","ADM0_A3":"USA","ADM1NAME":"New Mexico","ISO_A2":"US","POP_MAX":898642,"POP_MIN":552804,"LATITUDE":35.104975,"LONGITUDE":-106.641331,"MEGACITY":0,"WORLDCITY":0},"geometry":{"type":"Point","coordinates":[-106.641331,35.104975]}},{"type":"Feature","properties":{"NAME":"Aba","NAMEASCII":"Aba","ADM0NAME":"Nigeria","ADM0_A3":"NGA","ADM1NAME":"Abia","ISO_A2":"NG","POP_MAX":897560,"POP_MIN":851210,"LATITUDE":5.100398,"LONGITUDE":7.34998,"MEGACITY":0,"WORLDCITY":0},"geometry":{"type":"Point","coordinates":[7.34998,5.100398]}},{"type":"Feature","properties":{"NAME":"Maiduguri","NAMEASCII":"Maiduguri","ADM0NAME":"Nigeria","ADM0_A3":"NGA","ADM1NAME":"Borno","ISO_A2":"NG","POP_MAX":896000,"POP_MIN":512460,"LATITUDE":11.851906,"LONGITUDE":13.158067,"MEGACITY":1,"WORLDCITY":0},"geometry":{"type":"Point","coordinates":[13.158067,11.851906]}},{"type":"Feature","properties":{"NAME":"Tirana","NAMEASCII":"Tirana","ADM0NAME":"Albania","ADM0_A3":"ALB","ADM1NAME":"Durrës","ISO_A2":"AL","POP_MAX":895350,"POP_MIN":421286,"LATITUDE":41.327541,"LONGITUDE":19.818883,"MEGACITY":0,"WORLDCITY":0},"geometry":{"type":"Point","coordinates":[19.818883,41.327541]}},{"type":"Feature","properties":{"NAME":"Kathmandu","NAMEASCII":"Kathmandu","ADM0NAME":"Nepal","ADM0_A3":"NPL","ADM1NAME":"Bhaktapur","ISO_A2":"NP","POP_MAX":895000,"POP_MIN":895000,"LATITUDE":27.718638,"LONGITUDE":85.314696,"MEGACITY":1,"WORLDCITY":0},"geometry":{"type":"Point","coordinates":[85.314696,27.718638]}},{"type":"Feature","properties":{"NAME":"Az Zarqa","NAMEASCII":"Az Zarqa","ADM0NAME":"Jordan","ADM0_A3":"JOR","ADM1NAME":"Zarqa","ISO_A2":"JO","POP_MAX":894691,"POP_MIN":792665,"LATITUDE":32.069992,"LONGITUDE":36.100008,"MEGACITY":0,"WORLDCITY":0},"geometry":{"type":"Point","coordinates":[36.100008,32.069992]}},{"type":"Feature","properties":{"NAME":"Tarsus","NAMEASCII":"Tarsus","ADM0NAME":"Turkey","ADM0_A3":"TUR","ADM1NAME":"Mersin","ISO_A2":"TR","POP_MAX":894318,"POP_MIN":238276,"LATITUDE":36.920394,"LONGITUDE":34.879979,"MEGACITY":0,"WORLDCITY":0},"geometry":{"type":"Point","coordinates":[34.879979,36.920394]}},{"type":"Feature","properties":{"NAME":"Bengbu","NAMEASCII":"Bengbu","ADM0NAME":"China","ADM0_A3":"CHN","ADM1NAME":"Anhui","ISO_A2":"CN","POP_MAX":894000,"POP_MIN":576648,"LATITUDE":32.951936,"LONGITUDE":117.328091,"MEGACITY":1,"WORLDCITY":0},"geometry":{"type":"Point","coordinates":[117.328091,32.951936]}},{"type":"Feature","properties":{"NAME":"Mendoza","NAMEASCII":"Mendoza","ADM0NAME":"Argentina","ADM0_A3":"ARG","ADM1NAME":"Mendoza","ISO_A2":"AR","POP_MAX":893000,"POP_MIN":762630,"LATITUDE":-32.881384,"LONGITUDE":-68.818557,"MEGACITY":1,"WORLDCITY":0},"geometry":{"type":"Point","coordinates":[-68.818557,-32.881384]}},{"type":"Feature","properties":{"NAME":"Hubballi","NAMEASCII":"Hubballi","ADM0NAME":"India","ADM0_A3":"IND","ADM1NAME":"Karnataka","ISO_A2":"IN","POP_MAX":890000,"POP_MIN":792804,"LATITUDE":15.361924,"LONGITUDE":75.12307,"MEGACITY":1,"WORLDCITY":0},"geometry":{"type":"Point","coordinates":[75.12307,15.361924]}},{"type":"Feature","properties":{"NAME":"Concepción","NAMEASCII":"Concepcion","ADM0NAME":"Chile","ADM0_A3":"CHL","ADM1NAME":"Bío-Bío","ISO_A2":"CL","POP_MAX":889725,"POP_MIN":212003,"LATITUDE":-36.830014,"LONGITUDE":-73.050022,"MEGACITY":0,"WORLDCITY":0},"geometry":{"type":"Point","coordinates":[-73.050022,-36.830014]}},{"type":"Feature","properties":{"NAME":"Zaria","NAMEASCII":"Zaria","ADM0NAME":"Nigeria","ADM0_A3":"NGA","ADM1NAME":"Kaduna","ISO_A2":"NG","POP_MAX":889000,"POP_MIN":620673,"LATITUDE":11.081927,"LONGITUDE":7.708064,"MEGACITY":1,"WORLDCITY":0},"geometry":{"type":"Point","coordinates":[7.708064,11.081927]}},{"type":"Feature","properties":{"NAME":"Anyang","NAMEASCII":"Anyang","ADM0NAME":"China","ADM0_A3":"CHN","ADM1NAME":"Henan","ISO_A2":"CN","POP_MAX":887000,"POP_MIN":781129,"LATITUDE":36.081926,"LONGITUDE":114.348066,"MEGACITY":1,"WORLDCITY":0},"geometry":{"type":"Point","coordinates":[114.348066,36.081926]}},{"type":"Feature","properties":{"NAME":"Mysuru","NAMEASCII":"Mysuru","ADM0NAME":"India","ADM0_A3":"IND","ADM1NAME":"Karnataka","ISO_A2":"IN","POP_MAX":887000,"POP_MIN":868313,"LATITUDE":12.31193,"LONGITUDE":76.658067,"MEGACITY":1,"WORLDCITY":0},"geometry":{"type":"Point","coordinates":[76.658067,12.31193]}},{"type":"Feature","properties":{"NAME":"Cartagena","NAMEASCII":"Cartagena","ADM0NAME":"Colombia","ADM0_A3":"COL","ADM1NAME":"Bolívar","ISO_A2":"CO","POP_MAX":887000,"POP_MIN":887000,"LATITUDE":10.401684,"LONGITUDE":-75.516339,"MEGACITY":1,"WORLDCITY":0},"geometry":{"type":"Point","coordinates":[-75.516339,10.401684]}},{"type":"Feature","properties":{"NAME":"Mexicali","NAMEASCII":"Mexicali","ADM0NAME":"Mexico","ADM0_A3":"MEX","ADM1NAME":"Baja California","ISO_A2":"MX","POP_MAX":885000,"POP_MIN":587277,"LATITUDE":32.651928,"LONGITUDE":-115.481962,"MEGACITY":1,"WORLDCITY":0},"geometry":{"type":"Point","coordinates":[-115.481962,32.651928]}},{"type":"Feature","properties":{"NAME":"Ulaanbaatar","NAMEASCII":"Ulaanbaatar","ADM0NAME":"Mongolia","ADM0_A3":"MNG","ADM1NAME":"Ulaanbaatar","ISO_A2":"MN","POP_MAX":885000,"POP_MIN":769612,"LATITUDE":47.918619,"LONGITUDE":106.91467,"MEGACITY":1,"WORLDCITY":0},"geometry":{"type":"Point","coordinates":[106.91467,47.918619]}},{"type":"Feature","properties":{"NAME":"Tongliao","NAMEASCII":"Tongliao","ADM0NAME":"China","ADM0_A3":"CHN","ADM1NAME":"Nei Mongol","ISO_A2":"CN","POP_MAX":884000,"POP_MIN":261110,"LATITUDE":43.621905,"LONGITUDE":122.268048,"MEGACITY":1,"WORLDCITY":0},"geometry":{"type":"Point","coordinates":[122.268048,43.621905]}},{"type":"Feature","properties":{"NAME":"Newcastle","NAMEASCII":"Newcastle","ADM0NAME":"United Kingdom","ADM0_A3":"GBR","ADM1NAME":"Tyne and Wear","ISO_A2":"GB","POP_MAX":882000,"POP_MIN":192382,"LATITUDE":55.002321,"LONGITUDE":-1.601936,"MEGACITY":1,"WORLDCITY":0},"geometry":{"type":"Point","coordinates":[-1.611625,54.989742]}},{"type":"Feature","properties":{"NAME":"Mombasa","NAMEASCII":"Mombasa","ADM0NAME":"Kenya","ADM0_A3":"KEN","ADM1NAME":"Coast","ISO_A2":"KE","POP_MAX":882000,"POP_MIN":799668,"LATITUDE":-4.03808,"LONGITUDE":39.687972,"MEGACITY":1,"WORLDCITY":0},"geometry":{"type":"Point","coordinates":[39.687972,-4.03808]}},{"type":"Feature","properties":{"NAME":"Bandar Lampung","NAMEASCII":"Bandar Lampung","ADM0NAME":"Indonesia","ADM0_A3":"IDN","ADM1NAME":"Lampung","ISO_A2":"ID","POP_MAX":881801,"POP_MIN":881801,"LATITUDE":-5.449604,"LONGITUDE":105.300022,"MEGACITY":0,"WORLDCITY":0},"geometry":{"type":"Point","coordinates":[105.300022,-5.449604]}},{"type":"Feature","properties":{"NAME":"Omaha","NAMEASCII":"Omaha","ADM0NAME":"United States of America","ADM0_A3":"USA","ADM1NAME":"Nebraska","ISO_A2":"US","POP_MAX":877110,"POP_MIN":408958,"LATITUDE":41.240001,"LONGITUDE":-96.00999,"MEGACITY":0,"WORLDCITY":0},"geometry":{"type":"Point","coordinates":[-96.00999,41.240001]}},{"type":"Feature","properties":{"NAME":"Nashville","NAMEASCII":"Nashville","ADM0NAME":"United States of America","ADM0_A3":"USA","ADM1NAME":"Tennessee","ISO_A2":"US","POP_MAX":877000,"POP_MIN":530852,"LATITUDE":36.17192,"LONGITUDE":-86.781931,"MEGACITY":1,"WORLDCITY":0},"geometry":{"type":"Point","coordinates":[-86.781931,36.17192]}},{"type":"Feature","properties":{"NAME":"Novo Hamburgo","NAMEASCII":"Novo Hamburgo","ADM0NAME":"Brazil","ADM0_A3":"BRA","ADM1NAME":"Rio Grande do Sul","ISO_A2":"BR","POP_MAX":876990,"POP_MIN":237044,"LATITUDE":-29.709622,"LONGITUDE":-51.13999,"MEGACITY":0,"WORLDCITY":0},"geometry":{"type":"Point","coordinates":[-51.13999,-29.709622]}},{"type":"Feature","properties":{"NAME":"Callao","NAMEASCII":"Callao","ADM0NAME":"Peru","ADM0_A3":"PER","ADM1NAME":"Lima","ISO_A2":"PE","POP_MAX":876877,"POP_MIN":695586,"LATITUDE":-12.070027,"LONGITUDE":-77.134967,"MEGACITY":0,"WORLDCITY":0},"geometry":{"type":"Point","coordinates":[-77.134967,-12.070027]}},{"type":"Feature","properties":{"NAME":"Bilbao","NAMEASCII":"Bilbao","ADM0NAME":"Spain","ADM0_A3":"ESP","ADM1NAME":"País Vasco","ISO_A2":"ES","POP_MAX":875552,"POP_MIN":353187,"LATITUDE":43.249982,"LONGITUDE":-2.929987,"MEGACITY":0,"WORLDCITY":0},"geometry":{"type":"Point","coordinates":[-2.929987,43.249981]}},{"type":"Feature","properties":{"NAME":"Johor Bahru","NAMEASCII":"Johor Bahru","ADM0NAME":"Malaysia","ADM0_A3":"MYS","ADM1NAME":"Johor","ISO_A2":"MY","POP_MAX":875000,"POP_MIN":802489,"LATITUDE":1.481971,"LONGITUDE":103.728094,"MEGACITY":1,"WORLDCITY":0},"geometry":{"type":"Point","coordinates":[103.728094,1.481971]}},{"type":"Feature","properties":{"NAME":"Yichang","NAMEASCII":"Yichang","ADM0NAME":"China","ADM0_A3":"CHN","ADM1NAME":"Hubei","ISO_A2":"CN","POP_MAX":875000,"POP_MIN":476725,"LATITUDE":30.701918,"LONGITUDE":111.278073,"MEGACITY":1,"WORLDCITY":0},"geometry":{"type":"Point","coordinates":[111.278073,30.701918]}},{"type":"Feature","properties":{"NAME":"Raipur","NAMEASCII":"Raipur","ADM0NAME":"India","ADM0_A3":"IND","ADM1NAME":"Chhattisgarh","ISO_A2":"IN","POP_MAX":875000,"POP_MIN":679995,"LATITUDE":21.23694,"LONGITUDE":81.633061,"MEGACITY":1,"WORLDCITY":0},"geometry":{"type":"Point","coordinates":[81.633061,21.23694]}},{"type":"Feature","properties":{"NAME":"Salem","NAMEASCII":"Salem","ADM0NAME":"India","ADM0_A3":"IND","ADM1NAME":"Tamil Nadu","ISO_A2":"IN","POP_MAX":873000,"POP_MIN":778396,"LATITUDE":11.671943,"LONGITUDE":78.178129,"MEGACITY":1,"WORLDCITY":0},"geometry":{"type":"Point","coordinates":[78.178129,11.671943]}},{"type":"Feature","properties":{"NAME":"Yangjiang","NAMEASCII":"Yangjiang","ADM0NAME":"China","ADM0_A3":"CHN","ADM1NAME":"Guangdong","ISO_A2":"CN","POP_MAX":872363,"POP_MIN":630000,"LATITUDE":21.850409,"LONGITUDE":111.970002,"MEGACITY":0,"WORLDCITY":0},"geometry":{"type":"Point","coordinates":[111.970002,21.850409]}},{"type":"Feature","properties":{"NAME":"Kaifeng","NAMEASCII":"Kaifeng","ADM0NAME":"China","ADM0_A3":"CHN","ADM1NAME":"Henan","ISO_A2":"CN","POP_MAX":872000,"POP_MIN":872000,"LATITUDE":34.851949,"LONGITUDE":114.348066,"MEGACITY":1,"WORLDCITY":0},"geometry":{"type":"Point","coordinates":[114.354819,34.793814]}},{"type":"Feature","properties":{"NAME":"Marrakesh","NAMEASCII":"Marrakesh","ADM0NAME":"Morocco","ADM0_A3":"MAR","ADM1NAME":"Marrakech - Tensift - Al Haouz","ISO_A2":"MA","POP_MAX":872000,"POP_MIN":839296,"LATITUDE":31.631939,"LONGITUDE":-8.001933,"MEGACITY":1,"WORLDCITY":0},"geometry":{"type":"Point","coordinates":[-8.001933,31.631939]}},{"type":"Feature","properties":{"NAME":"Albany","NAMEASCII":"Albany","ADM0NAME":"United States of America","ADM0_A3":"USA","ADM1NAME":"New York","ISO_A2":"US","POP_MAX":870716,"POP_MIN":97856,"LATITUDE":42.670017,"LONGITUDE":-73.819949,"MEGACITY":0,"WORLDCITY":0},"geometry":{"type":"Point","coordinates":[-73.757553,42.653744]}},{"type":"Feature","properties":{"NAME":"Dandong","NAMEASCII":"Dandong","ADM0NAME":"China","ADM0_A3":"CHN","ADM1NAME":"Liaoning","ISO_A2":"CN","POP_MAX":870000,"POP_MIN":631973,"LATITUDE":40.145554,"LONGITUDE":124.391639,"MEGACITY":1,"WORLDCITY":0},"geometry":{"type":"Point","coordinates":[124.391639,40.145554]}},{"type":"Feature","properties":{"NAME":"Basra","NAMEASCII":"Basra","ADM0NAME":"Iraq","ADM0_A3":"IRQ","ADM1NAME":"Al-Basrah","ISO_A2":"IQ","POP_MAX":870000,"POP_MIN":870000,"LATITUDE":30.51547,"LONGITUDE":47.811611,"MEGACITY":1,"WORLDCITY":0},"geometry":{"type":"Point","coordinates":[47.811611,30.51547]}},{"type":"Feature","properties":{"NAME":"Aguascalientes","NAMEASCII":"Aguascalientes","ADM0NAME":"Mexico","ADM0_A3":"MEX","ADM1NAME":"Aguascalientes","ISO_A2":"MX","POP_MAX":869000,"POP_MIN":658179,"LATITUDE":21.881406,"LONGITUDE":-102.292359,"MEGACITY":1,"WORLDCITY":0},"geometry":{"type":"Point","coordinates":[-102.292359,21.881406]}},{"type":"Feature","properties":{"NAME":"Okayama","NAMEASCII":"Okayama","ADM0NAME":"Japan","ADM0_A3":"JPN","ADM1NAME":"Okayama","ISO_A2":"JP","POP_MAX":866092,"POP_MIN":639652,"LATITUDE":34.67203,"LONGITUDE":133.917087,"MEGACITY":0,"WORLDCITY":0},"geometry":{"type":"Point","coordinates":[133.917087,34.67203]}},{"type":"Feature","properties":{"NAME":"Bucheon","NAMEASCII":"Puch'on","ADM0NAME":"South Korea","ADM0_A3":"KOR","ADM1NAME":"Gyeonggi-do","ISO_A2":"KR","POP_MAX":866000,"POP_MIN":866000,"LATITUDE":37.500835,"LONGITUDE":126.78111,"MEGACITY":1,"WORLDCITY":0},"geometry":{"type":"Point","coordinates":[126.78111,37.500835]}},{"type":"Feature","properties":{"NAME":"Xuanzhou","NAMEASCII":"Xuanzhou","ADM0NAME":"China","ADM0_A3":"CHN","ADM1NAME":"Anhui","ISO_A2":"CN","POP_MAX":866000,"POP_MIN":866000,"LATITUDE":30.954446,"LONGITUDE":118.753332,"MEGACITY":1,"WORLDCITY":0},"geometry":{"type":"Point","coordinates":[118.753332,30.954446]}},{"type":"Feature","properties":{"NAME":"Rizhao","NAMEASCII":"Rizhao","ADM0NAME":"China","ADM0_A3":"CHN","ADM1NAME":"Shandong","ISO_A2":"CN","POP_MAX":865000,"POP_MIN":246387,"LATITUDE":35.430381,"LONGITUDE":119.450011,"MEGACITY":0,"WORLDCITY":0},"geometry":{"type":"Point","coordinates":[119.450011,35.430381]}},{"type":"Feature","properties":{"NAME":"Bandar Lampung","NAMEASCII":"Bandar Lampung","ADM0NAME":"Indonesia","ADM0_A3":"IDN","ADM1NAME":"Lampung","ISO_A2":"ID","POP_MAX":865000,"POP_MIN":726514,"LATITUDE":-5.428073,"LONGITUDE":105.268052,"MEGACITY":1,"WORLDCITY":0},"geometry":{"type":"Point","coordinates":[105.268052,-5.428073]}},{"type":"Feature","properties":{"NAME":"Palermo","NAMEASCII":"Palermo","ADM0NAME":"Italy","ADM0_A3":"ITA","ADM1NAME":"Sicily","ISO_A2":"IT","POP_MAX":863000,"POP_MIN":672175,"LATITUDE":38.126969,"LONGITUDE":13.348081,"MEGACITY":1,"WORLDCITY":0},"geometry":{"type":"Point","coordinates":[13.348081,38.126969]}},{"type":"Feature","properties":{"NAME":"Cardiff","NAMEASCII":"Cardiff","ADM0NAME":"United Kingdom","ADM0_A3":"GBR","ADM1NAME":"Cardiff","ISO_A2":"GB","POP_MAX":861400,"POP_MIN":346100,"LATITUDE":51.499995,"LONGITUDE":-3.225008,"MEGACITY":0,"WORLDCITY":0},"geometry":{"type":"Point","coordinates":[-3.167598,51.482619]}},{"type":"Feature","properties":{"NAME":"Kigali","NAMEASCII":"Kigali","ADM0NAME":"Rwanda","ADM0_A3":"RWA","ADM1NAME":"Kigali City","ISO_A2":"RW","POP_MAX":860000,"POP_MIN":745261,"LATITUDE":-1.951644,"LONGITUDE":30.058586,"MEGACITY":1,"WORLDCITY":0},"geometry":{"type":"Point","coordinates":[30.058586,-1.951644]}},{"type":"Feature","properties":{"NAME":"Tampico","NAMEASCII":"Tampico","ADM0NAME":"Mexico","ADM0_A3":"MEX","ADM1NAME":"Tamaulipas","ISO_A2":"MX","POP_MAX":859419,"POP_MIN":297284,"LATITUDE":22.30002,"LONGITUDE":-97.870006,"MEGACITY":0,"WORLDCITY":0},"geometry":{"type":"Point","coordinates":[-97.870006,22.30002]}},{"type":"Feature","properties":{"NAME":"Jiaozuo","NAMEASCII":"Jiaozuo","ADM0NAME":"China","ADM0_A3":"CHN","ADM1NAME":"Henan","ISO_A2":"CN","POP_MAX":857000,"POP_MIN":517540,"LATITUDE":35.251951,"LONGITUDE":113.218058,"MEGACITY":1,"WORLDCITY":0},"geometry":{"type":"Point","coordinates":[113.259553,35.200691]}},{"type":"Feature","properties":{"NAME":"Jullundur","NAMEASCII":"Jullundur","ADM0NAME":"India","ADM0_A3":"IND","ADM1NAME":"Punjab","ISO_A2":"IN","POP_MAX":855000,"POP_MIN":785178,"LATITUDE":31.336867,"LONGITUDE":75.567074,"MEGACITY":1,"WORLDCITY":0},"geometry":{"type":"Point","coordinates":[75.567074,31.336866]}},{"type":"Feature","properties":{"NAME":"Padang","NAMEASCII":"Padang","ADM0NAME":"Indonesia","ADM0_A3":"IDN","ADM1NAME":"Sumatera Barat","ISO_A2":"ID","POP_MAX":855000,"POP_MIN":840352,"LATITUDE":-0.958061,"LONGITUDE":100.358068,"MEGACITY":1,"WORLDCITY":0},"geometry":{"type":"Point","coordinates":[100.358068,-0.958061]}},{"type":"Feature","properties":{"NAME":"Zhenjiang","NAMEASCII":"Zhenjiang","ADM0NAME":"China","ADM0_A3":"CHN","ADM1NAME":"Jiangsu","ISO_A2":"CN","POP_MAX":854000,"POP_MIN":632552,"LATITUDE":32.221929,"LONGITUDE":119.428066,"MEGACITY":1,"WORLDCITY":0},"geometry":{"type":"Point","coordinates":[119.430481,32.17573]}},{"type":"Feature","properties":{"NAME":"Valparaíso","NAMEASCII":"Valparaiso","ADM0NAME":"Chile","ADM0_A3":"CHL","ADM1NAME":"Valparaíso","ISO_A2":"CL","POP_MAX":854000,"POP_MIN":15938,"LATITUDE":-33.045819,"LONGITUDE":-71.62296,"MEGACITY":1,"WORLDCITY":0},"geometry":{"type":"Point","coordinates":[-71.617026,-33.047739]}},{"type":"Feature","properties":{"NAME":"Shache","NAMEASCII":"Shache","ADM0NAME":"China","ADM0_A3":"CHN","ADM1NAME":"Xinjiang Uygur","ISO_A2":"CN","POP_MAX":851374,"POP_MIN":191291,"LATITUDE":38.426142,"LONGITUDE":77.250003,"MEGACITY":0,"WORLDCITY":0},"geometry":{"type":"Point","coordinates":[77.250003,38.426142]}},{"type":"Feature","properties":{"NAME":"Anshun","NAMEASCII":"Anshun","ADM0NAME":"China","ADM0_A3":"CHN","ADM1NAME":"Guizhou","ISO_A2":"CN","POP_MAX":849000,"POP_MIN":351936,"LATITUDE":26.252345,"LONGITUDE":105.928064,"MEGACITY":1,"WORLDCITY":0},"geometry":{"type":"Point","coordinates":[105.928063,26.252345]}},{"type":"Feature","properties":{"NAME":"Zunyi","NAMEASCII":"Zunyi","ADM0NAME":"China","ADM0_A3":"CHN","ADM1NAME":"Guizhou","ISO_A2":"CN","POP_MAX":849000,"POP_MIN":466292,"LATITUDE":27.701972,"LONGITUDE":106.918081,"MEGACITY":1,"WORLDCITY":0},"geometry":{"type":"Point","coordinates":[106.918081,27.701972]}},{"type":"Feature","properties":{"NAME":"Pingdingshan","NAMEASCII":"Pingdingshan","ADM0NAME":"China","ADM0_A3":"CHN","ADM1NAME":"Henan","ISO_A2":"CN","POP_MAX":849000,"POP_MIN":849000,"LATITUDE":33.732353,"LONGITUDE":113.298053,"MEGACITY":1,"WORLDCITY":0},"geometry":{"type":"Point","coordinates":[113.298053,33.732353]}},{"type":"Feature","properties":{"NAME":"Toulouse","NAMEASCII":"Toulouse","ADM0NAME":"France","ADM0_A3":"FRA","ADM1NAME":"Midi-Pyrénées","ISO_A2":"FR","POP_MAX":847000,"POP_MIN":433055,"LATITUDE":43.621905,"LONGITUDE":1.447981,"MEGACITY":1,"WORLDCITY":0},"geometry":{"type":"Point","coordinates":[1.447981,43.621905]}},{"type":"Feature","properties":{"NAME":"New Haven","NAMEASCII":"New Haven","ADM0NAME":"United States of America","ADM0_A3":"USA","ADM1NAME":"Connecticut","ISO_A2":"US","POP_MAX":846766,"POP_MIN":569000,"LATITUDE":41.330383,"LONGITUDE":-72.900005,"MEGACITY":0,"WORLDCITY":0},"geometry":{"type":"Point","coordinates":[-72.900005,41.330383]}},{"type":"Feature","properties":{"NAME":"Nova Iguaçu","NAMEASCII":"Nova Iguacu","ADM0NAME":"Brazil","ADM0_A3":"BRA","ADM1NAME":"Rio de Janeiro","ISO_A2":"BR","POP_MAX":844583,"POP_MIN":844583,"LATITUDE":-22.740022,"LONGITUDE":-43.469967,"MEGACITY":0,"WORLDCITY":0},"geometry":{"type":"Point","coordinates":[-43.44519,-22.755052]}},{"type":"Feature","properties":{"NAME":"Voronezh","NAMEASCII":"Voronezh","ADM0NAME":"Russia","ADM0_A3":"RUS","ADM1NAME":"Voronezh","ISO_A2":"RU","POP_MAX":844000,"POP_MIN":295469,"LATITUDE":51.731927,"LONGITUDE":39.26805,"MEGACITY":1,"WORLDCITY":0},"geometry":{"type":"Point","coordinates":[39.186843,51.66539]}},{"type":"Feature","properties":{"NAME":"Bhubaneswar","NAMEASCII":"Bhubaneshwar","ADM0NAME":"India","ADM0_A3":"IND","ADM1NAME":"Orissa","ISO_A2":"IN","POP_MAX":844000,"POP_MIN":762243,"LATITUDE":20.272374,"LONGITUDE":85.825415,"MEGACITY":1,"WORLDCITY":0},"geometry":{"type":"Point","coordinates":[85.825414,20.272374]}},{"type":"Feature","properties":{"NAME":"Saratov","NAMEASCII":"Saratov","ADM0NAME":"Russia","ADM0_A3":"RUS","ADM1NAME":"Saratov","ISO_A2":"RU","POP_MAX":843000,"POP_MIN":786173,"LATITUDE":51.581936,"LONGITUDE":46.02805,"MEGACITY":1,"WORLDCITY":0},"geometry":{"type":"Point","coordinates":[46.02805,51.581936]}},{"type":"Feature","properties":{"NAME":"Duque de Caxias","NAMEASCII":"Duque de Caxias","ADM0NAME":"Brazil","ADM0_A3":"BRA","ADM1NAME":"Rio de Janeiro","ISO_A2":"BR","POP_MAX":842890,"POP_MIN":842890,"LATITUDE":-22.769994,"LONGITUDE":-43.309977,"MEGACITY":0,"WORLDCITY":0},"geometry":{"type":"Point","coordinates":[-43.305602,-22.796378]}},{"type":"Feature","properties":{"NAME":"Yuci","NAMEASCII":"Yuci","ADM0NAME":"China","ADM0_A3":"CHN","ADM1NAME":"Shanxi","ISO_A2":"CN","POP_MAX":840000,"POP_MIN":235929,"LATITUDE":37.682345,"LONGITUDE":112.728062,"MEGACITY":1,"WORLDCITY":0},"geometry":{"type":"Point","coordinates":[112.728062,37.682345]}},{"type":"Feature","properties":{"NAME":"Yancheng","NAMEASCII":"Yancheng","ADM0NAME":"China","ADM0_A3":"CHN","ADM1NAME":"Jiangsu","ISO_A2":"CN","POP_MAX":839000,"POP_MIN":839000,"LATITUDE":33.387502,"LONGITUDE":120.123332,"MEGACITY":1,"WORLDCITY":0},"geometry":{"type":"Point","coordinates":[120.16752,33.337877]}},{"type":"Feature","properties":{"NAME":"Bishkek","NAMEASCII":"Bishkek","ADM0NAME":"Kyrgyzstan","ADM0_A3":"KGZ","ADM1NAME":"Bishkek","ISO_A2":"KG","POP_MAX":837000,"POP_MIN":804212,"LATITUDE":42.875025,"LONGITUDE":74.583258,"MEGACITY":1,"WORLDCITY":0},"geometry":{"type":"Point","coordinates":[74.583258,42.875025]}},{"type":"Feature","properties":{"NAME":"Oslo","NAMEASCII":"Oslo","ADM0NAME":"Norway","ADM0_A3":"NOR","ADM1NAME":"Oslo","ISO_A2":"NO","POP_MAX":835000,"POP_MIN":580000,"LATITUDE":59.918636,"LONGITUDE":10.748033,"MEGACITY":1,"WORLDCITY":1},"geometry":{"type":"Point","coordinates":[10.748033,59.918636]}},{"type":"Feature","properties":{"NAME":"Cuernavaca","NAMEASCII":"Cuernavaca","ADM0NAME":"Mexico","ADM0_A3":"MEX","ADM1NAME":"Morelos","ISO_A2":"MX","POP_MAX":834001,"POP_MIN":349102,"LATITUDE":18.921105,"LONGITUDE":-99.24,"MEGACITY":0,"WORLDCITY":0},"geometry":{"type":"Point","coordinates":[-99.24,18.921105]}},{"type":"Feature","properties":{"NAME":"Linfen","NAMEASCII":"Linfen","ADM0NAME":"China","ADM0_A3":"CHN","ADM1NAME":"Shanxi","ISO_A2":"CN","POP_MAX":834000,"POP_MIN":232566,"LATITUDE":36.082288,"LONGITUDE":111.518058,"MEGACITY":1,"WORLDCITY":0},"geometry":{"type":"Point","coordinates":[111.518058,36.082287]}},{"type":"Feature","properties":{"NAME":"Bangui","NAMEASCII":"Bangui","ADM0NAME":"Central African Republic","ADM0_A3":"CAF","ADM1NAME":"Bangui","ISO_A2":"CF","POP_MAX":831925,"POP_MIN":622771,"LATITUDE":4.366644,"LONGITUDE":18.558288,"MEGACITY":0,"WORLDCITY":0},"geometry":{"type":"Point","coordinates":[18.558288,4.366644]}},{"type":"Feature","properties":{"NAME":"Warri","NAMEASCII":"Warri","ADM0NAME":"Nigeria","ADM0_A3":"NGA","ADM1NAME":"Delta","ISO_A2":"NG","POP_MAX":830106,"POP_MIN":536023,"LATITUDE":5.519959,"LONGITUDE":5.76,"MEGACITY":0,"WORLDCITY":0},"geometry":{"type":"Point","coordinates":[5.76,5.519959]}},{"type":"Feature","properties":{"NAME":"Basel","NAMEASCII":"Basel","ADM0NAME":"Switzerland","ADM0_A3":"CHE","ADM1NAME":"Basel-Stadt","ISO_A2":"CH","POP_MAX":830000,"POP_MIN":170635,"LATITUDE":47.580389,"LONGITUDE":7.590017,"MEGACITY":0,"WORLDCITY":0},"geometry":{"type":"Point","coordinates":[7.590017,47.580389]}},{"type":"Feature","properties":{"NAME":"Tucumán","NAMEASCII":"Tucuman","ADM0NAME":"Argentina","ADM0_A3":"ARG","ADM1NAME":"Tucumán","ISO_A2":"AR","POP_MAX":830000,"POP_MIN":527607,"LATITUDE":-26.814054,"LONGITUDE":-65.21857,"MEGACITY":1,"WORLDCITY":0},"geometry":{"type":"Point","coordinates":[-65.21857,-26.814054]}},{"type":"Feature","properties":{"NAME":"Kermanshah","NAMEASCII":"Kermanshah","ADM0NAME":"Iran","ADM0_A3":"IRN","ADM1NAME":"Kermanshah","ISO_A2":"IR","POP_MAX":828313,"POP_MIN":828313,"LATITUDE":34.381952,"LONGITUDE":47.058065,"MEGACITY":1,"WORLDCITY":0},"geometry":{"type":"Point","coordinates":[47.058065,34.381952]}},{"type":"Feature","properties":{"NAME":"Thessaloniki","NAMEASCII":"Thessaloniki","ADM0NAME":"Greece","ADM0_A3":"GRC","ADM1NAME":"Kentriki Makedonia","ISO_A2":"GR","POP_MAX":828000,"POP_MIN":354290,"LATITUDE":40.698052,"LONGITUDE":22.883055,"MEGACITY":1,"WORLDCITY":0},"geometry":{"type":"Point","coordinates":[22.883055,40.698052]}},{"type":"Feature","properties":{"NAME":"Kota","NAMEASCII":"Kota","ADM0NAME":"India","ADM0_A3":"IND","ADM1NAME":"Rajasthan","ISO_A2":"IN","POP_MAX":827000,"POP_MIN":763088,"LATITUDE":25.181945,"LONGITUDE":75.833053,"MEGACITY":1,"WORLDCITY":0},"geometry":{"type":"Point","coordinates":[75.833053,25.181945]}},{"type":"Feature","properties":{"NAME":"Freetown","NAMEASCII":"Freetown","ADM0NAME":"Sierra Leone","ADM0_A3":"SLE","ADM1NAME":"Western","ISO_A2":"SL","POP_MAX":827000,"POP_MIN":13768,"LATITUDE":8.471957,"LONGITUDE":-13.236162,"MEGACITY":1,"WORLDCITY":0},"geometry":{"type":"Point","coordinates":[-13.236162,8.471957]}},{"type":"Feature","properties":{"NAME":"Braga","NAMEASCII":"Braga","ADM0NAME":"Portugal","ADM0_A3":"PRT","ADM1NAME":"Braga","ISO_A2":"PT","POP_MAX":826833,"POP_MIN":181819,"LATITUDE":41.554995,"LONGITUDE":-8.421331,"MEGACITY":0,"WORLDCITY":0},"geometry":{"type":"Point","coordinates":[-8.421331,41.554994]}},{"type":"Feature","properties":{"NAME":"Jhansi","NAMEASCII":"Jhansi","ADM0NAME":"India","ADM0_A3":"IND","ADM1NAME":"Uttar Pradesh","ISO_A2":"IN","POP_MAX":826494,"POP_MIN":412927,"LATITUDE":25.452954,"LONGITUDE":78.557468,"MEGACITY":0,"WORLDCITY":0},"geometry":{"type":"Point","coordinates":[78.557468,25.452954]}},{"type":"Feature","properties":{"NAME":"Yueyang","NAMEASCII":"Yueyang","ADM0NAME":"China","ADM0_A3":"CHN","ADM1NAME":"Hunan","ISO_A2":"CN","POP_MAX":826000,"POP_MIN":826000,"LATITUDE":29.381999,"LONGITUDE":113.098065,"MEGACITY":1,"WORLDCITY":0},"geometry":{"type":"Point","coordinates":[113.098065,29.381999]}},{"type":"Feature","properties":{"NAME":"Nottingham","NAMEASCII":"Nottingham","ADM0NAME":"United Kingdom","ADM0_A3":"GBR","ADM1NAME":"Nottingham","ISO_A2":"GB","POP_MAX":825600,"POP_MIN":305700,"LATITUDE":52.970344,"LONGITUDE":-1.170017,"MEGACITY":0,"WORLDCITY":0},"geometry":{"type":"Point","coordinates":[-1.165706,52.941084]}},{"type":"Feature","properties":{"NAME":"Agadir","NAMEASCII":"Agadir","ADM0NAME":"Morocco","ADM0_A3":"MAR","ADM1NAME":"Souss - Massa - Draâ","ISO_A2":"MA","POP_MAX":825467,"POP_MIN":678596,"LATITUDE":30.439988,"LONGITUDE":-9.620044,"MEGACITY":0,"WORLDCITY":0},"geometry":{"type":"Point","coordinates":[-9.620044,30.439988]}},{"type":"Feature","properties":{"NAME":"Tucson","NAMEASCII":"Tucson","ADM0NAME":"United States of America","ADM0_A3":"USA","ADM1NAME":"Arizona","ISO_A2":"US","POP_MAX":823000,"POP_MIN":518907,"LATITUDE":32.206943,"LONGITUDE":-110.891932,"MEGACITY":1,"WORLDCITY":0},"geometry":{"type":"Point","coordinates":[-110.891932,32.206943]}},{"type":"Feature","properties":{"NAME":"Butterworth","NAMEASCII":"Butterworth","ADM0NAME":"Malaysia","ADM0_A3":"MYS","ADM1NAME":"Pulau Pinang","ISO_A2":"MY","POP_MAX":821652,"POP_MIN":107591,"LATITUDE":5.417071,"LONGITUDE":100.400011,"MEGACITY":0,"WORLDCITY":0},"geometry":{"type":"Point","coordinates":[100.400011,5.417071]}},{"type":"Feature","properties":{"NAME":"Bareilly","NAMEASCII":"Bareilly","ADM0NAME":"India","ADM0_A3":"IND","ADM1NAME":"Uttar Pradesh","ISO_A2":"IN","POP_MAX":817000,"POP_MIN":745435,"LATITUDE":28.347333,"LONGITUDE":79.418054,"MEGACITY":1,"WORLDCITY":0},"geometry":{"type":"Point","coordinates":[79.418054,28.347333]}},{"type":"Feature","properties":{"NAME":"Jos","NAMEASCII":"Jos","ADM0NAME":"Nigeria","ADM0_A3":"NGA","ADM1NAME":"Plateau","ISO_A2":"NG","POP_MAX":816824,"POP_MIN":657313,"LATITUDE":9.929974,"LONGITUDE":8.890041,"MEGACITY":0,"WORLDCITY":0},"geometry":{"type":"Point","coordinates":[8.890041,9.929974]}},{"type":"Feature","properties":{"NAME":"Xingyi","NAMEASCII":"Xingyi","ADM0NAME":"China","ADM0_A3":"CHN","ADM1NAME":"Guizhou","ISO_A2":"CN","POP_MAX":816000,"POP_MIN":263072,"LATITUDE":25.092364,"LONGITUDE":104.888075,"MEGACITY":1,"WORLDCITY":0},"geometry":{"type":"Point","coordinates":[104.888075,25.092364]}},{"type":"Feature","properties":{"NAME":"Arequipa","NAMEASCII":"Arequipa","ADM0NAME":"Peru","ADM0_A3":"PER","ADM1NAME":"Arequipa","ISO_A2":"PE","POP_MAX":815000,"POP_MIN":736570,"LATITUDE":-16.418048,"LONGITUDE":-71.531957,"MEGACITY":1,"WORLDCITY":0},"geometry":{"type":"Point","coordinates":[-71.531957,-16.418048]}},{"type":"Feature","properties":{"NAME":"Cebu","NAMEASCII":"Cebu","ADM0NAME":"Philippines","ADM0_A3":"PHL","ADM1NAME":"Cebu","ISO_A2":"PH","POP_MAX":815000,"POP_MIN":798634,"LATITUDE":10.321922,"LONGITUDE":123.898129,"MEGACITY":1,"WORLDCITY":0},"geometry":{"type":"Point","coordinates":[123.898129,10.321922]}},{"type":"Feature","properties":{"NAME":"Liverpool","NAMEASCII":"Liverpool","ADM0NAME":"United Kingdom","ADM0_A3":"GBR","ADM1NAME":"Merseyside","ISO_A2":"GB","POP_MAX":811000,"POP_MIN":468945,"LATITUDE":53.417948,"LONGITUDE":-2.919944,"MEGACITY":1,"WORLDCITY":0},"geometry":{"type":"Point","coordinates":[-2.961934,53.405068]}},{"type":"Feature","properties":{"NAME":"Wuhu","NAMEASCII":"Wuhu","ADM0NAME":"China","ADM0_A3":"CHN","ADM1NAME":"Anhui","ISO_A2":"CN","POP_MAX":810000,"POP_MIN":507524,"LATITUDE":31.35237,"LONGITUDE":118.368028,"MEGACITY":1,"WORLDCITY":0},"geometry":{"type":"Point","coordinates":[118.368028,31.352369]}},{"type":"Feature","properties":{"NAME":"Langfang","NAMEASCII":"Langfang","ADM0NAME":"China","ADM0_A3":"CHN","ADM1NAME":"Hebei","ISO_A2":"CN","POP_MAX":810000,"POP_MIN":578931,"LATITUDE":39.52231,"LONGITUDE":116.678053,"MEGACITY":1,"WORLDCITY":0},"geometry":{"type":"Point","coordinates":[116.678053,39.52231]}},{"type":"Feature","properties":{"NAME":"Rajshahi","NAMEASCII":"Rajshahi","ADM0NAME":"Bangladesh","ADM0_A3":"BGD","ADM1NAME":"Rajshahi","ISO_A2":"BD","POP_MAX":810000,"POP_MIN":700133,"LATITUDE":24.37693,"LONGITUDE":88.603074,"MEGACITY":1,"WORLDCITY":0},"geometry":{"type":"Point","coordinates":[88.603074,24.37693]}},{"type":"Feature","properties":{"NAME":"Zhaotang","NAMEASCII":"Zhaotang","ADM0NAME":"China","ADM0_A3":"CHN","ADM1NAME":"Yunnan","ISO_A2":"CN","POP_MAX":809000,"POP_MIN":109400,"LATITUDE":27.322331,"LONGITUDE":103.718069,"MEGACITY":1,"WORLDCITY":0},"geometry":{"type":"Point","coordinates":[103.718069,27.322331]}},{"type":"Feature","properties":{"NAME":"Culiacán","NAMEASCII":"Culiacan","ADM0NAME":"Mexico","ADM0_A3":"MEX","ADM1NAME":"Sinaloa","ISO_A2":"MX","POP_MAX":809000,"POP_MIN":582469,"LATITUDE":24.831941,"LONGITUDE":-107.381914,"MEGACITY":1,"WORLDCITY":0},"geometry":{"type":"Point","coordinates":[-107.381914,24.831941]}},{"type":"Feature","properties":{"NAME":"Valencia","NAMEASCII":"Valencia","ADM0NAME":"Spain","ADM0_A3":"ESP","ADM1NAME":"Comunidad Valenciana","ISO_A2":"ES","POP_MAX":808000,"POP_MIN":805304,"LATITUDE":39.486963,"LONGITUDE":-0.401958,"MEGACITY":1,"WORLDCITY":0},"geometry":{"type":"Point","coordinates":[-0.401958,39.486963]}},{"type":"Feature","properties":{"NAME":"Lingyuan","NAMEASCII":"Lingyuan","ADM0NAME":"China","ADM0_A3":"CHN","ADM1NAME":"Liaoning","ISO_A2":"CN","POP_MAX":806000,"POP_MIN":806000,"LATITUDE":41.241946,"LONGITUDE":119.399165,"MEGACITY":1,"WORLDCITY":0},"geometry":{"type":"Point","coordinates":[119.399165,41.241946]}},{"type":"Feature","properties":{"NAME":"Cuiabá","NAMEASCII":"Cuiaba","ADM0NAME":"Brazil","ADM0_A3":"BRA","ADM1NAME":"Mato Grosso","ISO_A2":"BR","POP_MAX":806000,"POP_MIN":400287,"LATITUDE":-15.567661,"LONGITUDE":-56.086931,"MEGACITY":1,"WORLDCITY":0},"geometry":{"type":"Point","coordinates":[-56.086931,-15.567661]}},{"type":"Feature","properties":{"NAME":"Qui Nhon","NAMEASCII":"Qui Nhon","ADM0NAME":"Vietnam","ADM0_A3":"VNM","ADM1NAME":"Bình Ð?nh","ISO_A2":"VN","POP_MAX":805290,"POP_MIN":280900,"LATITUDE":13.779972,"LONGITUDE":109.180044,"MEGACITY":0,"WORLDCITY":0},"geometry":{"type":"Point","coordinates":[109.180043,13.779972]}},{"type":"Feature","properties":{"NAME":"Aligarh","NAMEASCII":"Aligarh","ADM0NAME":"India","ADM0_A3":"IND","ADM1NAME":"Uttar Pradesh","ISO_A2":"IN","POP_MAX":805000,"POP_MIN":753207,"LATITUDE":27.894157,"LONGITUDE":78.059842,"MEGACITY":1,"WORLDCITY":0},"geometry":{"type":"Point","coordinates":[78.059842,27.894157]}},{"type":"Feature","properties":{"NAME":"Malang","NAMEASCII":"Malang","ADM0NAME":"Indonesia","ADM0_A3":"IDN","ADM1NAME":"Jawa Timur","ISO_A2":"ID","POP_MAX":805000,"POP_MIN":746716,"LATITUDE":-7.978046,"LONGITUDE":112.608069,"MEGACITY":1,"WORLDCITY":0},"geometry":{"type":"Point","coordinates":[112.608069,-7.978046]}},{"type":"Feature","properties":{"NAME":"Lviv","NAMEASCII":"Lvov","ADM0NAME":"Ukraine","ADM0_A3":"UKR","ADM1NAME":"L'viv","ISO_A2":"UA","POP_MAX":803880,"POP_MIN":717803,"LATITUDE":49.83498,"LONGITUDE":24.029996,"MEGACITY":0,"WORLDCITY":0},"geometry":{"type":"Point","coordinates":[24.029995,49.83498]}},{"type":"Feature","properties":{"NAME":"Bordeaux","NAMEASCII":"Bordeaux","ADM0NAME":"France","ADM0_A3":"FRA","ADM1NAME":"Aquitaine","ISO_A2":"FR","POP_MAX":803000,"POP_MIN":231844,"LATITUDE":44.851959,"LONGITUDE":-0.596959,"MEGACITY":1,"WORLDCITY":0},"geometry":{"type":"Point","coordinates":[-0.596959,44.851959]}},{"type":"Feature","properties":{"NAME":"St. Petersburg","NAMEASCII":"St. Petersburg","ADM0NAME":"United States of America","ADM0_A3":"USA","ADM1NAME":"Florida","ISO_A2":"US","POP_MAX":800313,"POP_MIN":246316,"LATITUDE":27.770539,"LONGITUDE":-82.679383,"MEGACITY":0,"WORLDCITY":0},"geometry":{"type":"Point","coordinates":[-82.679383,27.770539]}},{"type":"Feature","properties":{"NAME":"Baoji","NAMEASCII":"Baoji","ADM0NAME":"China","ADM0_A3":"CHN","ADM1NAME":"Shaanxi","ISO_A2":"CN","POP_MAX":800000,"POP_MIN":800000,"LATITUDE":34.380006,"LONGITUDE":107.149987,"MEGACITY":0,"WORLDCITY":0},"geometry":{"type":"Point","coordinates":[107.149986,34.380006]}},{"type":"Feature","properties":{"NAME":"Pekanbaru","NAMEASCII":"Pekanbaru","ADM0NAME":"Indonesia","ADM0_A3":"IDN","ADM1NAME":"Riau","ISO_A2":"ID","POP_MAX":799000,"POP_MIN":611436,"LATITUDE":0.56691,"LONGITUDE":101.423067,"MEGACITY":1,"WORLDCITY":0},"geometry":{"type":"Point","coordinates":[101.423067,0.56691]}},{"type":"Feature","properties":{"NAME":"Oran","NAMEASCII":"Oran","ADM0NAME":"Algeria","ADM0_A3":"DZA","ADM1NAME":"Oran","ISO_A2":"DZ","POP_MAX":798000,"POP_MIN":645984,"LATITUDE":35.711948,"LONGITUDE":-0.621919,"MEGACITY":1,"WORLDCITY":0},"geometry":{"type":"Point","coordinates":[-0.621919,35.711948]}},{"type":"Feature","properties":{"NAME":"Yingkow","NAMEASCII":"Yingkow","ADM0NAME":"China","ADM0_A3":"CHN","ADM1NAME":"Liaoning","ISO_A2":"CN","POP_MAX":795000,"POP_MIN":591159,"LATITUDE":40.672292,"LONGITUDE":122.278073,"MEGACITY":1,"WORLDCITY":0},"geometry":{"type":"Point","coordinates":[122.278073,40.672292]}},{"type":"Feature","properties":{"NAME":"Bhiwandi","NAMEASCII":"Bhiwandi","ADM0NAME":"India","ADM0_A3":"IND","ADM1NAME":"Maharashtra","ISO_A2":"IN","POP_MAX":795000,"POP_MIN":707035,"LATITUDE":19.351965,"LONGITUDE":73.12805,"MEGACITY":1,"WORLDCITY":0},"geometry":{"type":"Point","coordinates":[73.12805,19.351965]}},{"type":"Feature","properties":{"NAME":"Liaoyang","NAMEASCII":"Liaoyang","ADM0NAME":"China","ADM0_A3":"CHN","ADM1NAME":"Liaoning","ISO_A2":"CN","POP_MAX":794000,"POP_MIN":687890,"LATITUDE":41.281944,"LONGITUDE":123.17807,"MEGACITY":1,"WORLDCITY":0},"geometry":{"type":"Point","coordinates":[123.17807,41.281944]}},{"type":"Feature","properties":{"NAME":"Chihuahua","NAMEASCII":"Chihuahua","ADM0NAME":"Mexico","ADM0_A3":"MEX","ADM1NAME":"Chihuahua","ISO_A2":"MX","POP_MAX":793000,"POP_MIN":708267,"LATITUDE":28.646927,"LONGITUDE":-106.086928,"MEGACITY":1,"WORLDCITY":0},"geometry":{"type":"Point","coordinates":[-106.086928,28.646927]}},{"type":"Feature","properties":{"NAME":"Jammu","NAMEASCII":"Jammu","ADM0NAME":"India","ADM0_A3":"IND","ADM1NAME":"Jammu and Kashmir","ISO_A2":"IN","POP_MAX":791000,"POP_MIN":465567,"LATITUDE":32.713733,"LONGITUDE":74.844793,"MEGACITY":1,"WORLDCITY":0},"geometry":{"type":"Point","coordinates":[74.844793,32.713733]}},{"type":"Feature","properties":{"NAME":"Malacca","NAMEASCII":"Malacca","ADM0NAME":"Malaysia","ADM0_A3":"MYS","ADM1NAME":"Melaka","ISO_A2":"MY","POP_MAX":788706,"POP_MIN":503127,"LATITUDE":2.206414,"LONGITUDE":102.246462,"MEGACITY":0,"WORLDCITY":0},"geometry":{"type":"Point","coordinates":[102.246461,2.206414]}},{"type":"Feature","properties":{"NAME":"Zaporizhzhya","NAMEASCII":"Zaporizhzhya","ADM0NAME":"Ukraine","ADM0_A3":"UKR","ADM1NAME":"Zaporizhzhya","ISO_A2":"UA","POP_MAX":788000,"POP_MIN":413557,"LATITUDE":47.859243,"LONGITUDE":35.174863,"MEGACITY":1,"WORLDCITY":0},"geometry":{"type":"Point","coordinates":[35.174863,47.859243]}},{"type":"Feature","properties":{"NAME":"Oklahoma City","NAMEASCII":"Oklahoma City","ADM0NAME":"United States of America","ADM0_A3":"USA","ADM1NAME":"Oklahoma","ISO_A2":"US","POP_MAX":788000,"POP_MIN":532950,"LATITUDE":35.471989,"LONGITUDE":-97.520629,"MEGACITY":1,"WORLDCITY":0},"geometry":{"type":"Point","coordinates":[-97.520629,35.471989]}},{"type":"Feature","properties":{"NAME":"Moradabad","NAMEASCII":"Moradabad","ADM0NAME":"India","ADM0_A3":"IND","ADM1NAME":"Uttar Pradesh","ISO_A2":"IN","POP_MAX":787000,"POP_MIN":721139,"LATITUDE":28.843737,"LONGITUDE":78.754838,"MEGACITY":1,"WORLDCITY":0},"geometry":{"type":"Point","coordinates":[78.754838,28.843737]}},{"type":"Feature","properties":{"NAME":"Honolulu","NAMEASCII":"Honolulu","ADM0NAME":"United States of America","ADM0_A3":"USA","ADM1NAME":"Hawaii","ISO_A2":"US","POP_MAX":786000,"POP_MIN":371657,"LATITUDE":21.308822,"LONGITUDE":-157.859944,"MEGACITY":1,"WORLDCITY":0},"geometry":{"type":"Point","coordinates":[-157.858301,21.303429]}},{"type":"Feature","properties":{"NAME":"New Orleans","NAMEASCII":"New Orleans","ADM0NAME":"United States of America","ADM0_A3":"USA","ADM1NAME":"Louisiana","ISO_A2":"US","POP_MAX":785000,"POP_MIN":269857,"LATITUDE":29.996948,"LONGITUDE":-90.041913,"MEGACITY":1,"WORLDCITY":0},"geometry":{"type":"Point","coordinates":[-90.088368,29.968908]}},{"type":"Feature","properties":{"NAME":"Antalya","NAMEASCII":"Antalya","ADM0NAME":"Turkey","ADM0_A3":"TUR","ADM1NAME":"Antalya","ISO_A2":"TR","POP_MAX":783000,"POP_MIN":623937,"LATITUDE":36.891928,"LONGITUDE":30.69803,"MEGACITY":1,"WORLDCITY":0},"geometry":{"type":"Point","coordinates":[30.69803,36.891928]}},{"type":"Feature","properties":{"NAME":"Al Hudaydah","NAMEASCII":"Al Hudaydah","ADM0NAME":"Yemen","ADM0_A3":"YEM","ADM1NAME":"Al Hudaydah","ISO_A2":"YE","POP_MAX":780000,"POP_MIN":475221,"LATITUDE":14.799891,"LONGITUDE":42.951029,"MEGACITY":1,"WORLDCITY":0},"geometry":{"type":"Point","coordinates":[42.951029,14.799891]}},{"type":"Feature","properties":{"NAME":"Islamabad","NAMEASCII":"Islamabad","ADM0NAME":"Pakistan","ADM0_A3":"PAK","ADM1NAME":"F.C.T.","ISO_A2":"PK","POP_MAX":780000,"POP_MIN":601600,"LATITUDE":33.701942,"LONGITUDE":73.164689,"MEGACITY":1,"WORLDCITY":0},"geometry":{"type":"Point","coordinates":[73.08063,33.689368]}},{"type":"Feature","properties":{"NAME":"Campo Grande","NAMEASCII":"Campo Grande","ADM0NAME":"Brazil","ADM0_A3":"BRA","ADM1NAME":"Mato Grosso do Sul","ISO_A2":"BR","POP_MAX":778000,"POP_MIN":597446,"LATITUDE":-20.448086,"LONGITUDE":-54.618571,"MEGACITY":1,"WORLDCITY":0},"geometry":{"type":"Point","coordinates":[-54.618571,-20.448086]}},{"type":"Feature","properties":{"NAME":"Shaoxing","NAMEASCII":"Shaoxing","ADM0NAME":"China","ADM0_A3":"CHN","ADM1NAME":"Zhejiang","ISO_A2":"CN","POP_MAX":777000,"POP_MIN":421283,"LATITUDE":30.002323,"LONGITUDE":120.5681,"MEGACITY":1,"WORLDCITY":0},"geometry":{"type":"Point","coordinates":[120.5681,30.002323]}},{"type":"Feature","properties":{"NAME":"Yichun","NAMEASCII":"Yichun","ADM0NAME":"China","ADM0_A3":"CHN","ADM1NAME":"Heilongjiang","ISO_A2":"CN","POP_MAX":777000,"POP_MIN":109223,"LATITUDE":47.701888,"LONGITUDE":128.898031,"MEGACITY":1,"WORLDCITY":0},"geometry":{"type":"Point","coordinates":[128.898031,47.701888]}},{"type":"Feature","properties":{"NAME":"Mangaluru","NAMEASCII":"Mangaluru","ADM0NAME":"India","ADM0_A3":"IND","ADM1NAME":"Karnataka","ISO_A2":"IN","POP_MAX":776632,"POP_MIN":417387,"LATITUDE":12.900025,"LONGITUDE":74.849994,"MEGACITY":0,"WORLDCITY":0},"geometry":{"type":"Point","coordinates":[74.849994,12.900025]}},{"type":"Feature","properties":{"NAME":"Wuppertal","NAMEASCII":"Wuppertal","ADM0NAME":"Germany","ADM0_A3":"DEU","ADM1NAME":"Nordrhein-Westfalen","ISO_A2":"DE","POP_MAX":776525,"POP_MIN":349470,"LATITUDE":51.25001,"LONGITUDE":7.169991,"MEGACITY":0,"WORLDCITY":0},"geometry":{"type":"Point","coordinates":[7.169991,51.25001]}},{"type":"Feature","properties":{"NAME":"Cheongju","NAMEASCII":"Cheongju","ADM0NAME":"South Korea","ADM0_A3":"KOR","ADM1NAME":"Chungcheongbuk-do","ISO_A2":"KR","POP_MAX":775096,"POP_MIN":663745,"LATITUDE":36.643899,"LONGITUDE":127.501199,"MEGACITY":0,"WORLDCITY":0},"geometry":{"type":"Point","coordinates":[127.501199,36.643899]}},{"type":"Feature","properties":{"NAME":"Dayton","NAMEASCII":"Dayton","ADM0NAME":"United States of America","ADM0_A3":"USA","ADM1NAME":"Ohio","ISO_A2":"US","POP_MAX":773000,"POP_MIN":159134,"LATITUDE":39.752322,"LONGITUDE":-84.201933,"MEGACITY":1,"WORLDCITY":0},"geometry":{"type":"Point","coordinates":[-84.201933,39.752322]}},{"type":"Feature","properties":{"NAME":"Hamhung","NAMEASCII":"Hamhung","ADM0NAME":"North Korea","ADM0_A3":"PRK","ADM1NAME":"Hamgyong-namdo","ISO_A2":"KP","POP_MAX":773000,"POP_MIN":418341,"LATITUDE":39.912002,"LONGITUDE":127.543488,"MEGACITY":1,"WORLDCITY":0},"geometry":{"type":"Point","coordinates":[127.543488,39.912002]}},{"type":"Feature","properties":{"NAME":"Zamboanga","NAMEASCII":"Zamboanga","ADM0NAME":"Philippines","ADM0_A3":"PHL","ADM1NAME":"Zamboanga del Sur","ISO_A2":"PH","POP_MAX":773000,"POP_MIN":457623,"LATITUDE":6.921923,"LONGITUDE":122.078085,"MEGACITY":1,"WORLDCITY":0},"geometry":{"type":"Point","coordinates":[122.078085,6.921923]}},{"type":"Feature","properties":{"NAME":"Ilorin","NAMEASCII":"Ilorin","ADM0NAME":"Nigeria","ADM0_A3":"NGA","ADM1NAME":"Kwara","ISO_A2":"NG","POP_MAX":771000,"POP_MIN":632484,"LATITUDE":8.491956,"LONGITUDE":4.54805,"MEGACITY":1,"WORLDCITY":0},"geometry":{"type":"Point","coordinates":[4.54805,8.491956]}},{"type":"Feature","properties":{"NAME":"Fuyang","NAMEASCII":"Fuyang","ADM0NAME":"China","ADM0_A3":"CHN","ADM1NAME":"Zhejiang","ISO_A2":"CN","POP_MAX":771000,"POP_MIN":771000,"LATITUDE":30.055279,"LONGITUDE":119.949999,"MEGACITY":1,"WORLDCITY":0},"geometry":{"type":"Point","coordinates":[119.949999,30.055279]}},{"type":"Feature","properties":{"NAME":"Saarbrücken","NAMEASCII":"Saarbrucken","ADM0NAME":"Germany","ADM0_A3":"DEU","ADM1NAME":"Saarland","ISO_A2":"DE","POP_MAX":770001,"POP_MIN":175741,"LATITUDE":49.25039,"LONGITUDE":6.970003,"MEGACITY":0,"WORLDCITY":0},"geometry":{"type":"Point","coordinates":[6.970003,49.25039]}},{"type":"Feature","properties":{"NAME":"Shiyan","NAMEASCII":"Shiyan","ADM0NAME":"China","ADM0_A3":"CHN","ADM1NAME":"Hubei","ISO_A2":"CN","POP_MAX":770000,"POP_MIN":537647,"LATITUDE":32.570039,"LONGITUDE":110.779998,"MEGACITY":0,"WORLDCITY":0},"geometry":{"type":"Point","coordinates":[110.779997,32.570039]}},{"type":"Feature","properties":{"NAME":"Fuxin","NAMEASCII":"Fuxin","ADM0NAME":"China","ADM0_A3":"CHN","ADM1NAME":"Liaoning","ISO_A2":"CN","POP_MAX":770000,"POP_MIN":689050,"LATITUDE":42.012417,"LONGITUDE":121.658059,"MEGACITY":1,"WORLDCITY":0},"geometry":{"type":"Point","coordinates":[121.658059,42.012417]}},{"type":"Feature","properties":{"NAME":"Quetta","NAMEASCII":"Quetta","ADM0NAME":"Pakistan","ADM0_A3":"PAK","ADM1NAME":"Baluchistan","ISO_A2":"PK","POP_MAX":768000,"POP_MIN":733675,"LATITUDE":30.221948,"LONGITUDE":67.023048,"MEGACITY":1,"WORLDCITY":0},"geometry":{"type":"Point","coordinates":[67.023048,30.221947]}},{"type":"Feature","properties":{"NAME":"Trujillo","NAMEASCII":"Trujillo","ADM0NAME":"Peru","ADM0_A3":"PER","ADM1NAME":"La Libertad","ISO_A2":"PE","POP_MAX":765171,"POP_MIN":276921,"LATITUDE":-8.120035,"LONGITUDE":-79.019968,"MEGACITY":0,"WORLDCITY":0},"geometry":{"type":"Point","coordinates":[-79.019968,-8.120035]}},{"type":"Feature","properties":{"NAME":"Kananga","NAMEASCII":"Kananga","ADM0NAME":"Congo (Kinshasa)","ADM0_A3":"COD","ADM1NAME":"Kasaï-Occidental","ISO_A2":"CD","POP_MAX":765000,"POP_MIN":463546,"LATITUDE":-5.888096,"LONGITUDE":22.398072,"MEGACITY":1,"WORLDCITY":0},"geometry":{"type":"Point","coordinates":[22.398072,-5.888096]}},{"type":"Feature","properties":{"NAME":"Trabzon","NAMEASCII":"Trabzon","ADM0NAME":"Turkey","ADM0_A3":"TUR","ADM1NAME":"Trabzon","ISO_A2":"TR","POP_MAX":764714,"POP_MIN":230399,"LATITUDE":40.979991,"LONGITUDE":39.719994,"MEGACITY":0,"WORLDCITY":0},"geometry":{"type":"Point","coordinates":[39.719994,40.979991]}},{"type":"Feature","properties":{"NAME":"Cotonou","NAMEASCII":"Cotonou","ADM0NAME":"Benin","ADM0_A3":"BEN","ADM1NAME":"Ouémé","ISO_A2":"BJ","POP_MAX":762000,"POP_MIN":690584,"LATITUDE":6.401954,"LONGITUDE":2.518045,"MEGACITY":1,"WORLDCITY":0},"geometry":{"type":"Point","coordinates":[2.404355,6.36298]}},{"type":"Feature","properties":{"NAME":"Jincheng","NAMEASCII":"Jincheng","ADM0NAME":"China","ADM0_A3":"CHN","ADM1NAME":"Shanxi","ISO_A2":"CN","POP_MAX":760000,"POP_MIN":280000,"LATITUDE":35.500377,"LONGITUDE":112.830002,"MEGACITY":0,"WORLDCITY":0},"geometry":{"type":"Point","coordinates":[112.830002,35.500377]}},{"type":"Feature","properties":{"NAME":"Łódź","NAMEASCII":"Lodz","ADM0NAME":"Poland","ADM0_A3":"POL","ADM1NAME":"Lódz","ISO_A2":"PL","POP_MAX":758000,"POP_MIN":758000,"LATITUDE":51.776937,"LONGITUDE":19.449414,"MEGACITY":1,"WORLDCITY":0},"geometry":{"type":"Point","coordinates":[19.458229,51.767797]}},{"type":"Feature","properties":{"NAME":"Kraków","NAMEASCII":"Krakow","ADM0NAME":"Poland","ADM0_A3":"POL","ADM1NAME":"Lesser Poland","ISO_A2":"PL","POP_MAX":756000,"POP_MIN":755050,"LATITUDE":50.061925,"LONGITUDE":19.958066,"MEGACITY":1,"WORLDCITY":0},"geometry":{"type":"Point","coordinates":[19.958066,50.061925]}},{"type":"Feature","properties":{"NAME":"Rochester","NAMEASCII":"Rochester","ADM0NAME":"United States of America","ADM0_A3":"USA","ADM1NAME":"New York","ISO_A2":"US","POP_MAX":755000,"POP_MIN":211354,"LATITUDE":43.172372,"LONGITUDE":-77.621896,"MEGACITY":1,"WORLDCITY":0},"geometry":{"type":"Point","coordinates":[-77.621896,43.172371]}},{"type":"Feature","properties":{"NAME":"Saltillo","NAMEASCII":"Saltillo","ADM0NAME":"Mexico","ADM0_A3":"MEX","ADM1NAME":"Coahuila","ISO_A2":"MX","POP_MAX":754000,"POP_MIN":604573,"LATITUDE":25.421905,"LONGITUDE":-101.006928,"MEGACITY":1,"WORLDCITY":0},"geometry":{"type":"Point","coordinates":[-101.006928,25.421905]}},{"type":"Feature","properties":{"NAME":"Vientiane","NAMEASCII":"Vientiane","ADM0NAME":"Laos","ADM0_A3":"LAO","ADM1NAME":"Vientiane [prefecture]","ISO_A2":"LA","POP_MAX":754000,"POP_MIN":570348,"LATITUDE":17.966693,"LONGITUDE":102.59998,"MEGACITY":0,"WORLDCITY":0},"geometry":{"type":"Point","coordinates":[102.59998,17.966693]}},{"type":"Feature","properties":{"NAME":"São José dos Campos","NAMEASCII":"Sao Jose dos Campos","ADM0NAME":"Brazil","ADM0_A3":"BRA","ADM1NAME":"São Paulo","ISO_A2":"BR","POP_MAX":753769,"POP_MIN":636876,"LATITUDE":-23.199994,"LONGITUDE":-45.879949,"MEGACITY":0,"WORLDCITY":0},"geometry":{"type":"Point","coordinates":[-45.879949,-23.199994]}},{"type":"Feature","properties":{"NAME":"El Paso","NAMEASCII":"El Paso","ADM0NAME":"United States of America","ADM0_A3":"USA","ADM1NAME":"Texas","ISO_A2":"US","POP_MAX":753000,"POP_MIN":563662,"LATITUDE":31.78193,"LONGITUDE":-106.511941,"MEGACITY":1,"WORLDCITY":0},"geometry":{"type":"Point","coordinates":[-106.511941,31.78193]}},{"type":"Feature","properties":{"NAME":"Taizz","NAMEASCII":"Taizz","ADM0NAME":"Yemen","ADM0_A3":"YEM","ADM1NAME":"Ta`izz","ISO_A2":"YE","POP_MAX":751000,"POP_MIN":615222,"LATITUDE":13.606398,"LONGITUDE":44.037474,"MEGACITY":1,"WORLDCITY":0},"geometry":{"type":"Point","coordinates":[44.037474,13.606398]}},{"type":"Feature","properties":{"NAME":"Pietermaritzburg","NAMEASCII":"Pietermaritzburg","ADM0NAME":"South Africa","ADM0_A3":"ZAF","ADM1NAME":"KwaZulu-Natal","ISO_A2":"ZA","POP_MAX":750845,"POP_MIN":490951,"LATITUDE":-29.610042,"LONGITUDE":30.390021,"MEGACITY":0,"WORLDCITY":0},"geometry":{"type":"Point","coordinates":[30.390021,-29.610042]}},{"type":"Feature","properties":{"NAME":"Tangier","NAMEASCII":"Tangier","ADM0NAME":"Morocco","ADM0_A3":"MAR","ADM1NAME":"Tanger - Tétouan","ISO_A2":"MA","POP_MAX":750060,"POP_MIN":688356,"LATITUDE":35.747287,"LONGITUDE":-5.832704,"MEGACITY":0,"WORLDCITY":0},"geometry":{"type":"Point","coordinates":[-5.806198,35.775925]}},{"type":"Feature","properties":{"NAME":"Changhua","NAMEASCII":"Changhua","ADM0NAME":"Taiwan","ADM0_A3":"TWN","ADM1NAME":"Changhua","ISO_A2":"TW","POP_MAX":750000,"POP_MIN":236588,"LATITUDE":24.0734,"LONGITUDE":120.513409,"MEGACITY":0,"WORLDCITY":0},"geometry":{"type":"Point","coordinates":[120.513409,24.0734]}},{"type":"Feature","properties":{"NAME":"Hsinchu","NAMEASCII":"Hsinchu","ADM0NAME":"Taiwan","ADM0_A3":"TWN","ADM1NAME":"Hsinchu City","ISO_A2":"TW","POP_MAX":750000,"POP_MIN":415557,"LATITUDE":24.816791,"LONGITUDE":120.97674,"MEGACITY":0,"WORLDCITY":0},"geometry":{"type":"Point","coordinates":[120.976739,24.816791]}},{"type":"Feature","properties":{"NAME":"Fargona","NAMEASCII":"Fargona","ADM0NAME":"Uzbekistan","ADM0_A3":"UZB","ADM1NAME":"Ferghana","ISO_A2":"UZ","POP_MAX":750000,"POP_MIN":214000,"LATITUDE":40.389975,"LONGITUDE":71.780001,"MEGACITY":0,"WORLDCITY":0},"geometry":{"type":"Point","coordinates":[71.780001,40.389975]}},{"type":"Feature","properties":{"NAME":"Namangan","NAMEASCII":"Namangan","ADM0NAME":"Uzbekistan","ADM0_A3":"UZB","ADM1NAME":"Namangan","ISO_A2":"UZ","POP_MAX":750000,"POP_MIN":449200,"LATITUDE":41.000016,"LONGITUDE":71.669982,"MEGACITY":0,"WORLDCITY":0},"geometry":{"type":"Point","coordinates":[71.669982,41.000016]}},{"type":"Feature","properties":{"NAME":"Kolhapur","NAMEASCII":"Kolhapur","ADM0NAME":"India","ADM0_A3":"IND","ADM1NAME":"Maharashtra","ISO_A2":"IN","POP_MAX":750000,"POP_MIN":561841,"LATITUDE":16.7,"LONGITUDE":74.220007,"MEGACITY":0,"WORLDCITY":0},"geometry":{"type":"Point","coordinates":[74.220007,16.7]}},{"type":"Feature","properties":{"NAME":"Liège","NAMEASCII":"Liege","ADM0NAME":"Belgium","ADM0_A3":"BEL","ADM1NAME":"Liege","ISO_A2":"BE","POP_MAX":749110,"POP_MIN":196496,"LATITUDE":50.629996,"LONGITUDE":5.580011,"MEGACITY":0,"WORLDCITY":0},"geometry":{"type":"Point","coordinates":[5.580011,50.629996]}},{"type":"Feature","properties":{"NAME":"Stamford","NAMEASCII":"Stamford","ADM0NAME":"United States of America","ADM0_A3":"USA","ADM1NAME":"Connecticut","ISO_A2":"US","POP_MAX":746920,"POP_MIN":122643,"LATITUDE":41.053346,"LONGITUDE":-73.539191,"MEGACITY":0,"WORLDCITY":0},"geometry":{"type":"Point","coordinates":[-73.539191,41.053346]}},{"type":"Feature","properties":{"NAME":"Ciudad Guayana","NAMEASCII":"Ciudad Guayana","ADM0NAME":"Venezuela","ADM0_A3":"VEN","ADM1NAME":"Bolívar","ISO_A2":"VE","POP_MAX":746535,"POP_MIN":522100,"LATITUDE":8.370018,"LONGITUDE":-62.619987,"MEGACITY":0,"WORLDCITY":0},"geometry":{"type":"Point","coordinates":[-62.619987,8.370017]}},{"type":"Feature","properties":{"NAME":"Hegang","NAMEASCII":"Hegang","ADM0NAME":"China","ADM0_A3":"CHN","ADM1NAME":"Heilongjiang","ISO_A2":"CN","POP_MAX":743307,"POP_MIN":572360,"LATITUDE":47.400012,"LONGITUDE":130.370016,"MEGACITY":0,"WORLDCITY":0},"geometry":{"type":"Point","coordinates":[130.296732,47.346627]}},{"type":"Feature","properties":{"NAME":"Riga","NAMEASCII":"Riga","ADM0NAME":"Latvia","ADM0_A3":"LVA","ADM1NAME":"Riga","ISO_A2":"LV","POP_MAX":742572,"POP_MIN":705033,"LATITUDE":56.950024,"LONGITUDE":24.099965,"MEGACITY":0,"WORLDCITY":0},"geometry":{"type":"Point","coordinates":[24.099965,56.950024]}},{"type":"Feature","properties":{"NAME":"Nouakchott","NAMEASCII":"Nouakchott","ADM0NAME":"Mauritania","ADM0_A3":"MRT","ADM1NAME":"Nouakchott","ISO_A2":"MR","POP_MAX":742144,"POP_MIN":661400,"LATITUDE":18.086427,"LONGITUDE":-15.97534,"MEGACITY":0,"WORLDCITY":0},"geometry":{"type":"Point","coordinates":[-15.97534,18.086427]}},{"type":"Feature","properties":{"NAME":"Naga","NAMEASCII":"Naga","ADM0NAME":"Philippines","ADM0_A3":"PHL","ADM1NAME":"Camarines Sur","ISO_A2":"PH","POP_MAX":741635,"POP_MIN":174931,"LATITUDE":13.619155,"LONGITUDE":123.181359,"MEGACITY":0,"WORLDCITY":0},"geometry":{"type":"Point","coordinates":[123.181359,13.619155]}},{"type":"Feature","properties":{"NAME":"Gdańsk","NAMEASCII":"Gdansk","ADM0NAME":"Poland","ADM0_A3":"POL","ADM1NAME":"Pomeranian","ISO_A2":"PL","POP_MAX":740000,"POP_MIN":455830,"LATITUDE":54.359975,"LONGITUDE":18.64004,"MEGACITY":0,"WORLDCITY":0},"geometry":{"type":"Point","coordinates":[18.64004,54.359975]}},{"type":"Feature","properties":{"NAME":"Ansan","NAMEASCII":"Ansan","ADM0NAME":"South Korea","ADM0_A3":"KOR","ADM1NAME":"Gyeonggi-do","ISO_A2":"KR","POP_MAX":739493,"POP_MIN":650728,"LATITUDE":37.348068,"LONGITUDE":126.859533,"MEGACITY":0,"WORLDCITY":0},"geometry":{"type":"Point","coordinates":[126.859533,37.348068]}},{"type":"Feature","properties":{"NAME":"Nürnberg","NAMEASCII":"Nurnberg","ADM0NAME":"Germany","ADM0_A3":"DEU","ADM1NAME":"Bayern","ISO_A2":"DE","POP_MAX":737304,"POP_MIN":499237,"LATITUDE":49.449991,"LONGITUDE":11.079985,"MEGACITY":0,"WORLDCITY":0},"geometry":{"type":"Point","coordinates":[11.079985,49.449991]}},{"type":"Feature","properties":{"NAME":"Oyo","NAMEASCII":"Oyo","ADM0NAME":"Nigeria","ADM0_A3":"NGA","ADM1NAME":"Oyo","ISO_A2":"NG","POP_MAX":736072,"POP_MIN":213961,"LATITUDE":7.850437,"LONGITUDE":3.929982,"MEGACITY":0,"WORLDCITY":0},"geometry":{"type":"Point","coordinates":[3.929982,7.850437]}},{"type":"Feature","properties":{"NAME":"St.  Paul","NAMEASCII":"St. Paul","ADM0NAME":"United States of America","ADM0_A3":"USA","ADM1NAME":"Minnesota","ISO_A2":"US","POP_MAX":734854,"POP_MIN":285068,"LATITUDE":44.943987,"LONGITUDE":-93.084975,"MEGACITY":0,"WORLDCITY":0},"geometry":{"type":"Point","coordinates":[-93.084975,44.943987]}},{"type":"Feature","properties":{"NAME":"Muscat","NAMEASCII":"Muscat","ADM0NAME":"Oman","ADM0_A3":"OMN","ADM1NAME":"Muscat","ISO_A2":"OM","POP_MAX":734697,"POP_MIN":586861,"LATITUDE":23.613325,"LONGITUDE":58.593312,"MEGACITY":0,"WORLDCITY":0},"geometry":{"type":"Point","coordinates":[58.378311,23.585179]}},{"type":"Feature","properties":{"NAME":"Amravati","NAMEASCII":"Amravati","ADM0NAME":"India","ADM0_A3":"IND","ADM1NAME":"Maharashtra","ISO_A2":"IN","POP_MAX":734451,"POP_MIN":603837,"LATITUDE":20.949973,"LONGITUDE":77.770023,"MEGACITY":0,"WORLDCITY":0},"geometry":{"type":"Point","coordinates":[77.78181,20.925616]}},{"type":"Feature","properties":{"NAME":"Denpasar","NAMEASCII":"Denpasar","ADM0NAME":"Indonesia","ADM0_A3":"IDN","ADM1NAME":"Bali","ISO_A2":"ID","POP_MAX":732344,"POP_MIN":405923,"LATITUDE":-8.650029,"LONGITUDE":115.219985,"MEGACITY":0,"WORLDCITY":0},"geometry":{"type":"Point","coordinates":[115.219985,-8.650029]}},{"type":"Feature","properties":{"NAME":"Sokoto","NAMEASCII":"Sokoto","ADM0NAME":"Nigeria","ADM0_A3":"NGA","ADM1NAME":"Sokoto","ISO_A2":"NG","POP_MAX":732178,"POP_MIN":563861,"LATITUDE":13.060016,"LONGITUDE":5.240031,"MEGACITY":0,"WORLDCITY":0},"geometry":{"type":"Point","coordinates":[5.240031,13.060016]}},{"type":"Feature","properties":{"NAME":"Beihai","NAMEASCII":"Beihai","ADM0NAME":"China","ADM0_A3":"CHN","ADM1NAME":"Guangxi","ISO_A2":"CN","POP_MAX":728978,"POP_MIN":405600,"LATITUDE":21.480406,"LONGITUDE":109.100048,"MEGACITY":0,"WORLDCITY":0},"geometry":{"type":"Point","coordinates":[109.100048,21.480406]}},{"type":"Feature","properties":{"NAME":"Ashgabat","NAMEASCII":"Ashgabat","ADM0NAME":"Turkmenistan","ADM0_A3":"TKM","ADM1NAME":"Ahal","ISO_A2":"TM","POP_MAX":727700,"POP_MIN":577982,"LATITUDE":37.949995,"LONGITUDE":58.383299,"MEGACITY":0,"WORLDCITY":0},"geometry":{"type":"Point","coordinates":[58.383299,37.949995]}},{"type":"Feature","properties":{"NAME":"Bremen","NAMEASCII":"Bremen","ADM0NAME":"Germany","ADM0_A3":"DEU","ADM1NAME":"Bremen","ISO_A2":"DE","POP_MAX":724909,"POP_MIN":546501,"LATITUDE":53.080002,"LONGITUDE":8.800021,"MEGACITY":0,"WORLDCITY":0},"geometry":{"type":"Point","coordinates":[8.800021,53.080002]}},{"type":"Feature","properties":{"NAME":"Arlington","NAMEASCII":"Arlington","ADM0NAME":"United States of America","ADM0_A3":"USA","ADM1NAME":"Texas","ISO_A2":"US","POP_MAX":724777,"POP_MIN":365438,"LATITUDE":32.684761,"LONGITUDE":-97.020239,"MEGACITY":0,"WORLDCITY":0},"geometry":{"type":"Point","coordinates":[-97.020239,32.684761]}},{"type":"Feature","properties":{"NAME":"Lowell","NAMEASCII":"Lowell","ADM0NAME":"United States of America","ADM0_A3":"USA","ADM1NAME":"Massachusetts","ISO_A2":"US","POP_MAX":723629,"POP_MIN":106519,"LATITUDE":42.633688,"LONGITUDE":-71.316691,"MEGACITY":0,"WORLDCITY":0},"geometry":{"type":"Point","coordinates":[-71.316691,42.633688]}},{"type":"Feature","properties":{"NAME":"As Sulaymaniyah","NAMEASCII":"As Sulaymaniyah","ADM0NAME":"Iraq","ADM0_A3":"IRQ","ADM1NAME":"As-Sulaymaniyah","ISO_A2":"IQ","POP_MAX":723170,"POP_MIN":585466,"LATITUDE":35.561278,"LONGITUDE":45.43086,"MEGACITY":0,"WORLDCITY":0},"geometry":{"type":"Point","coordinates":[45.43086,35.561278]}},{"type":"Feature","properties":{"NAME":"Zagreb","NAMEASCII":"Zagreb","ADM0NAME":"Croatia","ADM0_A3":"HRV","ADM1NAME":"Grad Zagreb","ISO_A2":"HR","POP_MAX":722526,"POP_MIN":698966,"LATITUDE":45.800007,"LONGITUDE":15.999995,"MEGACITY":0,"WORLDCITY":0},"geometry":{"type":"Point","coordinates":[15.999995,45.800007]}},{"type":"Feature","properties":{"NAME":"Hanover","NAMEASCII":"Hannover","ADM0NAME":"Germany","ADM0_A3":"DEU","ADM1NAME":"Niedersachsen","ISO_A2":"DE","POP_MAX":722490,"POP_MIN":515140,"LATITUDE":52.36697,"LONGITUDE":9.716657,"MEGACITY":0,"WORLDCITY":0},"geometry":{"type":"Point","coordinates":[9.716657,52.36697]}},{"type":"Feature","properties":{"NAME":"Cúcuta","NAMEASCII":"Cucuta","ADM0NAME":"Colombia","ADM0_A3":"COL","ADM1NAME":"Norte de Santander","ISO_A2":"CO","POP_MAX":722146,"POP_MIN":721398,"LATITUDE":7.920019,"LONGITUDE":-72.519977,"MEGACITY":0,"WORLDCITY":0},"geometry":{"type":"Point","coordinates":[-72.519977,7.920019]}},{"type":"Feature","properties":{"NAME":"Hamilton","NAMEASCII":"Hamilton","ADM0NAME":"Canada","ADM0_A3":"CAN","ADM1NAME":"Ontario","ISO_A2":"CA","POP_MAX":721053,"POP_MIN":519949,"LATITUDE":43.249982,"LONGITUDE":-79.829996,"MEGACITY":0,"WORLDCITY":0},"geometry":{"type":"Point","coordinates":[-79.829996,43.249981]}},{"type":"Feature","properties":{"NAME":"Moshi","NAMEASCII":"Moshi","ADM0NAME":"Tanzania","ADM0_A3":"TZA","ADM1NAME":"Kilimanjaro","ISO_A2":"TZ","POP_MAX":721018,"POP_MIN":206728,"LATITUDE":-3.339604,"LONGITUDE":37.339984,"MEGACITY":0,"WORLDCITY":0},"geometry":{"type":"Point","coordinates":[37.339984,-3.339604]}},{"type":"Feature","properties":{"NAME":"Shaoguan","NAMEASCII":"Shaoguan","ADM0NAME":"China","ADM0_A3":"CHN","ADM1NAME":"Guangdong","ISO_A2":"CN","POP_MAX":720266,"POP_MIN":628749,"LATITUDE":24.799971,"LONGITUDE":113.579982,"MEGACITY":0,"WORLDCITY":0},"geometry":{"type":"Point","coordinates":[113.579982,24.799971]}},{"type":"Feature","properties":{"NAME":"Tacoma","NAMEASCII":"Tacoma","ADM0NAME":"United States of America","ADM0_A3":"USA","ADM1NAME":"Washington","ISO_A2":"US","POP_MAX":719868,"POP_MIN":200678,"LATITUDE":47.211316,"LONGITUDE":-122.515013,"MEGACITY":0,"WORLDCITY":0},"geometry":{"type":"Point","coordinates":[-122.446824,47.240568]}},{"type":"Feature","properties":{"NAME":"Kumamoto","NAMEASCII":"Kumamoto","ADM0NAME":"Japan","ADM0_A3":"JPN","ADM1NAME":"Kumamoto","ISO_A2":"JP","POP_MAX":718232,"POP_MIN":680423,"LATITUDE":32.800929,"LONGITUDE":130.700642,"MEGACITY":0,"WORLDCITY":0},"geometry":{"type":"Point","coordinates":[130.700642,32.800929]}},{"type":"Feature","properties":{"NAME":"Lianyungang","NAMEASCII":"Lianyungang","ADM0NAME":"China","ADM0_A3":"CHN","ADM1NAME":"Jiangsu","ISO_A2":"CN","POP_MAX":715600,"POP_MIN":715600,"LATITUDE":34.600432,"LONGITUDE":119.170028,"MEGACITY":0,"WORLDCITY":0},"geometry":{"type":"Point","coordinates":[119.226193,34.587014]}},{"type":"Feature","properties":{"NAME":"Acapulco","NAMEASCII":"Acapulco","ADM0NAME":"Mexico","ADM0_A3":"MEX","ADM1NAME":"Guerrero","ISO_A2":"MX","POP_MAX":715584,"POP_MIN":652136,"LATITUDE":16.849991,"LONGITUDE":-99.915979,"MEGACITY":0,"WORLDCITY":0},"geometry":{"type":"Point","coordinates":[-99.915979,16.849991]}},{"type":"Feature","properties":{"NAME":"Kandahar","NAMEASCII":"Kandahar","ADM0NAME":"Afghanistan","ADM0_A3":"AFG","ADM1NAME":"Kandahar","ISO_A2":"AF","POP_MAX":715542,"POP_MIN":512200,"LATITUDE":31.61002,"LONGITUDE":65.694946,"MEGACITY":0,"WORLDCITY":0},"geometry":{"type":"Point","coordinates":[65.694946,31.61002]}},{"type":"Feature","properties":{"NAME":"Dehra Dun","NAMEASCII":"Dehra Dun","ADM0NAME":"India","ADM0_A3":"IND","ADM1NAME":"Uttaranchal","ISO_A2":"IN","POP_MAX":714223,"POP_MIN":578420,"LATITUDE":30.320409,"LONGITUDE":78.050006,"MEGACITY":0,"WORLDCITY":0},"geometry":{"type":"Point","coordinates":[78.050006,30.320409]}},{"type":"Feature","properties":{"NAME":"Jeonju","NAMEASCII":"Jeonju","ADM0NAME":"South Korea","ADM0_A3":"KOR","ADM1NAME":"Jeollabuk-do","ISO_A2":"KR","POP_MAX":711424,"POP_MIN":648473,"LATITUDE":35.831416,"LONGITUDE":127.140394,"MEGACITY":0,"WORLDCITY":0},"geometry":{"type":"Point","coordinates":[127.140394,35.831416]}},{"type":"Feature","properties":{"NAME":"Samarkand","NAMEASCII":"Samarqand","ADM0NAME":"Uzbekistan","ADM0_A3":"UZB","ADM1NAME":"Samarkand","ISO_A2":"UZ","POP_MAX":708000,"POP_MIN":596300,"LATITUDE":39.670019,"LONGITUDE":66.944999,"MEGACITY":0,"WORLDCITY":0},"geometry":{"type":"Point","coordinates":[66.944999,39.670019]}},{"type":"Feature","properties":{"NAME":"Qingyuan","NAMEASCII":"Qingyuan","ADM0NAME":"China","ADM0_A3":"CHN","ADM1NAME":"Guangdong","ISO_A2":"CN","POP_MAX":706717,"POP_MIN":706717,"LATITUDE":23.7004,"LONGITUDE":113.030093,"MEGACITY":0,"WORLDCITY":0},"geometry":{"type":"Point","coordinates":[113.030093,23.7004]}},{"type":"Feature","properties":{"NAME":"Changzhi","NAMEASCII":"Changzhi","ADM0NAME":"China","ADM0_A3":"CHN","ADM1NAME":"Shanxi","ISO_A2":"CN","POP_MAX":706000,"POP_MIN":706000,"LATITUDE":36.183875,"LONGITUDE":113.105282,"MEGACITY":0,"WORLDCITY":0},"geometry":{"type":"Point","coordinates":[113.105282,36.183875]}},{"type":"Feature","properties":{"NAME":"Akron","NAMEASCII":"Akron","ADM0NAME":"United States of America","ADM0_A3":"USA","ADM1NAME":"Ohio","ISO_A2":"US","POP_MAX":703200,"POP_MIN":199110,"LATITUDE":41.070399,"LONGITUDE":-81.519996,"MEGACITY":0,"WORLDCITY":0},"geometry":{"type":"Point","coordinates":[-81.519996,41.070399]}},{"type":"Feature","properties":{"NAME":"Tolyatti","NAMEASCII":"Tolyatti","ADM0NAME":"Russia","ADM0_A3":"RUS","ADM1NAME":"Samara","ISO_A2":"RU","POP_MAX":702879,"POP_MIN":594365,"LATITUDE":53.480391,"LONGITUDE":49.530041,"MEGACITY":0,"WORLDCITY":0},"geometry":{"type":"Point","coordinates":[49.420063,53.508094]}},{"type":"Feature","properties":{"NAME":"Jaboatao","NAMEASCII":"Jaboatao","ADM0NAME":"Brazil","ADM0_A3":"BRA","ADM1NAME":"Pernambuco","ISO_A2":"BR","POP_MAX":702621,"POP_MIN":659807,"LATITUDE":-8.11001,"LONGITUDE":-35.020044,"MEGACITY":0,"WORLDCITY":0},"geometry":{"type":"Point","coordinates":[-35.020044,-8.11001]}},{"type":"Feature","properties":{"NAME":"Shizuoka","NAMEASCII":"Shizuoka","ADM0NAME":"Japan","ADM0_A3":"JPN","ADM1NAME":"Shizuoka","ISO_A2":"JP","POP_MAX":701561,"POP_MIN":671332,"LATITUDE":34.985835,"LONGITUDE":138.385393,"MEGACITY":0,"WORLDCITY":0},"geometry":{"type":"Point","coordinates":[138.385393,34.985835]}},{"type":"Feature","properties":{"NAME":"Bulawayo","NAMEASCII":"Bulawayo","ADM0NAME":"Zimbabwe","ADM0_A3":"ZWE","ADM1NAME":"Bulawayo","ISO_A2":"ZW","POP_MAX":699385,"POP_MIN":694807,"LATITUDE":-20.169998,"LONGITUDE":28.580002,"MEGACITY":0,"WORLDCITY":0},"geometry":{"type":"Point","coordinates":[28.580002,-20.169998]}},{"type":"Feature","properties":{"NAME":"Soledad","NAMEASCII":"Soledad","ADM0NAME":"Colombia","ADM0_A3":"COL","ADM1NAME":"Atlántico","ISO_A2":"CO","POP_MAX":698852,"POP_MIN":342556,"LATITUDE":10.920017,"LONGITUDE":-74.769995,"MEGACITY":0,"WORLDCITY":0},"geometry":{"type":"Point","coordinates":[-74.769994,10.920017]}},{"type":"Feature","properties":{"NAME":"Meknes","NAMEASCII":"Meknes","ADM0NAME":"Morocco","ADM0_A3":"MAR","ADM1NAME":"Meknès - Tafilalet","ISO_A2":"MA","POP_MAX":697628,"POP_MIN":545705,"LATITUDE":33.900423,"LONGITUDE":-5.559981,"MEGACITY":0,"WORLDCITY":0},"geometry":{"type":"Point","coordinates":[-5.559981,33.900423]}},{"type":"Feature","properties":{"NAME":"Sarajevo","NAMEASCII":"Sarajevo","ADM0NAME":"Bosnia and Herzegovina","ADM0_A3":"BIH","ADM1NAME":"Sarajevo","ISO_A2":"BA","POP_MAX":696731,"POP_MIN":628902,"LATITUDE":43.850022,"LONGITUDE":18.383002,"MEGACITY":0,"WORLDCITY":0},"geometry":{"type":"Point","coordinates":[18.383002,43.850022]}},{"type":"Feature","properties":{"NAME":"Aksu","NAMEASCII":"Aksu","ADM0NAME":"China","ADM0_A3":"CHN","ADM1NAME":"Xinjiang Uygur","ISO_A2":"CN","POP_MAX":695000,"POP_MIN":279389,"LATITUDE":41.150006,"LONGITUDE":80.250026,"MEGACITY":0,"WORLDCITY":0},"geometry":{"type":"Point","coordinates":[80.250026,41.150006]}},{"type":"Feature","properties":{"NAME":"La Plata","NAMEASCII":"La Plata","ADM0NAME":"Argentina","ADM0_A3":"ARG","ADM1NAME":"Ciudad de Buenos Aires","ISO_A2":"AR","POP_MAX":694253,"POP_MIN":186524,"LATITUDE":-34.909615,"LONGITUDE":-57.959961,"MEGACITY":0,"WORLDCITY":0},"geometry":{"type":"Point","coordinates":[-57.954436,-34.923321]}},{"type":"Feature","properties":{"NAME":"Malegaon","NAMEASCII":"Malegaon","ADM0NAME":"India","ADM0_A3":"IND","ADM1NAME":"Maharashtra","ISO_A2":"IN","POP_MAX":690844,"POP_MIN":435362,"LATITUDE":20.560359,"LONGITUDE":74.525001,"MEGACITY":0,"WORLDCITY":0},"geometry":{"type":"Point","coordinates":[74.525001,20.560359]}},{"type":"Feature","properties":{"NAME":"Enugu","NAMEASCII":"Enugu","ADM0NAME":"Nigeria","ADM0_A3":"NGA","ADM1NAME":"Enugu","ISO_A2":"NG","POP_MAX":688862,"POP_MIN":688862,"LATITUDE":6.450031,"LONGITUDE":7.499997,"MEGACITY":0,"WORLDCITY":0},"geometry":{"type":"Point","coordinates":[7.499997,6.450031]}},{"type":"Feature","properties":{"NAME":"Chișinău","NAMEASCII":"Chisinau","ADM0NAME":"Moldova","ADM0_A3":"MDA","ADM1NAME":"Chisinau","ISO_A2":"MD","POP_MAX":688134,"POP_MIN":635994,"LATITUDE":47.005024,"LONGITUDE":28.857711,"MEGACITY":0,"WORLDCITY":0},"geometry":{"type":"Point","coordinates":[28.857711,47.005024]}},{"type":"Feature","properties":{"NAME":"Huangshi","NAMEASCII":"Huangshi","ADM0NAME":"China","ADM0_A3":"CHN","ADM1NAME":"Hubei","ISO_A2":"CN","POP_MAX":688090,"POP_MIN":688090,"LATITUDE":30.220002,"LONGITUDE":115.099992,"MEGACITY":0,"WORLDCITY":0},"geometry":{"type":"Point","coordinates":[115.099992,30.220002]}},{"type":"Feature","properties":{"NAME":"Aracaju","NAMEASCII":"Aracaju","ADM0NAME":"Brazil","ADM0_A3":"BRA","ADM1NAME":"Sergipe","ISO_A2":"BR","POP_MAX":685356,"POP_MIN":490175,"LATITUDE":-10.900021,"LONGITUDE":-37.119967,"MEGACITY":0,"WORLDCITY":0},"geometry":{"type":"Point","coordinates":[-37.119967,-10.900021]}},{"type":"Feature","properties":{"NAME":"Stockton","NAMEASCII":"Stockton","ADM0NAME":"United States of America","ADM0_A3":"USA","ADM1NAME":"California","ISO_A2":"US","POP_MAX":685306,"POP_MIN":291707,"LATITUDE":37.958134,"LONGITUDE":-121.289739,"MEGACITY":0,"WORLDCITY":0},"geometry":{"type":"Point","coordinates":[-121.289739,37.958134]}},{"type":"Feature","properties":{"NAME":"Bonn","NAMEASCII":"Bonn","ADM0NAME":"Germany","ADM0_A3":"DEU","ADM1NAME":"Nordrhein-Westfalen","ISO_A2":"DE","POP_MAX":680543,"POP_MIN":313125,"LATITUDE":50.720456,"LONGITUDE":7.080022,"MEGACITY":0,"WORLDCITY":0},"geometry":{"type":"Point","coordinates":[7.080022,50.720456]}},{"type":"Feature","properties":{"NAME":"San Pedro Sula","NAMEASCII":"San Pedro Sula","ADM0NAME":"Honduras","ADM0_A3":"HND","ADM1NAME":"Cortés","ISO_A2":"HN","POP_MAX":680091,"POP_MIN":489466,"LATITUDE":15.500022,"LONGITUDE":-88.029986,"MEGACITY":0,"WORLDCITY":0},"geometry":{"type":"Point","coordinates":[-88.029986,15.500022]}},{"type":"Feature","properties":{"NAME":"Nellore","NAMEASCII":"Nellore","ADM0NAME":"India","ADM0_A3":"IND","ADM1NAME":"Andhra Pradesh","ISO_A2":"IN","POP_MAX":678004,"POP_MIN":404158,"LATITUDE":14.439983,"LONGITUDE":79.989939,"MEGACITY":0,"WORLDCITY":0},"geometry":{"type":"Point","coordinates":[79.989939,14.439983]}},{"type":"Feature","properties":{"NAME":"Catania","NAMEASCII":"Catania","ADM0NAME":"Italy","ADM0_A3":"ITA","ADM1NAME":"Sicily","ISO_A2":"IT","POP_MAX":674542,"POP_MIN":291274,"LATITUDE":37.499971,"LONGITUDE":15.079999,"MEGACITY":0,"WORLDCITY":0},"geometry":{"type":"Point","coordinates":[15.079999,37.499971]}},{"type":"Feature","properties":{"NAME":"Gorakhpur","NAMEASCII":"Gorakhpur","ADM0NAME":"India","ADM0_A3":"IND","ADM1NAME":"Uttar Pradesh","ISO_A2":"IN","POP_MAX":674246,"POP_MIN":674246,"LATITUDE":26.750394,"LONGITUDE":83.380016,"MEGACITY":0,"WORLDCITY":0},"geometry":{"type":"Point","coordinates":[83.380016,26.750394]}},{"type":"Feature","properties":{"NAME":"Ipoh","NAMEASCII":"Ipoh","ADM0NAME":"Malaysia","ADM0_A3":"MYS","ADM1NAME":"Perak","ISO_A2":"MY","POP_MAX":673318,"POP_MIN":639136,"LATITUDE":4.599989,"LONGITUDE":101.064983,"MEGACITY":0,"WORLDCITY":0},"geometry":{"type":"Point","coordinates":[101.064983,4.599989]}},{"type":"Feature","properties":{"NAME":"Chongjin","NAMEASCII":"Chongjin","ADM0NAME":"North Korea","ADM0_A3":"PRK","ADM1NAME":"Hamgyong-bukto","ISO_A2":"KP","POP_MAX":672614,"POP_MIN":327000,"LATITUDE":41.784619,"LONGITUDE":129.79,"MEGACITY":0,"WORLDCITY":0},"geometry":{"type":"Point","coordinates":[129.79,41.784619]}},{"type":"Feature","properties":{"NAME":"Utsunomiya","NAMEASCII":"Utsunomiya","ADM0NAME":"Japan","ADM0_A3":"JPN","ADM1NAME":"Tochigi","ISO_A2":"JP","POP_MAX":667752,"POP_MIN":449865,"LATITUDE":36.549977,"LONGITUDE":139.870005,"MEGACITY":0,"WORLDCITY":0},"geometry":{"type":"Point","coordinates":[139.870005,36.549977]}},{"type":"Feature","properties":{"NAME":"Puyang","NAMEASCII":"Puyang","ADM0NAME":"China","ADM0_A3":"CHN","ADM1NAME":"Henan","ISO_A2":"CN","POP_MAX":666322,"POP_MIN":666322,"LATITUDE":35.700391,"LONGITUDE":114.98,"MEGACITY":0,"WORLDCITY":0},"geometry":{"type":"Point","coordinates":[114.98,35.700391]}},{"type":"Feature","properties":{"NAME":"Najaf","NAMEASCII":"An Najaf","ADM0NAME":"Iraq","ADM0_A3":"IRQ","ADM1NAME":"An-Najaf","ISO_A2":"IQ","POP_MAX":665552,"POP_MIN":560000,"LATITUDE":32.000332,"LONGITUDE":44.335371,"MEGACITY":0,"WORLDCITY":0},"geometry":{"type":"Point","coordinates":[44.335371,32.000332]}},{"type":"Feature","properties":{"NAME":"São José dos Pinhais","NAMEASCII":"Sao Jose dos Pinhais","ADM0NAME":"Brazil","ADM0_A3":"BRA","ADM1NAME":"Paraná","ISO_A2":"BR","POP_MAX":665063,"POP_MIN":279297,"LATITUDE":-25.57003,"LONGITUDE":-49.180006,"MEGACITY":0,"WORLDCITY":0},"geometry":{"type":"Point","coordinates":[-49.180006,-25.57003]}},{"type":"Feature","properties":{"NAME":"Syracuse","NAMEASCII":"Syracuse","ADM0NAME":"United States of America","ADM0_A3":"USA","ADM1NAME":"New York","ISO_A2":"US","POP_MAX":662577,"POP_MIN":145170,"LATITUDE":43.049994,"LONGITUDE":-76.150014,"MEGACITY":0,"WORLDCITY":0},"geometry":{"type":"Point","coordinates":[-76.150014,43.049994]}},{"type":"Feature","properties":{"NAME":"Santo André","NAMEASCII":"Santo Andre","ADM0NAME":"Brazil","ADM0_A3":"BRA","ADM1NAME":"São Paulo","ISO_A2":"BR","POP_MAX":662373,"POP_MIN":662373,"LATITUDE":-23.652834,"LONGITUDE":-46.527817,"MEGACITY":0,"WORLDCITY":0},"geometry":{"type":"Point","coordinates":[-46.527817,-23.652834]}},{"type":"Feature","properties":{"NAME":"Bytom","NAMEASCII":"Bytom","ADM0NAME":"Poland","ADM0_A3":"POL","ADM1NAME":"Silesian","ISO_A2":"PL","POP_MAX":662247,"POP_MIN":189186,"LATITUDE":50.350039,"LONGITUDE":18.909998,"MEGACITY":0,"WORLDCITY":0},"geometry":{"type":"Point","coordinates":[18.909998,50.350039]}},{"type":"Feature","properties":{"NAME":"Pointe-Noire","NAMEASCII":"Pointe-Noire","ADM0NAME":"Congo (Brazzaville)","ADM0_A3":"COG","ADM1NAME":"Kouilou","ISO_A2":"CG","POP_MAX":659084,"POP_MIN":545797,"LATITUDE":-4.770007,"LONGITUDE":11.880039,"MEGACITY":0,"WORLDCITY":0},"geometry":{"type":"Point","coordinates":[11.880039,-4.770007]}},{"type":"Feature","properties":{"NAME":"At Taif","NAMEASCII":"At Taif","ADM0NAME":"Saudi Arabia","ADM0_A3":"SAU","ADM1NAME":"Makkah","ISO_A2":"SA","POP_MAX":657282,"POP_MIN":530848,"LATITUDE":21.262228,"LONGITUDE":40.382279,"MEGACITY":0,"WORLDCITY":0},"geometry":{"type":"Point","coordinates":[40.382279,21.262228]}},{"type":"Feature","properties":{"NAME":"Ismaïlia","NAMEASCII":"Ismailia","ADM0NAME":"Egypt","ADM0_A3":"EGY","ADM1NAME":"Al Isma`iliyah","ISO_A2":"EG","POP_MAX":656135,"POP_MIN":284813,"LATITUDE":30.590341,"LONGITUDE":32.259984,"MEGACITY":0,"WORLDCITY":0},"geometry":{"type":"Point","coordinates":[32.259984,30.590341]}},{"type":"Feature","properties":{"NAME":"Knoxville","NAMEASCII":"Knoxville","ADM0NAME":"United States of America","ADM0_A3":"USA","ADM1NAME":"Tennessee","ISO_A2":"US","POP_MAX":655400,"POP_MIN":178874,"LATITUDE":35.970012,"LONGITUDE":-83.92003,"MEGACITY":0,"WORLDCITY":0},"geometry":{"type":"Point","coordinates":[-83.92003,35.970012]}},{"type":"Feature","properties":{"NAME":"Shivamogga","NAMEASCII":"Shivamogga","ADM0NAME":"India","ADM0_A3":"IND","ADM1NAME":"Karnataka","ISO_A2":"IN","POP_MAX":654055,"POP_MIN":319550,"LATITUDE":13.930376,"LONGITUDE":75.560028,"MEGACITY":0,"WORLDCITY":0},"geometry":{"type":"Point","coordinates":[75.560028,13.930376]}},{"type":"Feature","properties":{"NAME":"Biên Hòa","NAMEASCII":"Bien Hoa","ADM0NAME":"Vietnam","ADM0_A3":"VNM","ADM1NAME":"Ðông Nam B?","ISO_A2":"VN","POP_MAX":652646,"POP_MIN":652646,"LATITUDE":10.970014,"LONGITUDE":106.830058,"MEGACITY":0,"WORLDCITY":0},"geometry":{"type":"Point","coordinates":[106.830058,10.970014]}},{"type":"Feature","properties":{"NAME":"Zhanyi","NAMEASCII":"Zhanyi","ADM0NAME":"China","ADM0_A3":"CHN","ADM1NAME":"Yunnan","ISO_A2":"CN","POP_MAX":652604,"POP_MIN":652604,"LATITUDE":25.600465,"LONGITUDE":103.81665,"MEGACITY":0,"WORLDCITY":0},"geometry":{"type":"Point","coordinates":[103.81665,25.600465]}},{"type":"Feature","properties":{"NAME":"Kryvyy Rih","NAMEASCII":"Kryvyy Rih","ADM0NAME":"Ukraine","ADM0_A3":"UKR","ADM1NAME":"Dnipropetrovs'k","ISO_A2":"UA","POP_MAX":652380,"POP_MIN":490907,"LATITUDE":47.928326,"LONGITUDE":33.344983,"MEGACITY":0,"WORLDCITY":0},"geometry":{"type":"Point","coordinates":[33.344983,47.928326]}},{"type":"Feature","properties":{"NAME":"Turpan","NAMEASCII":"Turpan","ADM0NAME":"China","ADM0_A3":"CHN","ADM1NAME":"Xinjiang Uygur","ISO_A2":"CN","POP_MAX":651853,"POP_MIN":102827,"LATITUDE":42.935375,"LONGITUDE":89.165038,"MEGACITY":0,"WORLDCITY":0},"geometry":{"type":"Point","coordinates":[89.165038,42.935375]}},{"type":"Feature","properties":{"NAME":"Irbid","NAMEASCII":"Irbid","ADM0NAME":"Jordan","ADM0_A3":"JOR","ADM1NAME":"Irbid","ISO_A2":"JO","POP_MAX":650000,"POP_MIN":292040,"LATITUDE":32.549989,"LONGITUDE":35.849998,"MEGACITY":0,"WORLDCITY":0},"geometry":{"type":"Point","coordinates":[35.849998,32.549989]}},{"type":"Feature","properties":{"NAME":"Tiruppur","NAMEASCII":"Tiruppur","ADM0NAME":"India","ADM0_A3":"IND","ADM1NAME":"Tamil Nadu","ISO_A2":"IN","POP_MAX":650000,"POP_MIN":444543,"LATITUDE":11.080421,"LONGITUDE":77.329998,"MEGACITY":0,"WORLDCITY":0},"geometry":{"type":"Point","coordinates":[77.329998,11.080421]}},{"type":"Feature","properties":{"NAME":"Andijan","NAMEASCII":"Andijon","ADM0NAME":"Uzbekistan","ADM0_A3":"UZB","ADM1NAME":"Andijon","ISO_A2":"UZ","POP_MAX":650000,"POP_MIN":323900,"LATITUDE":40.790003,"LONGITUDE":72.339967,"MEGACITY":0,"WORLDCITY":0},"geometry":{"type":"Point","coordinates":[72.339967,40.790002]}},{"type":"Feature","properties":{"NAME":"Krasnodar","NAMEASCII":"Krasnodar","ADM0NAME":"Russia","ADM0_A3":"RUS","ADM1NAME":"Krasnodar","ISO_A2":"RU","POP_MAX":649851,"POP_MIN":552532,"LATITUDE":45.019977,"LONGITUDE":39.000038,"MEGACITY":0,"WORLDCITY":0},"geometry":{"type":"Point","coordinates":[39.000038,45.019977]}},{"type":"Feature","properties":{"NAME":"Zaragoza","NAMEASCII":"Zaragoza","ADM0NAME":"Spain","ADM0_A3":"ESP","ADM1NAME":"Aragón","ISO_A2":"ES","POP_MAX":649404,"POP_MIN":448507,"LATITUDE":41.650002,"LONGITUDE":-0.889982,"MEGACITY":0,"WORLDCITY":0},"geometry":{"type":"Point","coordinates":[-0.889982,41.650002]}},{"type":"Feature","properties":{"NAME":"Genoa","NAMEASCII":"Genoa","ADM0NAME":"Italy","ADM0_A3":"ITA","ADM1NAME":"Liguria","ISO_A2":"IT","POP_MAX":647497,"POP_MIN":601951,"LATITUDE":44.409988,"LONGITUDE":8.930039,"MEGACITY":0,"WORLDCITY":0},"geometry":{"type":"Point","coordinates":[8.930039,44.409988]}},{"type":"Feature","properties":{"NAME":"Lilongwe","NAMEASCII":"Lilongwe","ADM0NAME":"Malawi","ADM0_A3":"MWI","ADM1NAME":"Lilongwe","ISO_A2":"MW","POP_MAX":646750,"POP_MIN":646750,"LATITUDE":-13.983295,"LONGITUDE":33.783302,"MEGACITY":0,"WORLDCITY":0},"geometry":{"type":"Point","coordinates":[33.783302,-13.983295]}},{"type":"Feature","properties":{"NAME":"Diyarbakır","NAMEASCII":"Diyarbakir","ADM0NAME":"Turkey","ADM0_A3":"TUR","ADM1NAME":"Diyarbakir","ISO_A2":"TR","POP_MAX":644763,"POP_MIN":636410,"LATITUDE":37.920436,"LONGITUDE":40.23004,"MEGACITY":0,"WORLDCITY":0},"geometry":{"type":"Point","coordinates":[40.23004,37.920436]}},{"type":"Feature","properties":{"NAME":"Morelia","NAMEASCII":"Morelia","ADM0NAME":"Mexico","ADM0_A3":"MEX","ADM1NAME":"Michoacán","ISO_A2":"MX","POP_MAX":644306,"POP_MIN":592797,"LATITUDE":19.733381,"LONGITUDE":-101.189493,"MEGACITY":0,"WORLDCITY":0},"geometry":{"type":"Point","coordinates":[-101.189493,19.733381]}},{"type":"Feature","properties":{"NAME":"Ulyanovsk","NAMEASCII":"Ulyanovsk","ADM0NAME":"Russia","ADM0_A3":"RUS","ADM1NAME":"Ul'yanovsk","ISO_A2":"RU","POP_MAX":640680,"POP_MIN":502427,"LATITUDE":54.329977,"LONGITUDE":48.410006,"MEGACITY":0,"WORLDCITY":0},"geometry":{"type":"Point","coordinates":[48.410006,54.329977]}},{"type":"Feature","properties":{"NAME":"Utrecht","NAMEASCII":"Utrecht","ADM0NAME":"Netherlands","ADM0_A3":"NLD","ADM1NAME":"Utrecht","ISO_A2":"NL","POP_MAX":640000,"POP_MIN":316448,"LATITUDE":52.100346,"LONGITUDE":5.120039,"MEGACITY":0,"WORLDCITY":0},"geometry":{"type":"Point","coordinates":[5.120039,52.100346]}},{"type":"Feature","properties":{"NAME":"Shihezi","NAMEASCII":"Shihezi","ADM0NAME":"China","ADM0_A3":"CHN","ADM1NAME":"Xinjiang Uygur","ISO_A2":"CN","POP_MAX":640000,"POP_MIN":572772,"LATITUDE":44.299969,"LONGITUDE":86.029932,"MEGACITY":0,"WORLDCITY":0},"geometry":{"type":"Point","coordinates":[86.029932,44.299969]}},{"type":"Feature","properties":{"NAME":"Kikwit","NAMEASCII":"Kikwit","ADM0NAME":"Congo (Kinshasa)","ADM0_A3":"COD","ADM1NAME":"Bandundu","ISO_A2":"CD","POP_MAX":637736,"POP_MIN":294210,"LATITUDE":-5.030043,"LONGITUDE":18.850002,"MEGACITY":0,"WORLDCITY":0},"geometry":{"type":"Point","coordinates":[18.850002,-5.030043]}},{"type":"Feature","properties":{"NAME":"Hofuf","NAMEASCII":"Al Hufuf","ADM0NAME":"Saudi Arabia","ADM0_A3":"SAU","ADM1NAME":"Ash Sharqiyah","ISO_A2":"SA","POP_MAX":637389,"POP_MIN":400000,"LATITUDE":25.348749,"LONGITUDE":49.585593,"MEGACITY":0,"WORLDCITY":0},"geometry":{"type":"Point","coordinates":[49.585593,25.348749]}},{"type":"Feature","properties":{"NAME":"Yogyakarta","NAMEASCII":"Yogyakarta","ADM0NAME":"Indonesia","ADM0_A3":"IDN","ADM1NAME":"Yogyakarta","ISO_A2":"ID","POP_MAX":636660,"POP_MIN":636660,"LATITUDE":-7.779953,"LONGITUDE":110.375009,"MEGACITY":0,"WORLDCITY":0},"geometry":{"type":"Point","coordinates":[110.375009,-7.779953]}},{"type":"Feature","properties":{"NAME":"Wrocław","NAMEASCII":"Wroclaw","ADM0NAME":"Poland","ADM0_A3":"POL","ADM1NAME":"Lower Silesian","ISO_A2":"PL","POP_MAX":634893,"POP_MIN":610049,"LATITUDE":51.110432,"LONGITUDE":17.030009,"MEGACITY":0,"WORLDCITY":0},"geometry":{"type":"Point","coordinates":[17.030009,51.110432]}},{"type":"Feature","properties":{"NAME":"Winnipeg","NAMEASCII":"Winnipeg","ADM0NAME":"Canada","ADM0_A3":"CAN","ADM1NAME":"Manitoba","ISO_A2":"CA","POP_MAX":632063,"POP_MIN":575313,"LATITUDE":49.882988,"LONGITUDE":-97.165992,"MEGACITY":0,"WORLDCITY":0},"geometry":{"type":"Point","coordinates":[-97.165992,49.882987]}},{"type":"Feature","properties":{"NAME":"Izhevsk","NAMEASCII":"Izhevsk","ADM0NAME":"Russia","ADM0_A3":"RUS","ADM1NAME":"Udmurt","ISO_A2":"RU","POP_MAX":631038,"POP_MIN":591422,"LATITUDE":56.85003,"LONGITUDE":53.230022,"MEGACITY":0,"WORLDCITY":0},"geometry":{"type":"Point","coordinates":[53.230022,56.85003]}},{"type":"Feature","properties":{"NAME":"Pasadena","NAMEASCII":"Pasadena","ADM0NAME":"United States of America","ADM0_A3":"USA","ADM1NAME":"Texas","ISO_A2":"US","POP_MAX":628492,"POP_MIN":149043,"LATITUDE":29.660863,"LONGITUDE":-95.147743,"MEGACITY":0,"WORLDCITY":0},"geometry":{"type":"Point","coordinates":[-95.147743,29.660863]}},{"type":"Feature","properties":{"NAME":"Zhuozhou","NAMEASCII":"Zhuozhou","ADM0NAME":"China","ADM0_A3":"CHN","ADM1NAME":"Beijing","ISO_A2":"CN","POP_MAX":628000,"POP_MIN":202000,"LATITUDE":39.540053,"LONGITUDE":115.789976,"MEGACITY":0,"WORLDCITY":0},"geometry":{"type":"Point","coordinates":[115.789976,39.540053]}},{"type":"Feature","properties":{"NAME":"San Mateo","NAMEASCII":"San Mateo","ADM0NAME":"United States of America","ADM0_A3":"USA","ADM1NAME":"California","ISO_A2":"US","POP_MAX":626406,"POP_MIN":97207,"LATITUDE":37.556918,"LONGITUDE":-122.313062,"MEGACITY":0,"WORLDCITY":0},"geometry":{"type":"Point","coordinates":[-122.303214,37.540554]}},{"type":"Feature","properties":{"NAME":"Raurkela","NAMEASCII":"Raurkela","ADM0NAME":"India","ADM0_A3":"IND","ADM1NAME":"Orissa","ISO_A2":"IN","POP_MAX":625831,"POP_MIN":483629,"LATITUDE":22.230412,"LONGITUDE":84.829954,"MEGACITY":0,"WORLDCITY":0},"geometry":{"type":"Point","coordinates":[84.829954,22.230412]}},{"type":"Feature","properties":{"NAME":"Québec","NAMEASCII":"Quebec","ADM0NAME":"Canada","ADM0_A3":"CAN","ADM1NAME":"Québec","ISO_A2":"CA","POP_MAX":624177,"POP_MIN":528595,"LATITUDE":46.839969,"LONGITUDE":-71.24561,"MEGACITY":0,"WORLDCITY":0},"geometry":{"type":"Point","coordinates":[-71.24561,46.839969]}},{"type":"Feature","properties":{"NAME":"Poznań","NAMEASCII":"Poznan","ADM0NAME":"Poland","ADM0_A3":"POL","ADM1NAME":"Greater Poland","ISO_A2":"PL","POP_MAX":623997,"POP_MIN":570352,"LATITUDE":52.405753,"LONGITUDE":16.89994,"MEGACITY":0,"WORLDCITY":0},"geometry":{"type":"Point","coordinates":[16.89994,52.405753]}},{"type":"Feature","properties":{"NAME":"Bur Said","NAMEASCII":"Bur Said","ADM0NAME":"Egypt","ADM0_A3":"EGY","ADM1NAME":"Bur Sa`id","ISO_A2":"EG","POP_MAX":623864,"POP_MIN":500000,"LATITUDE":31.25999,"LONGITUDE":32.290008,"MEGACITY":0,"WORLDCITY":0},"geometry":{"type":"Point","coordinates":[32.290008,31.25999]}},{"type":"Feature","properties":{"NAME":"Nanded","NAMEASCII":"Nanded","ADM0NAME":"India","ADM0_A3":"IND","ADM1NAME":"Maharashtra","ISO_A2":"IN","POP_MAX":623708,"POP_MIN":550564,"LATITUDE":19.169979,"LONGITUDE":77.300026,"MEGACITY":0,"WORLDCITY":0},"geometry":{"type":"Point","coordinates":[77.308337,19.197259]}},{"type":"Feature","properties":{"NAME":"Bannu","NAMEASCII":"Bannu","ADM0NAME":"Pakistan","ADM0_A3":"PAK","ADM1NAME":"N.W.F.P.","ISO_A2":"PK","POP_MAX":622419,"POP_MIN":550000,"LATITUDE":32.98898,"LONGITUDE":70.598574,"MEGACITY":0,"WORLDCITY":0},"geometry":{"type":"Point","coordinates":[70.598574,32.98898]}},{"type":"Feature","properties":{"NAME":"Asmara","NAMEASCII":"Asmara","ADM0NAME":"Eritrea","ADM0_A3":"ERI","ADM1NAME":"Anseba","ISO_A2":"ER","POP_MAX":620802,"POP_MIN":563930,"LATITUDE":15.333339,"LONGITUDE":38.933324,"MEGACITY":0,"WORLDCITY":0},"geometry":{"type":"Point","coordinates":[38.933324,15.333339]}},{"type":"Feature","properties":{"NAME":"Southend-on-Sea","NAMEASCII":"Southend-on-Sea","ADM0NAME":"United Kingdom","ADM0_A3":"GBR","ADM1NAME":"Southend-on-Sea","ISO_A2":"GB","POP_MAX":618386,"POP_MIN":173600,"LATITUDE":51.550018,"LONGITUDE":0.719997,"MEGACITY":0,"WORLDCITY":0},"geometry":{"type":"Point","coordinates":[0.719997,51.550018]}},{"type":"Feature","properties":{"NAME":"Dresden","NAMEASCII":"Dresden","ADM0NAME":"Germany","ADM0_A3":"DEU","ADM1NAME":"Sachsen","ISO_A2":"DE","POP_MAX":617515,"POP_MIN":486854,"LATITUDE":51.049971,"LONGITUDE":13.750003,"MEGACITY":0,"WORLDCITY":0},"geometry":{"type":"Point","coordinates":[13.750003,51.049971]}},{"type":"Feature","properties":{"NAME":"Wiesbaden","NAMEASCII":"Wiesbaden","ADM0NAME":"Germany","ADM0_A3":"DEU","ADM1NAME":"Hessen","ISO_A2":"DE","POP_MAX":617126,"POP_MIN":272432,"LATITUDE":50.080392,"LONGITUDE":8.250028,"MEGACITY":0,"WORLDCITY":0},"geometry":{"type":"Point","coordinates":[8.250028,50.080391]}},{"type":"Feature","properties":{"NAME":"Icel","NAMEASCII":"Icel","ADM0NAME":"Turkey","ADM0_A3":"TUR","ADM1NAME":"Mersin","ISO_A2":"TR","POP_MAX":616990,"POP_MIN":537842,"LATITUDE":36.799988,"LONGITUDE":34.619995,"MEGACITY":0,"WORLDCITY":0},"geometry":{"type":"Point","coordinates":[34.619995,36.799988]}},{"type":"Feature","properties":{"NAME":"Fresno","NAMEASCII":"Fresno","ADM0NAME":"United States of America","ADM0_A3":"USA","ADM1NAME":"California","ISO_A2":"US","POP_MAX":616353,"POP_MIN":465183,"LATITUDE":36.747717,"LONGITUDE":-119.772984,"MEGACITY":0,"WORLDCITY":0},"geometry":{"type":"Point","coordinates":[-119.772984,36.747717]}},{"type":"Feature","properties":{"NAME":"Changping","NAMEASCII":"Changping","ADM0NAME":"China","ADM0_A3":"CHN","ADM1NAME":"Beijing","ISO_A2":"CN","POP_MAX":614821,"POP_MIN":130000,"LATITUDE":40.224766,"LONGITUDE":116.194396,"MEGACITY":0,"WORLDCITY":0},"geometry":{"type":"Point","coordinates":[116.194396,40.224766]}},{"type":"Feature","properties":{"NAME":"Korla","NAMEASCII":"Korla","ADM0NAME":"China","ADM0_A3":"CHN","ADM1NAME":"Xinjiang Uygur","ISO_A2":"CN","POP_MAX":613000,"POP_MIN":179465,"LATITUDE":41.729997,"LONGITUDE":86.150028,"MEGACITY":0,"WORLDCITY":0},"geometry":{"type":"Point","coordinates":[86.150028,41.729997]}},{"type":"Feature","properties":{"NAME":"Palu","NAMEASCII":"Palu","ADM0NAME":"Indonesia","ADM0_A3":"IDN","ADM1NAME":"Sulawesi Tengah","ISO_A2":"ID","POP_MAX":612445,"POP_MIN":335297,"LATITUDE":-0.907039,"LONGITUDE":119.833037,"MEGACITY":0,"WORLDCITY":0},"geometry":{"type":"Point","coordinates":[119.833037,-0.907039]}},{"type":"Feature","properties":{"NAME":"Taizhou","NAMEASCII":"Taizhou","ADM0NAME":"China","ADM0_A3":"CHN","ADM1NAME":"Jiangsu","ISO_A2":"CN","POP_MAX":612356,"POP_MIN":612356,"LATITUDE":32.490406,"LONGITUDE":119.900009,"MEGACITY":0,"WORLDCITY":0},"geometry":{"type":"Point","coordinates":[119.900009,32.490406]}},{"type":"Feature","properties":{"NAME":"Xiangtai","NAMEASCII":"Xiangtai","ADM0NAME":"China","ADM0_A3":"CHN","ADM1NAME":"Hebei","ISO_A2":"CN","POP_MAX":611739,"POP_MIN":611739,"LATITUDE":37.049972,"LONGITUDE":114.500029,"MEGACITY":0,"WORLDCITY":0},"geometry":{"type":"Point","coordinates":[114.500029,37.049972]}},{"type":"Feature","properties":{"NAME":"Oceanside","NAMEASCII":"Oceanside","ADM0NAME":"United States of America","ADM0_A3":"USA","ADM1NAME":"California","ISO_A2":"US","POP_MAX":609854,"POP_MIN":183095,"LATITUDE":33.220465,"LONGITUDE":-117.334968,"MEGACITY":0,"WORLDCITY":0},"geometry":{"type":"Point","coordinates":[-117.345811,33.191499]}},{"type":"Feature","properties":{"NAME":"Samsun","NAMEASCII":"Samsun","ADM0NAME":"Turkey","ADM0_A3":"TUR","ADM1NAME":"Samsun","ISO_A2":"TR","POP_MAX":609339,"POP_MIN":538106,"LATITUDE":41.279998,"LONGITUDE":36.343663,"MEGACITY":0,"WORLDCITY":0},"geometry":{"type":"Point","coordinates":[36.343663,41.279998]}},{"type":"Feature","properties":{"NAME":"Luxor","NAMEASCII":"Luxor","ADM0NAME":"Egypt","ADM0_A3":"EGY","ADM1NAME":"Qina","ISO_A2":"EG","POP_MAX":609248,"POP_MIN":487896,"LATITUDE":25.700019,"LONGITUDE":32.650038,"MEGACITY":0,"WORLDCITY":0},"geometry":{"type":"Point","coordinates":[32.650038,25.700019]}},{"type":"Feature","properties":{"NAME":"Belagavi","NAMEASCII":"Belagavi","ADM0NAME":"India","ADM0_A3":"IND","ADM1NAME":"Karnataka","ISO_A2":"IN","POP_MAX":608756,"POP_MIN":610189,"LATITUDE":15.865012,"LONGITUDE":74.505002,"MEGACITY":0,"WORLDCITY":0},"geometry":{"type":"Point","coordinates":[74.505002,15.865012]}},{"type":"Feature","properties":{"NAME":"Pontianak","NAMEASCII":"Pontianak","ADM0NAME":"Indonesia","ADM0_A3":"IDN","ADM1NAME":"Kalimantan Barat","ISO_A2":"ID","POP_MAX":607311,"POP_MIN":550304,"LATITUDE":-0.029987,"LONGITUDE":109.319983,"MEGACITY":0,"WORLDCITY":0},"geometry":{"type":"Point","coordinates":[109.319983,-0.029987]}},{"type":"Feature","properties":{"NAME":"Yaroslavl","NAMEASCII":"Yaroslavl","ADM0NAME":"Russia","ADM0_A3":"RUS","ADM1NAME":"Yaroslavl'","ISO_A2":"RU","POP_MAX":606730,"POP_MIN":535578,"LATITUDE":57.619983,"LONGITUDE":39.870011,"MEGACITY":0,"WORLDCITY":0},"geometry":{"type":"Point","coordinates":[39.87001,57.619983]}},{"type":"Feature","properties":{"NAME":"Constantine","NAMEASCII":"Constantine","ADM0NAME":"Algeria","ADM0_A3":"DZA","ADM1NAME":"Constantine","ISO_A2":"DZ","POP_MAX":605179,"POP_MIN":450097,"LATITUDE":36.359989,"LONGITUDE":6.599948,"MEGACITY":0,"WORLDCITY":0},"geometry":{"type":"Point","coordinates":[6.599948,36.359989]}},{"type":"Feature","properties":{"NAME":"Bandjarmasin","NAMEASCII":"Bandjarmasin","ADM0NAME":"Indonesia","ADM0_A3":"IDN","ADM1NAME":"Kalimantan Selatan","ISO_A2":"ID","POP_MAX":603576,"POP_MIN":572837,"LATITUDE":-3.329992,"LONGITUDE":114.580076,"MEGACITY":0,"WORLDCITY":0},"geometry":{"type":"Point","coordinates":[114.580076,-3.329992]}},{"type":"Feature","properties":{"NAME":"Abu Dhabi","NAMEASCII":"Abu Dhabi","ADM0NAME":"United Arab Emirates","ADM0_A3":"ARE","ADM1NAME":"Abu Dhabi","ISO_A2":"AE","POP_MAX":603492,"POP_MIN":560230,"LATITUDE":24.466684,"LONGITUDE":54.366593,"MEGACITY":0,"WORLDCITY":0},"geometry":{"type":"Point","coordinates":[54.366593,24.466684]}},{"type":"Feature","properties":{"NAME":"Kirkuk","NAMEASCII":"Kirkuk","ADM0NAME":"Iraq","ADM0_A3":"IRQ","ADM1NAME":"At-Ta'mim","ISO_A2":"IQ","POP_MAX":601433,"POP_MIN":508672,"LATITUDE":35.472239,"LONGITUDE":44.392267,"MEGACITY":0,"WORLDCITY":0},"geometry":{"type":"Point","coordinates":[44.392267,35.472239]}},{"type":"Feature","properties":{"NAME":"Sangli","NAMEASCII":"Sangli","ADM0NAME":"India","ADM0_A3":"IND","ADM1NAME":"Maharashtra","ISO_A2":"IN","POP_MAX":601214,"POP_MIN":601214,"LATITUDE":16.860404,"LONGITUDE":74.575024,"MEGACITY":0,"WORLDCITY":0},"geometry":{"type":"Point","coordinates":[74.575024,16.860404]}},{"type":"Feature","properties":{"NAME":"Barcelona","NAMEASCII":"Barcelona","ADM0NAME":"Venezuela","ADM0_A3":"VEN","ADM1NAME":"Anzoátegui","ISO_A2":"VE","POP_MAX":600954,"POP_MIN":121906,"LATITUDE":10.130375,"LONGITUDE":-64.720014,"MEGACITY":0,"WORLDCITY":0},"geometry":{"type":"Point","coordinates":[-64.720014,10.130375]}},{"type":"Feature","properties":{"NAME":"Canoas","NAMEASCII":"Canoas","ADM0NAME":"Brazil","ADM0_A3":"BRA","ADM1NAME":"Rio Grande do Sul","ISO_A2":"BR","POP_MAX":600000,"POP_MIN":333322,"LATITUDE":-29.919997,"LONGITUDE":-51.179987,"MEGACITY":0,"WORLDCITY":0},"geometry":{"type":"Point","coordinates":[-51.179987,-29.919997]}},{"type":"Feature","properties":{"NAME":"El Mansura","NAMEASCII":"El Mansura","ADM0NAME":"Egypt","ADM0_A3":"EGY","ADM1NAME":"Ad Daqahliyah","ISO_A2":"EG","POP_MAX":600000,"POP_MIN":480494,"LATITUDE":31.050442,"LONGITUDE":31.380038,"MEGACITY":0,"WORLDCITY":0},"geometry":{"type":"Point","coordinates":[31.380038,31.050442]}},{"type":"Feature","properties":{"NAME":"Sohag","NAMEASCII":"Sohag","ADM0NAME":"Egypt","ADM0_A3":"EGY","ADM1NAME":"Suhaj","ISO_A2":"EG","POP_MAX":600000,"POP_MIN":209419,"LATITUDE":26.550407,"LONGITUDE":31.700018,"MEGACITY":0,"WORLDCITY":0},"geometry":{"type":"Point","coordinates":[31.700018,26.550407]}},{"type":"Feature","properties":{"NAME":"Barnaul","NAMEASCII":"Barnaul","ADM0NAME":"Russia","ADM0_A3":"RUS","ADM1NAME":"Altay","ISO_A2":"RU","POP_MAX":599579,"POP_MIN":539843,"LATITUDE":53.354998,"LONGITUDE":83.745007,"MEGACITY":0,"WORLDCITY":0},"geometry":{"type":"Point","coordinates":[83.745007,53.354998]}},{"type":"Feature","properties":{"NAME":"Zahedan","NAMEASCII":"Zahedan","ADM0NAME":"Iran","ADM0_A3":"IRN","ADM1NAME":"Sistan and Baluchestan","ISO_A2":"IR","POP_MAX":598887,"POP_MIN":551980,"LATITUDE":29.499994,"LONGITUDE":60.830023,"MEGACITY":0,"WORLDCITY":0},"geometry":{"type":"Point","coordinates":[60.830023,29.499994]}},{"type":"Feature","properties":{"NAME":"Jalalabad","NAMEASCII":"Jalalabad","ADM0NAME":"Afghanistan","ADM0_A3":"AFG","ADM1NAME":"Nangarhar","ISO_A2":"AF","POP_MAX":597971,"POP_MIN":205423,"LATITUDE":34.441527,"LONGITUDE":70.436104,"MEGACITY":0,"WORLDCITY":0},"geometry":{"type":"Point","coordinates":[70.436104,34.441527]}},{"type":"Feature","properties":{"NAME":"Chiclayo","NAMEASCII":"Chiclayo","ADM0NAME":"Peru","ADM0_A3":"PER","ADM1NAME":"Lambayeque","ISO_A2":"PE","POP_MAX":596792,"POP_MIN":577375,"LATITUDE":-6.762909,"LONGITUDE":-79.836585,"MEGACITY":0,"WORLDCITY":0},"geometry":{"type":"Point","coordinates":[-79.836585,-6.762909]}},{"type":"Feature","properties":{"NAME":"Hermosillo","NAMEASCII":"Hermosillo","ADM0NAME":"Mexico","ADM0_A3":"MEX","ADM1NAME":"Sonora","ISO_A2":"MX","POP_MAX":595811,"POP_MIN":512935,"LATITUDE":29.098881,"LONGITUDE":-110.954065,"MEGACITY":0,"WORLDCITY":0},"geometry":{"type":"Point","coordinates":[-110.954065,29.098881]}},{"type":"Feature","properties":{"NAME":"Port Louis","NAMEASCII":"Port Louis","ADM0NAME":"Mauritius","ADM0_A3":"MUS","ADM1NAME":null,"ISO_A2":"MU","POP_MAX":595491,"POP_MIN":148416,"LATITUDE":-20.166639,"LONGITUDE":57.499994,"MEGACITY":0,"WORLDCITY":0},"geometry":{"type":"Point","coordinates":[57.499994,-20.166639]}},{"type":"Feature","properties":{"NAME":"Chandrapur","NAMEASCII":"Chandrapur","ADM0NAME":"India","ADM0_A3":"IND","ADM1NAME":"Maharashtra","ISO_A2":"IN","POP_MAX":595118,"POP_MIN":328351,"LATITUDE":19.969981,"LONGITUDE":79.300007,"MEGACITY":0,"WORLDCITY":0},"geometry":{"type":"Point","coordinates":[79.300007,19.969981]}},{"type":"Feature","properties":{"NAME":"Al Hillah","NAMEASCII":"Al Hillah","ADM0NAME":"Saudi Arabia","ADM0_A3":"SAU","ADM1NAME":"Ar Riyad","ISO_A2":"SA","POP_MAX":594605,"POP_MIN":594605,"LATITUDE":23.489456,"LONGITUDE":46.75636,"MEGACITY":0,"WORLDCITY":0},"geometry":{"type":"Point","coordinates":[46.75636,23.489456]}},{"type":"Feature","properties":{"NAME":"Al Hillah","NAMEASCII":"Al Hillah","ADM0NAME":"Iraq","ADM0_A3":"IRQ","ADM1NAME":"Babil","ISO_A2":"IQ","POP_MAX":594605,"POP_MIN":364700,"LATITUDE":32.472138,"LONGITUDE":44.421722,"MEGACITY":0,"WORLDCITY":0},"geometry":{"type":"Point","coordinates":[44.421722,32.472138]}},{"type":"Feature","properties":{"NAME":"Rasht","NAMEASCII":"Rasht","ADM0NAME":"Iran","ADM0_A3":"IRN","ADM1NAME":"Gilan","ISO_A2":"IR","POP_MAX":594590,"POP_MIN":494885,"LATITUDE":37.299983,"LONGITUDE":49.629983,"MEGACITY":0,"WORLDCITY":0},"geometry":{"type":"Point","coordinates":[49.629983,37.299983]}},{"type":"Feature","properties":{"NAME":"Nagano","NAMEASCII":"Nagano","ADM0NAME":"Japan","ADM0_A3":"JPN","ADM1NAME":"Nagano","ISO_A2":"JP","POP_MAX":594311,"POP_MIN":360176,"LATITUDE":36.649997,"LONGITUDE":138.170005,"MEGACITY":0,"WORLDCITY":0},"geometry":{"type":"Point","coordinates":[138.170005,36.649997]}},{"type":"Feature","properties":{"NAME":"Vinh","NAMEASCII":"Vinh","ADM0NAME":"Vietnam","ADM0_A3":"VNM","ADM1NAME":"Ngh? An","ISO_A2":"VN","POP_MAX":593645,"POP_MIN":435208,"LATITUDE":18.699981,"LONGITUDE":105.679999,"MEGACITY":0,"WORLDCITY":0},"geometry":{"type":"Point","coordinates":[105.679999,18.699981]}},{"type":"Feature","properties":{"NAME":"Abeokuta","NAMEASCII":"Abeokuta","ADM0NAME":"Nigeria","ADM0_A3":"NGA","ADM1NAME":"Ogun","ISO_A2":"NG","POP_MAX":593100,"POP_MIN":289362,"LATITUDE":7.160427,"LONGITUDE":3.350018,"MEGACITY":0,"WORLDCITY":0},"geometry":{"type":"Point","coordinates":[3.350017,7.160427]}},{"type":"Feature","properties":{"NAME":"Kayseri","NAMEASCII":"Kayseri","ADM0NAME":"Turkey","ADM0_A3":"TUR","ADM1NAME":"Kayseri","ISO_A2":"TR","POP_MAX":592840,"POP_MIN":531591,"LATITUDE":38.73496,"LONGITUDE":35.49002,"MEGACITY":0,"WORLDCITY":0},"geometry":{"type":"Point","coordinates":[35.49002,38.73496]}},{"type":"Feature","properties":{"NAME":"Samarinda","NAMEASCII":"Samarinda","ADM0NAME":"Indonesia","ADM0_A3":"IDN","ADM1NAME":"Kalimantan Timur","ISO_A2":"ID","POP_MAX":592228,"POP_MIN":355160,"LATITUDE":-0.500035,"LONGITUDE":117.149996,"MEGACITY":0,"WORLDCITY":0},"geometry":{"type":"Point","coordinates":[117.149996,-0.500035]}},{"type":"Feature","properties":{"NAME":"Gary","NAMEASCII":"Gary","ADM0NAME":"United States of America","ADM0_A3":"USA","ADM1NAME":"Indiana","ISO_A2":"US","POP_MAX":591180,"POP_MIN":80294,"LATITUDE":41.580394,"LONGITUDE":-87.330003,"MEGACITY":0,"WORLDCITY":0},"geometry":{"type":"Point","coordinates":[-87.330003,41.580393]}},{"type":"Feature","properties":{"NAME":"Ajmer","NAMEASCII":"Ajmer","ADM0NAME":"India","ADM0_A3":"IND","ADM1NAME":"Rajasthan","ISO_A2":"IN","POP_MAX":589985,"POP_MIN":517911,"LATITUDE":26.449999,"LONGITUDE":74.639981,"MEGACITY":0,"WORLDCITY":0},"geometry":{"type":"Point","coordinates":[74.639981,26.449999]}},{"type":"Feature","properties":{"NAME":"Sarasota","NAMEASCII":"Sarasota","ADM0NAME":"United States of America","ADM0_A3":"USA","ADM1NAME":"Florida","ISO_A2":"US","POP_MAX":589959,"POP_MIN":52488,"LATITUDE":27.336121,"LONGITUDE":-82.530787,"MEGACITY":0,"WORLDCITY":0},"geometry":{"type":"Point","coordinates":[-82.530787,27.336121]}},{"type":"Feature","properties":{"NAME":"Dortmund","NAMEASCII":"Dortmund","ADM0NAME":"Germany","ADM0_A3":"DEU","ADM1NAME":"Nordrhein-Westfalen","ISO_A2":"DE","POP_MAX":588462,"POP_MIN":588462,"LATITUDE":51.529967,"LONGITUDE":7.450026,"MEGACITY":0,"WORLDCITY":0},"geometry":{"type":"Point","coordinates":[7.450026,51.529967]}},{"type":"Feature","properties":{"NAME":"Aurora","NAMEASCII":"Aurora","ADM0NAME":"United States of America","ADM0_A3":"USA","ADM1NAME":"Colorado","ISO_A2":"US","POP_MAX":587540,"POP_MIN":276393,"LATITUDE":39.695857,"LONGITUDE":-104.808497,"MEGACITY":0,"WORLDCITY":0},"geometry":{"type":"Point","coordinates":[-104.808497,39.695857]}},{"type":"Feature","properties":{"NAME":"Vladivostok","NAMEASCII":"Vladivostok","ADM0NAME":"Russia","ADM0_A3":"RUS","ADM1NAME":"Primor'ye","ISO_A2":"RU","POP_MAX":587022,"POP_MIN":586212,"LATITUDE":43.130015,"LONGITUDE":131.910026,"MEGACITY":0,"WORLDCITY":0},"geometry":{"type":"Point","coordinates":[131.910026,43.130015]}},{"type":"Feature","properties":{"NAME":"Irkutsk","NAMEASCII":"Irkutsk","ADM0NAME":"Russia","ADM0_A3":"RUS","ADM1NAME":"Irkutsk","ISO_A2":"RU","POP_MAX":586695,"POP_MIN":557955,"LATITUDE":52.319971,"LONGITUDE":104.245048,"MEGACITY":0,"WORLDCITY":0},"geometry":{"type":"Point","coordinates":[104.283869,52.284604]}},{"type":"Feature","properties":{"NAME":"Covington","NAMEASCII":"Covington","ADM0NAME":"United States of America","ADM0_A3":"USA","ADM1NAME":"Kentucky","ISO_A2":"US","POP_MAX":585489,"POP_MIN":40640,"LATITUDE":39.084008,"LONGITUDE":-84.508599,"MEGACITY":0,"WORLDCITY":0},"geometry":{"type":"Point","coordinates":[-84.508599,39.084008]}},{"type":"Feature","properties":{"NAME":"Blantyre","NAMEASCII":"Blantyre","ADM0NAME":"Malawi","ADM0_A3":"MWI","ADM1NAME":"Blantyre","ISO_A2":"MW","POP_MAX":584877,"POP_MIN":584877,"LATITUDE":-15.790007,"LONGITUDE":34.989947,"MEGACITY":0,"WORLDCITY":0},"geometry":{"type":"Point","coordinates":[34.989947,-15.790007]}},{"type":"Feature","properties":{"NAME":"Anqing","NAMEASCII":"Anqing","ADM0NAME":"China","ADM0_A3":"CHN","ADM1NAME":"Anhui","ISO_A2":"CN","POP_MAX":580497,"POP_MIN":358661,"LATITUDE":30.499959,"LONGITUDE":117.050002,"MEGACITY":0,"WORLDCITY":0},"geometry":{"type":"Point","coordinates":[117.050002,30.499959]}},{"type":"Feature","properties":{"NAME":"Cuttack","NAMEASCII":"Cuttack","ADM0NAME":"India","ADM0_A3":"IND","ADM1NAME":"Orissa","ISO_A2":"IN","POP_MAX":580000,"POP_MIN":580000,"LATITUDE":20.470003,"LONGITUDE":85.889941,"MEGACITY":0,"WORLDCITY":0},"geometry":{"type":"Point","coordinates":[85.889941,20.470002]}},{"type":"Feature","properties":{"NAME":"Hami","NAMEASCII":"Hami","ADM0NAME":"China","ADM0_A3":"CHN","ADM1NAME":"Xinjiang Uygur","ISO_A2":"CN","POP_MAX":580000,"POP_MIN":137072,"LATITUDE":42.826984,"LONGITUDE":93.515005,"MEGACITY":0,"WORLDCITY":0},"geometry":{"type":"Point","coordinates":[93.515005,42.826984]}},{"type":"Feature","properties":{"NAME":"Hachiōji","NAMEASCII":"Hachioji","ADM0NAME":"Japan","ADM0_A3":"JPN","ADM1NAME":"Tokyo","ISO_A2":"JP","POP_MAX":579399,"POP_MIN":579399,"LATITUDE":35.657706,"LONGITUDE":139.326059,"MEGACITY":0,"WORLDCITY":0},"geometry":{"type":"Point","coordinates":[139.326059,35.657706]}},{"type":"Feature","properties":{"NAME":"Khabarovsk","NAMEASCII":"Khabarovsk","ADM0NAME":"Russia","ADM0_A3":"RUS","ADM1NAME":"Khabarovsk","ISO_A2":"RU","POP_MAX":579000,"POP_MIN":546411,"LATITUDE":48.454987,"LONGITUDE":135.120011,"MEGACITY":0,"WORLDCITY":0},"geometry":{"type":"Point","coordinates":[135.120011,48.454987]}},{"type":"Feature","properties":{"NAME":"Veracruz","NAMEASCII":"Veracruz","ADM0NAME":"Mexico","ADM0_A3":"MEX","ADM1NAME":"Veracruz","ISO_A2":"MX","POP_MAX":578963,"POP_MIN":568313,"LATITUDE":19.177342,"LONGITUDE":-96.159981,"MEGACITY":0,"WORLDCITY":0},"geometry":{"type":"Point","coordinates":[-96.159981,19.177342]}},{"type":"Feature","properties":{"NAME":"Kisangani","NAMEASCII":"Kisangani","ADM0NAME":"Congo (Kinshasa)","ADM0_A3":"COD","ADM1NAME":"Orientale","ISO_A2":"CD","POP_MAX":578470,"POP_MIN":539158,"LATITUDE":0.520006,"LONGITUDE":25.22,"MEGACITY":0,"WORLDCITY":0},"geometry":{"type":"Point","coordinates":[25.22,0.520006]}},{"type":"Feature","properties":{"NAME":"Joliet","NAMEASCII":"Joliet","ADM0NAME":"United States of America","ADM0_A3":"USA","ADM1NAME":"Illinois","ISO_A2":"US","POP_MAX":578460,"POP_MIN":147433,"LATITUDE":41.529983,"LONGITUDE":-88.106674,"MEGACITY":0,"WORLDCITY":0},"geometry":{"type":"Point","coordinates":[-88.106674,41.529983]}},{"type":"Feature","properties":{"NAME":"Libreville","NAMEASCII":"Libreville","ADM0NAME":"Gabon","ADM0_A3":"GAB","ADM1NAME":"Estuaire","ISO_A2":"GA","POP_MAX":578156,"POP_MIN":483355,"LATITUDE":0.385389,"LONGITUDE":9.457965,"MEGACITY":0,"WORLDCITY":0},"geometry":{"type":"Point","coordinates":[9.457965,0.385389]}},{"type":"Feature","properties":{"NAME":"Kerman","NAMEASCII":"Kerman","ADM0NAME":"Iran","ADM0_A3":"IRN","ADM1NAME":"Kerman","ISO_A2":"IR","POP_MAX":577514,"POP_MIN":535522,"LATITUDE":30.299997,"LONGITUDE":57.08002,"MEGACITY":0,"WORLDCITY":0},"geometry":{"type":"Point","coordinates":[57.080019,30.299997]}},{"type":"Feature","properties":{"NAME":"Urmia","NAMEASCII":"Urmia","ADM0NAME":"Iran","ADM0_A3":"IRN","ADM1NAME":"West Azarbaijan","ISO_A2":"IR","POP_MAX":577307,"POP_MIN":577307,"LATITUDE":37.529995,"LONGITUDE":44.999982,"MEGACITY":0,"WORLDCITY":0},"geometry":{"type":"Point","coordinates":[44.999982,37.529995]}},{"type":"Feature","properties":{"NAME":"Bikaner","NAMEASCII":"Bikaner","ADM0NAME":"India","ADM0_A3":"IND","ADM1NAME":"Rajasthan","ISO_A2":"IN","POP_MAX":576015,"POP_MIN":395908,"LATITUDE":28.030394,"LONGITUDE":73.329932,"MEGACITY":0,"WORLDCITY":0},"geometry":{"type":"Point","coordinates":[73.332243,28.015083]}},{"type":"Feature","properties":{"NAME":"Quetzaltenango","NAMEASCII":"Quetzaltenango","ADM0NAME":"Guatemala","ADM0_A3":"GTM","ADM1NAME":"Quezaltenango","ISO_A2":"GT","POP_MAX":575263,"POP_MIN":224703,"LATITUDE":14.829959,"LONGITUDE":-91.520006,"MEGACITY":0,"WORLDCITY":0},"geometry":{"type":"Point","coordinates":[-91.520006,14.829959]}},{"type":"Feature","properties":{"NAME":"Kuching","NAMEASCII":"Kuching","ADM0NAME":"Malaysia","ADM0_A3":"MYS","ADM1NAME":"Sarawak","ISO_A2":"MY","POP_MAX":570407,"POP_MIN":504963,"LATITUDE":1.52997,"LONGITUDE":110.329999,"MEGACITY":0,"WORLDCITY":0},"geometry":{"type":"Point","coordinates":[110.329999,1.52997]}},{"type":"Feature","properties":{"NAME":"Shuozhou","NAMEASCII":"Shuozhou","ADM0NAME":"China","ADM0_A3":"CHN","ADM1NAME":"Shanxi","ISO_A2":"CN","POP_MAX":570000,"POP_MIN":246137,"LATITUDE":39.300378,"LONGITUDE":112.420001,"MEGACITY":0,"WORLDCITY":0},"geometry":{"type":"Point","coordinates":[112.420001,39.300378]}},{"type":"Feature","properties":{"NAME":"Niigata","NAMEASCII":"Niigata","ADM0NAME":"Japan","ADM0_A3":"JPN","ADM1NAME":"Niigata","ISO_A2":"JP","POP_MAX":569797,"POP_MIN":505272,"LATITUDE":37.919997,"LONGITUDE":139.04003,"MEGACITY":0,"WORLDCITY":0},"geometry":{"type":"Point","coordinates":[139.04003,37.919997]}},{"type":"Feature","properties":{"NAME":"Pereira","NAMEASCII":"Pereira","ADM0NAME":"Colombia","ADM0_A3":"COL","ADM1NAME":"Risaralda","ISO_A2":"CO","POP_MAX":568750,"POP_MIN":440118,"LATITUDE":4.81039,"LONGITUDE":-75.679991,"MEGACITY":0,"WORLDCITY":0},"geometry":{"type":"Point","coordinates":[-75.679991,4.81039]}},{"type":"Feature","properties":{"NAME":"Macau","NAMEASCII":"Macau","ADM0NAME":"Macau S.A.R","ADM0_A3":"MAC","ADM1NAME":null,"ISO_A2":"MO","POP_MAX":568700,"POP_MIN":568700,"LATITUDE":22.202998,"LONGITUDE":113.545048,"MEGACITY":0,"WORLDCITY":0},"geometry":{"type":"Point","coordinates":[113.544375,22.189135]}},{"type":"Feature","properties":{"NAME":"Bouaké","NAMEASCII":"Bouake","ADM0NAME":"Ivory Coast","ADM0_A3":"CIV","ADM1NAME":"Vallée du Bandama","ISO_A2":"CI","POP_MAX":567481,"POP_MIN":454821,"LATITUDE":7.689982,"LONGITUDE":-5.030014,"MEGACITY":0,"WORLDCITY":0},"geometry":{"type":"Point","coordinates":[-5.030014,7.689982]}},{"type":"Feature","properties":{"NAME":"Binjai","NAMEASCII":"Binjai","ADM0NAME":"Indonesia","ADM0_A3":"IDN","ADM1NAME":"Sumatera Utara","ISO_A2":"ID","POP_MAX":564979,"POP_MIN":246010,"LATITUDE":3.620359,"LONGITUDE":98.500075,"MEGACITY":0,"WORLDCITY":0},"geometry":{"type":"Point","coordinates":[98.500075,3.620359]}},{"type":"Feature","properties":{"NAME":"Manama","NAMEASCII":"Manama","ADM0NAME":"Bahrain","ADM0_A3":"BHR","ADM1NAME":null,"ISO_A2":"BH","POP_MAX":563920,"POP_MIN":157474,"LATITUDE":26.236136,"LONGITUDE":50.583052,"MEGACITY":0,"WORLDCITY":0},"geometry":{"type":"Point","coordinates":[50.583052,26.236136]}},{"type":"Feature","properties":{"NAME":"Uberlândia","NAMEASCII":"Uberlandia","ADM0NAME":"Brazil","ADM0_A3":"BRA","ADM1NAME":"Minas Gerais","ISO_A2":"BR","POP_MAX":563536,"POP_MIN":406188,"LATITUDE":-18.899998,"LONGITUDE":-48.279984,"MEGACITY":0,"WORLDCITY":0},"geometry":{"type":"Point","coordinates":[-48.279984,-18.899998]}},{"type":"Feature","properties":{"NAME":"Sorocaba","NAMEASCII":"Sorocaba","ADM0NAME":"Brazil","ADM0_A3":"BRA","ADM1NAME":"São Paulo","ISO_A2":"BR","POP_MAX":563281,"POP_MIN":558862,"LATITUDE":-23.490002,"LONGITUDE":-47.469981,"MEGACITY":0,"WORLDCITY":0},"geometry":{"type":"Point","coordinates":[-47.469981,-23.490002]}},{"type":"Feature","properties":{"NAME":"Tongling","NAMEASCII":"Tongling","ADM0NAME":"China","ADM0_A3":"CHN","ADM1NAME":"Anhui","ISO_A2":"CN","POP_MAX":562832,"POP_MIN":312588,"LATITUDE":30.950448,"LONGITUDE":117.780035,"MEGACITY":0,"WORLDCITY":0},"geometry":{"type":"Point","coordinates":[117.780035,30.950448]}},{"type":"Feature","properties":{"NAME":"Weihai","NAMEASCII":"Weihai","ADM0NAME":"China","ADM0_A3":"CHN","ADM1NAME":"Shandong","ISO_A2":"CN","POP_MAX":560255,"POP_MIN":152595,"LATITUDE":37.499971,"LONGITUDE":122.099978,"MEGACITY":0,"WORLDCITY":0},"geometry":{"type":"Point","coordinates":[122.099978,37.499971]}},{"type":"Feature","properties":{"NAME":"Mar del Plata","NAMEASCII":"Mar del Plata","ADM0NAME":"Argentina","ADM0_A3":"ARG","ADM1NAME":"Ciudad de Buenos Aires","ISO_A2":"AR","POP_MAX":555897,"POP_MIN":553935,"LATITUDE":-38.00002,"LONGITUDE":-57.579984,"MEGACITY":0,"WORLDCITY":0},"geometry":{"type":"Point","coordinates":[-57.579984,-38.00002]}},{"type":"Feature","properties":{"NAME":"Santiago de Cuba","NAMEASCII":"Santiago de Cuba","ADM0NAME":"Cuba","ADM0_A3":"CUB","ADM1NAME":"Santiago de Cuba","ISO_A2":"CU","POP_MAX":555865,"POP_MIN":446063,"LATITUDE":20.025017,"LONGITUDE":-75.821326,"MEGACITY":0,"WORLDCITY":0},"geometry":{"type":"Point","coordinates":[-75.821326,20.025017]}},{"type":"Feature","properties":{"NAME":"Siping","NAMEASCII":"Siping","ADM0NAME":"China","ADM0_A3":"CHN","ADM1NAME":"Jilin","ISO_A2":"CN","POP_MAX":555609,"POP_MIN":502013,"LATITUDE":43.170012,"LONGITUDE":124.330023,"MEGACITY":0,"WORLDCITY":0},"geometry":{"type":"Point","coordinates":[124.330023,43.170012]}},{"type":"Feature","properties":{"NAME":"Kagoshima","NAMEASCII":"Kagoshima","ADM0NAME":"Japan","ADM0_A3":"JPN","ADM1NAME":"Kagoshima","ISO_A2":"JP","POP_MAX":555352,"POP_MIN":516833,"LATITUDE":31.585965,"LONGITUDE":130.561064,"MEGACITY":0,"WORLDCITY":0},"geometry":{"type":"Point","coordinates":[130.561064,31.585965]}},{"type":"Feature","properties":{"NAME":"Surakarta","NAMEASCII":"Surakarta","ADM0NAME":"Indonesia","ADM0_A3":"IDN","ADM1NAME":"Jawa Tengah","ISO_A2":"ID","POP_MAX":555308,"POP_MIN":555308,"LATITUDE":-7.564979,"LONGITUDE":110.825008,"MEGACITY":0,"WORLDCITY":0},"geometry":{"type":"Point","coordinates":[110.825008,-7.564979]}},{"type":"Feature","properties":{"NAME":"Makhachkala","NAMEASCII":"Makhachkala","ADM0NAME":"Russia","ADM0_A3":"RUS","ADM1NAME":"Dagestan","ISO_A2":"RU","POP_MAX":554981,"POP_MIN":497959,"LATITUDE":42.980024,"LONGITUDE":47.499984,"MEGACITY":0,"WORLDCITY":0},"geometry":{"type":"Point","coordinates":[47.499984,42.980024]}},{"type":"Feature","properties":{"NAME":"Bhavnagar","NAMEASCII":"Bhavnagar","ADM0NAME":"India","ADM0_A3":"IND","ADM1NAME":"Dadra and Nagar Haveli","ISO_A2":"IN","POP_MAX":554978,"POP_MIN":464602,"LATITUDE":21.778424,"LONGITUDE":72.129954,"MEGACITY":0,"WORLDCITY":0},"geometry":{"type":"Point","coordinates":[72.129954,21.778424]}},{"type":"Feature","properties":{"NAME":"Uyo","NAMEASCII":"Uyo","ADM0NAME":"Nigeria","ADM0_A3":"NGA","ADM1NAME":"Akwa Ibom","ISO_A2":"NG","POP_MAX":554906,"POP_MIN":436606,"LATITUDE":5.007996,"LONGITUDE":7.849999,"MEGACITY":0,"WORLDCITY":0},"geometry":{"type":"Point","coordinates":[7.916153,5.036014]}},{"type":"Feature","properties":{"NAME":"Bristol","NAMEASCII":"Bristol","ADM0NAME":"United Kingdom","ADM0_A3":"GBR","ADM1NAME":"Bristol","ISO_A2":"GB","POP_MAX":553528,"POP_MIN":430713,"LATITUDE":51.449998,"LONGITUDE":-2.583316,"MEGACITY":0,"WORLDCITY":0},"geometry":{"type":"Point","coordinates":[-2.583315,51.449998]}},{"type":"Feature","properties":{"NAME":"Bahawalpur","NAMEASCII":"Bahawalpur","ADM0NAME":"Pakistan","ADM0_A3":"PAK","ADM1NAME":"Punjab","ISO_A2":"PK","POP_MAX":552607,"POP_MIN":552607,"LATITUDE":29.389975,"LONGITUDE":71.674994,"MEGACITY":0,"WORLDCITY":0},"geometry":{"type":"Point","coordinates":[71.674994,29.389975]}},{"type":"Feature","properties":{"NAME":"Kenitra","NAMEASCII":"Kenitra","ADM0NAME":"Morocco","ADM0_A3":"MAR","ADM1NAME":"Gharb - Chrarda - Béni Hssen","ISO_A2":"MA","POP_MAX":551786,"POP_MIN":366570,"LATITUDE":34.2704,"LONGITUDE":-6.579997,"MEGACITY":0,"WORLDCITY":0},"geometry":{"type":"Point","coordinates":[-6.579997,34.2704]}},{"type":"Feature","properties":{"NAME":"Ribeirão Preto","NAMEASCII":"Ribeirao Preto","ADM0NAME":"Brazil","ADM0_A3":"BRA","ADM1NAME":"São Paulo","ISO_A2":"BR","POP_MAX":551267,"POP_MIN":490281,"LATITUDE":-21.17004,"LONGITUDE":-47.829985,"MEGACITY":0,"WORLDCITY":0},"geometry":{"type":"Point","coordinates":[-47.829985,-21.17004]}},{"type":"Feature","properties":{"NAME":"Kanazawa","NAMEASCII":"Kanazawa","ADM0NAME":"Japan","ADM0_A3":"JPN","ADM1NAME":"Ishikawa","ISO_A2":"JP","POP_MAX":551249,"POP_MIN":458937,"LATITUDE":36.560002,"LONGITUDE":136.640021,"MEGACITY":0,"WORLDCITY":0},"geometry":{"type":"Point","coordinates":[136.640021,36.560002]}},{"type":"Feature","properties":{"NAME":"Orenburg","NAMEASCII":"Orenburg","ADM0NAME":"Russia","ADM0_A3":"RUS","ADM1NAME":"Orenburg","ISO_A2":"RU","POP_MAX":550204,"POP_MIN":511437,"LATITUDE":51.779978,"LONGITUDE":55.110011,"MEGACITY":0,"WORLDCITY":0},"geometry":{"type":"Point","coordinates":[55.110011,51.779978]}},{"type":"Feature","properties":{"NAME":"Málaga","NAMEASCII":"Malaga","ADM0NAME":"Spain","ADM0_A3":"ESP","ADM1NAME":"Andalucía","ISO_A2":"ES","POP_MAX":550058,"POP_MIN":528705,"LATITUDE":36.720406,"LONGITUDE":-4.419999,"MEGACITY":0,"WORLDCITY":0},"geometry":{"type":"Point","coordinates":[-4.419999,36.720406]}},{"type":"Feature","properties":{"NAME":"Tabuk","NAMEASCII":"Tabuk","ADM0NAME":"Saudi Arabia","ADM0_A3":"SAU","ADM1NAME":"Tabuk","ISO_A2":"SA","POP_MAX":547957,"POP_MIN":455450,"LATITUDE":28.383835,"LONGITUDE":36.554967,"MEGACITY":0,"WORLDCITY":0},"geometry":{"type":"Point","coordinates":[36.554967,28.383835]}},{"type":"Feature","properties":{"NAME":"Puerto la Cruz","NAMEASCII":"Puerto la Cruz","ADM0NAME":"Venezuela","ADM0_A3":"VEN","ADM1NAME":"Anzoátegui","ISO_A2":"VE","POP_MAX":546616,"POP_MIN":454312,"LATITUDE":10.169959,"LONGITUDE":-64.680016,"MEGACITY":0,"WORLDCITY":0},"geometry":{"type":"Point","coordinates":[-64.680016,10.169959]}},{"type":"Feature","properties":{"NAME":"Jiujiang","NAMEASCII":"Jiujiang","ADM0NAME":"China","ADM0_A3":"CHN","ADM1NAME":"Jiangxi","ISO_A2":"CN","POP_MAX":545616,"POP_MIN":545616,"LATITUDE":29.72998,"LONGITUDE":115.980042,"MEGACITY":0,"WORLDCITY":0},"geometry":{"type":"Point","coordinates":[115.980042,29.72998]}},{"type":"Feature","properties":{"NAME":"Hisar","NAMEASCII":"Hisar","ADM0NAME":"India","ADM0_A3":"IND","ADM1NAME":"Haryana","ISO_A2":"IN","POP_MAX":544829,"POP_MIN":301249,"LATITUDE":29.169988,"LONGITUDE":75.725031,"MEGACITY":0,"WORLDCITY":0},"geometry":{"type":"Point","coordinates":[75.725031,29.169988]}},{"type":"Feature","properties":{"NAME":"Matola","NAMEASCII":"Matola","ADM0NAME":"Mozambique","ADM0_A3":"MOZ","ADM1NAME":"Maputo","ISO_A2":"MZ","POP_MAX":543907,"POP_MIN":462829,"LATITUDE":-25.969592,"LONGITUDE":32.460024,"MEGACITY":0,"WORLDCITY":0},"geometry":{"type":"Point","coordinates":[32.460024,-25.969592]}},{"type":"Feature","properties":{"NAME":"Bilaspur","NAMEASCII":"Bilaspur","ADM0NAME":"India","ADM0_A3":"IND","ADM1NAME":"Chhattisgarh","ISO_A2":"IN","POP_MAX":543454,"POP_MIN":330106,"LATITUDE":22.09042,"LONGITUDE":82.159987,"MEGACITY":0,"WORLDCITY":0},"geometry":{"type":"Point","coordinates":[82.159987,22.09042]}},{"type":"Feature","properties":{"NAME":"Sargodha","NAMEASCII":"Sargodha","ADM0NAME":"Pakistan","ADM0_A3":"PAK","ADM1NAME":"Punjab","ISO_A2":"PK","POP_MAX":542603,"POP_MIN":542603,"LATITUDE":32.085366,"LONGITUDE":72.674985,"MEGACITY":0,"WORLDCITY":0},"geometry":{"type":"Point","coordinates":[72.674985,32.085366]}},{"type":"Feature","properties":{"NAME":"Leipzig","NAMEASCII":"Leipzig","ADM0NAME":"Germany","ADM0_A3":"DEU","ADM1NAME":"Sachsen","ISO_A2":"DE","POP_MAX":542529,"POP_MIN":504971,"LATITUDE":51.335405,"LONGITUDE":12.409981,"MEGACITY":0,"WORLDCITY":0},"geometry":{"type":"Point","coordinates":[12.409981,51.335405]}},{"type":"Feature","properties":{"NAME":"Yining","NAMEASCII":"Yining","ADM0NAME":"China","ADM0_A3":"CHN","ADM1NAME":"Xinjiang Uygur","ISO_A2":"CN","POP_MAX":542507,"POP_MIN":403489,"LATITUDE":43.900019,"LONGITUDE":81.350011,"MEGACITY":0,"WORLDCITY":0},"geometry":{"type":"Point","coordinates":[81.350011,43.900019]}},{"type":"Feature","properties":{"NAME":"Vilnius","NAMEASCII":"Vilnius","ADM0NAME":"Lithuania","ADM0_A3":"LTU","ADM1NAME":"Vilniaus","ISO_A2":"LT","POP_MAX":542366,"POP_MIN":507029,"LATITUDE":54.683366,"LONGITUDE":25.316635,"MEGACITY":0,"WORLDCITY":0},"geometry":{"type":"Point","coordinates":[25.316635,54.683366]}},{"type":"Feature","properties":{"NAME":"Tirunelveli","NAMEASCII":"Tirunelveli","ADM0NAME":"India","ADM0_A3":"IND","ADM1NAME":"Tamil Nadu","ISO_A2":"IN","POP_MAX":542200,"POP_MIN":435844,"LATITUDE":8.730409,"LONGITUDE":77.689976,"MEGACITY":0,"WORLDCITY":0},"geometry":{"type":"Point","coordinates":[77.689976,8.730409]}},{"type":"Feature","properties":{"NAME":"Cancún","NAMEASCII":"Cancun","ADM0NAME":"Mexico","ADM0_A3":"MEX","ADM1NAME":"Quintana Roo","ISO_A2":"MX","POP_MAX":542043,"POP_MIN":436862,"LATITUDE":21.16996,"LONGITUDE":-86.830008,"MEGACITY":0,"WORLDCITY":0},"geometry":{"type":"Point","coordinates":[-86.830008,21.16996]}},{"type":"Feature","properties":{"NAME":"Newcastle","NAMEASCII":"Newcastle","ADM0NAME":"Australia","ADM0_A3":"AUS","ADM1NAME":"New South Wales","ISO_A2":"AU","POP_MAX":540796,"POP_MIN":322278,"LATITUDE":-32.845348,"LONGITUDE":151.815012,"MEGACITY":0,"WORLDCITY":0},"geometry":{"type":"Point","coordinates":[151.770249,-32.929508]}},{"type":"Feature","properties":{"NAME":"Yangzhou","NAMEASCII":"Yangzhou","ADM0NAME":"China","ADM0_A3":"CHN","ADM1NAME":"Jiangsu","ISO_A2":"CN","POP_MAX":539715,"POP_MIN":539715,"LATITUDE":32.399998,"LONGITUDE":119.430012,"MEGACITY":0,"WORLDCITY":0},"geometry":{"type":"Point","coordinates":[119.430012,32.399998]}},{"type":"Feature","properties":{"NAME":"Novokuznetsk","NAMEASCII":"Novokuznetsk","ADM0NAME":"Russia","ADM0_A3":"RUS","ADM1NAME":"Kemerovo","ISO_A2":"RU","POP_MAX":539616,"POP_MIN":521035,"LATITUDE":53.750012,"LONGITUDE":87.114982,"MEGACITY":0,"WORLDCITY":0},"geometry":{"type":"Point","coordinates":[87.114982,53.750012]}},{"type":"Feature","properties":{"NAME":"Latakia","NAMEASCII":"Al Ladhiqiyah","ADM0NAME":"Syria","ADM0_A3":"SYR","ADM1NAME":"Lattakia (Al Ladhiqiyah)","ISO_A2":"SY","POP_MAX":539147,"POP_MIN":340181,"LATITUDE":35.539987,"LONGITUDE":35.779976,"MEGACITY":0,"WORLDCITY":0},"geometry":{"type":"Point","coordinates":[35.779976,35.539987]}},{"type":"Feature","properties":{"NAME":"Matamoros","NAMEASCII":"Matamoros","ADM0NAME":"Mexico","ADM0_A3":"MEX","ADM1NAME":"Tamaulipas","ISO_A2":"MX","POP_MAX":538785,"POP_MIN":364004,"LATITUDE":25.879982,"LONGITUDE":-97.500003,"MEGACITY":0,"WORLDCITY":0},"geometry":{"type":"Point","coordinates":[-97.500002,25.879982]}},{"type":"Feature","properties":{"NAME":"Göteborg","NAMEASCII":"Goteborg","ADM0NAME":"Sweden","ADM0_A3":"SWE","ADM1NAME":"Västra Götaland","ISO_A2":"SE","POP_MAX":537797,"POP_MIN":504084,"LATITUDE":57.750001,"LONGITUDE":12.000032,"MEGACITY":0,"WORLDCITY":0},"geometry":{"type":"Point","coordinates":[11.97863,57.709147]}},{"type":"Feature","properties":{"NAME":"Ōtsu","NAMEASCII":"Otsu","ADM0NAME":"Japan","ADM0_A3":"JPN","ADM1NAME":"Shiga","ISO_A2":"JP","POP_MAX":536976,"POP_MIN":338629,"LATITUDE":35.006402,"LONGITUDE":135.867407,"MEGACITY":0,"WORLDCITY":0},"geometry":{"type":"Point","coordinates":[135.867407,35.006402]}},{"type":"Feature","properties":{"NAME":"Grand Rapids","NAMEASCII":"Grand Rapids","ADM0NAME":"United States of America","ADM0_A3":"USA","ADM1NAME":"Michigan","ISO_A2":"US","POP_MAX":535829,"POP_MIN":188040,"LATITUDE":42.96372,"LONGITUDE":-85.669949,"MEGACITY":0,"WORLDCITY":0},"geometry":{"type":"Point","coordinates":[-85.669949,42.96372]}},{"type":"Feature","properties":{"NAME":"Tomsk","NAMEASCII":"Tomsk","ADM0NAME":"Russia","ADM0_A3":"RUS","ADM1NAME":"Tomsk","ISO_A2":"RU","POP_MAX":535479,"POP_MIN":408421,"LATITUDE":56.494987,"LONGITUDE":84.975009,"MEGACITY":0,"WORLDCITY":0},"geometry":{"type":"Point","coordinates":[84.975009,56.494987]}},{"type":"Feature","properties":{"NAME":"Linxia","NAMEASCII":"Linxia","ADM0NAME":"China","ADM0_A3":"CHN","ADM1NAME":"Gansu","ISO_A2":"CN","POP_MAX":534555,"POP_MIN":202402,"LATITUDE":35.600009,"LONGITUDE":103.200047,"MEGACITY":0,"WORLDCITY":0},"geometry":{"type":"Point","coordinates":[103.200047,35.600009]}},{"type":"Feature","properties":{"NAME":"Matsuyama","NAMEASCII":"Matsuyama","ADM0NAME":"Japan","ADM0_A3":"JPN","ADM1NAME":"Ehime","ISO_A2":"JP","POP_MAX":533541,"POP_MIN":516637,"LATITUDE":33.845543,"LONGITUDE":132.765839,"MEGACITY":0,"WORLDCITY":0},"geometry":{"type":"Point","coordinates":[132.765839,33.845543]}},{"type":"Feature","properties":{"NAME":"Rouen","NAMEASCII":"Rouen","ADM0NAME":"France","ADM0_A3":"FRA","ADM1NAME":"Haute-Normandie","ISO_A2":"FR","POP_MAX":532559,"POP_MIN":110276,"LATITUDE":49.430405,"LONGITUDE":1.079975,"MEGACITY":0,"WORLDCITY":0},"geometry":{"type":"Point","coordinates":[1.079975,49.430405]}},{"type":"Feature","properties":{"NAME":"Jiangmen","NAMEASCII":"Jiangmen","ADM0NAME":"China","ADM0_A3":"CHN","ADM1NAME":"Guangdong","ISO_A2":"CN","POP_MAX":532419,"POP_MIN":532419,"LATITUDE":22.58039,"LONGITUDE":113.080012,"MEGACITY":0,"WORLDCITY":0},"geometry":{"type":"Point","coordinates":[113.080012,22.58039]}},{"type":"Feature","properties":{"NAME":"Oaxaca","NAMEASCII":"Oaxaca","ADM0NAME":"Mexico","ADM0_A3":"MEX","ADM1NAME":"Oaxaca","ISO_A2":"MX","POP_MAX":530728,"POP_MIN":262566,"LATITUDE":17.08269,"LONGITUDE":-96.66995,"MEGACITY":0,"WORLDCITY":0},"geometry":{"type":"Point","coordinates":[-96.66995,17.08269]}},{"type":"Feature","properties":{"NAME":"Beira","NAMEASCII":"Beira","ADM0NAME":"Mozambique","ADM0_A3":"MOZ","ADM1NAME":"Sofala","ISO_A2":"MZ","POP_MAX":530604,"POP_MIN":483789,"LATITUDE":-19.820045,"LONGITUDE":34.870006,"MEGACITY":0,"WORLDCITY":0},"geometry":{"type":"Point","coordinates":[34.870006,-19.820045]}},{"type":"Feature","properties":{"NAME":"Guntur","NAMEASCII":"Guntur","ADM0NAME":"India","ADM0_A3":"IND","ADM1NAME":"Andhra Pradesh","ISO_A2":"IN","POP_MAX":530577,"POP_MIN":530577,"LATITUDE":16.329997,"LONGITUDE":80.450014,"MEGACITY":0,"WORLDCITY":0},"geometry":{"type":"Point","coordinates":[80.450014,16.329997]}},{"type":"Feature","properties":{"NAME":"Ṭarābulus","NAMEASCII":"Tarabulus","ADM0NAME":"Lebanon","ADM0_A3":"LBN","ADM1NAME":"North Lebanon","ISO_A2":"LB","POP_MAX":530000,"POP_MIN":192572,"LATITUDE":34.42195,"LONGITUDE":35.86805,"MEGACITY":0,"WORLDCITY":0},"geometry":{"type":"Point","coordinates":[35.831661,34.438267]}},{"type":"Feature","properties":{"NAME":"Harrisburg","NAMEASCII":"Harrisburg","ADM0NAME":"United States of America","ADM0_A3":"USA","ADM1NAME":"Pennsylvania","ISO_A2":"US","POP_MAX":528892,"POP_MIN":49528,"LATITUDE":40.2736,"LONGITUDE":-76.884749,"MEGACITY":0,"WORLDCITY":0},"geometry":{"type":"Point","coordinates":[-76.884749,40.2736]}},{"type":"Feature","properties":{"NAME":"Hamadan","NAMEASCII":"Hamadan","ADM0NAME":"Iran","ADM0_A3":"IRN","ADM1NAME":"Hamadan","ISO_A2":"IR","POP_MAX":528256,"POP_MIN":330,"LATITUDE":34.796027,"LONGITUDE":48.515013,"MEGACITY":0,"WORLDCITY":0},"geometry":{"type":"Point","coordinates":[48.515013,34.796027]}},{"type":"Feature","properties":{"NAME":"Cangzhou","NAMEASCII":"Cangzhou","ADM0NAME":"China","ADM0_A3":"CHN","ADM1NAME":"Hebei","ISO_A2":"CN","POP_MAX":527681,"POP_MIN":527681,"LATITUDE":38.320386,"LONGITUDE":116.870013,"MEGACITY":0,"WORLDCITY":0},"geometry":{"type":"Point","coordinates":[116.870013,38.320386]}},{"type":"Feature","properties":{"NAME":"Kota Kinabalu","NAMEASCII":"Kota Kinabalu","ADM0NAME":"Malaysia","ADM0_A3":"MYS","ADM1NAME":"Sabah","ISO_A2":"MY","POP_MAX":527671,"POP_MIN":457326,"LATITUDE":5.979983,"LONGITUDE":116.110008,"MEGACITY":0,"WORLDCITY":0},"geometry":{"type":"Point","coordinates":[116.110008,5.979983]}},{"type":"Feature","properties":{"NAME":"Gold Coast","NAMEASCII":"Gold Coast","ADM0NAME":"Australia","ADM0_A3":"AUS","ADM1NAME":"Queensland","ISO_A2":"AU","POP_MAX":527660,"POP_MIN":332249,"LATITUDE":-28.081504,"LONGITUDE":153.448246,"MEGACITY":0,"WORLDCITY":0},"geometry":{"type":"Point","coordinates":[153.448246,-28.081504]}},{"type":"Feature","properties":{"NAME":"Vancouver","NAMEASCII":"Vancouver","ADM0NAME":"United States of America","ADM0_A3":"USA","ADM1NAME":"Washington","ISO_A2":"US","POP_MAX":525802,"POP_MIN":161791,"LATITUDE":45.630301,"LONGITUDE":-122.639993,"MEGACITY":0,"WORLDCITY":0},"geometry":{"type":"Point","coordinates":[-122.639993,45.630301]}},{"type":"Feature","properties":{"NAME":"Jian","NAMEASCII":"Jian","ADM0NAME":"China","ADM0_A3":"CHN","ADM1NAME":"Jiangxi","ISO_A2":"CN","POP_MAX":520248,"POP_MIN":460194,"LATITUDE":27.130423,"LONGITUDE":114.999998,"MEGACITY":0,"WORLDCITY":0},"geometry":{"type":"Point","coordinates":[114.999998,27.130423]}},{"type":"Feature","properties":{"NAME":"Londrina","NAMEASCII":"Londrina","ADM0NAME":"Brazil","ADM0_A3":"BRA","ADM1NAME":"Paraná","ISO_A2":"BR","POP_MAX":520238,"POP_MIN":471832,"LATITUDE":-23.300039,"LONGITUDE":-51.179987,"MEGACITY":0,"WORLDCITY":0},"geometry":{"type":"Point","coordinates":[-51.179987,-23.300039]}},{"type":"Feature","properties":{"NAME":"Ryazan","NAMEASCII":"Ryazan","ADM0NAME":"Russia","ADM0_A3":"RUS","ADM1NAME":"Ryazan'","ISO_A2":"RU","POP_MAX":520173,"POP_MIN":484573,"LATITUDE":54.619959,"LONGITUDE":39.719994,"MEGACITY":0,"WORLDCITY":0},"geometry":{"type":"Point","coordinates":[39.719994,54.619959]}},{"type":"Feature","properties":{"NAME":"Jingzhou","NAMEASCII":"Jingzhou","ADM0NAME":"China","ADM0_A3":"CHN","ADM1NAME":"Hubei","ISO_A2":"CN","POP_MAX":520000,"POP_MIN":498780,"LATITUDE":30.320021,"LONGITUDE":112.229987,"MEGACITY":0,"WORLDCITY":0},"geometry":{"type":"Point","coordinates":[112.229986,30.320021]}},{"type":"Feature","properties":{"NAME":"Bello","NAMEASCII":"Bello","ADM0NAME":"Colombia","ADM0_A3":"COL","ADM1NAME":"Antioquia","ISO_A2":"CO","POP_MAX":519670,"POP_MIN":392939,"LATITUDE":6.329987,"LONGITUDE":-75.569997,"MEGACITY":0,"WORLDCITY":0},"geometry":{"type":"Point","coordinates":[-75.569997,6.329987]}},{"type":"Feature","properties":{"NAME":"Tyumen","NAMEASCII":"Tyumen","ADM0NAME":"Russia","ADM0_A3":"RUS","ADM1NAME":"Tyumen'","ISO_A2":"RU","POP_MAX":519119,"POP_MIN":402785,"LATITUDE":57.140012,"LONGITUDE":65.529995,"MEGACITY":0,"WORLDCITY":0},"geometry":{"type":"Point","coordinates":[65.529995,57.140012]}},{"type":"Feature","properties":{"NAME":"Lipetsk","NAMEASCII":"Lipetsk","ADM0NAME":"Russia","ADM0_A3":"RUS","ADM1NAME":"Lipetsk","ISO_A2":"RU","POP_MAX":515655,"POP_MIN":488633,"LATITUDE":52.620004,"LONGITUDE":39.639999,"MEGACITY":0,"WORLDCITY":0},"geometry":{"type":"Point","coordinates":[39.639999,52.620004]}},{"type":"Feature","properties":{"NAME":"Siliguri","NAMEASCII":"Siliguri","ADM0NAME":"India","ADM0_A3":"IND","ADM1NAME":"West Bengal","ISO_A2":"IN","POP_MAX":515574,"POP_MIN":515574,"LATITUDE":26.720422,"LONGITUDE":88.455004,"MEGACITY":0,"WORLDCITY":0},"geometry":{"type":"Point","coordinates":[88.455004,26.720422]}},{"type":"Feature","properties":{"NAME":"Eskişehir","NAMEASCII":"Eskisehir","ADM0NAME":"Turkey","ADM0_A3":"TUR","ADM1NAME":"Eskisehir","ISO_A2":"TR","POP_MAX":514869,"POP_MIN":466420,"LATITUDE":39.794999,"LONGITUDE":30.529961,"MEGACITY":0,"WORLDCITY":0},"geometry":{"type":"Point","coordinates":[30.529961,39.794999]}},{"type":"Feature","properties":{"NAME":"Banda Aceh","NAMEASCII":"Banda Aceh","ADM0NAME":"Indonesia","ADM0_A3":"IDN","ADM1NAME":"Aceh","ISO_A2":"ID","POP_MAX":513698,"POP_MIN":174433,"LATITUDE":5.549983,"LONGITUDE":95.320011,"MEGACITY":0,"WORLDCITY":0},"geometry":{"type":"Point","coordinates":[95.320011,5.549983]}},{"type":"Feature","properties":{"NAME":"Ujjain","NAMEASCII":"Ujjain","ADM0NAME":"India","ADM0_A3":"IND","ADM1NAME":"Madhya Pradesh","ISO_A2":"IN","POP_MAX":513350,"POP_MIN":457346,"LATITUDE":23.190405,"LONGITUDE":75.79004,"MEGACITY":0,"WORLDCITY":0},"geometry":{"type":"Point","coordinates":[75.79004,23.190405]}},{"type":"Feature","properties":{"NAME":"Salta","NAMEASCII":"Salta","ADM0NAME":"Argentina","ADM0_A3":"ARG","ADM1NAME":"Salta","ISO_A2":"AR","POP_MAX":512686,"POP_MIN":456606,"LATITUDE":-24.783359,"LONGITUDE":-65.416638,"MEGACITY":0,"WORLDCITY":0},"geometry":{"type":"Point","coordinates":[-65.416638,-24.783359]}},{"type":"Feature","properties":{"NAME":"Penza","NAMEASCII":"Penza","ADM0NAME":"Russia","ADM0_A3":"RUS","ADM1NAME":"Penza","ISO_A2":"RU","POP_MAX":512602,"POP_MIN":471284,"LATITUDE":53.180021,"LONGITUDE":44.999982,"MEGACITY":0,"WORLDCITY":0},"geometry":{"type":"Point","coordinates":[44.999982,53.180021]}},{"type":"Feature","properties":{"NAME":"Blida","NAMEASCII":"Blida","ADM0NAME":"Algeria","ADM0_A3":"DZA","ADM1NAME":"Blida","ISO_A2":"DZ","POP_MAX":511348,"POP_MIN":265000,"LATITUDE":36.420347,"LONGITUDE":2.829998,"MEGACITY":0,"WORLDCITY":0},"geometry":{"type":"Point","coordinates":[2.829998,36.420347]}},{"type":"Feature","properties":{"NAME":"Mykolayiv","NAMEASCII":"Mykolayiv","ADM0NAME":"Ukraine","ADM0_A3":"UKR","ADM1NAME":"Mykolayiv","ISO_A2":"UA","POP_MAX":510840,"POP_MIN":194995,"LATITUDE":46.967739,"LONGITUDE":31.984342,"MEGACITY":0,"WORLDCITY":0},"geometry":{"type":"Point","coordinates":[31.984342,46.967739]}},{"type":"Feature","properties":{"NAME":"Karbala","NAMEASCII":"Karbala","ADM0NAME":"Iraq","ADM0_A3":"IRQ","ADM1NAME":"Karbala'","ISO_A2":"IQ","POP_MAX":510692,"POP_MIN":434450,"LATITUDE":32.61492,"LONGITUDE":44.024486,"MEGACITY":0,"WORLDCITY":0},"geometry":{"type":"Point","coordinates":[44.024486,32.61492]}},{"type":"Feature","properties":{"NAME":"Suez","NAMEASCII":"Suez","ADM0NAME":"Egypt","ADM0_A3":"EGY","ADM1NAME":"As Suways","ISO_A2":"EG","POP_MAX":508335,"POP_MIN":488125,"LATITUDE":30.004976,"LONGITUDE":32.549941,"MEGACITY":0,"WORLDCITY":0},"geometry":{"type":"Point","coordinates":[32.549941,30.004976]}},{"type":"Feature","properties":{"NAME":"Gliwice","NAMEASCII":"Gliwice","ADM0NAME":"Poland","ADM0_A3":"POL","ADM1NAME":"Silesian","ISO_A2":"PL","POP_MAX":507670,"POP_MIN":198835,"LATITUDE":50.330376,"LONGITUDE":18.670013,"MEGACITY":0,"WORLDCITY":0},"geometry":{"type":"Point","coordinates":[18.670013,50.330376]}},{"type":"Feature","properties":{"NAME":"Bukittinggi","NAMEASCII":"Bukittinggi","ADM0NAME":"Indonesia","ADM0_A3":"IDN","ADM1NAME":"Sumatera Barat","ISO_A2":"ID","POP_MAX":506964,"POP_MIN":98746,"LATITUDE":-0.303148,"LONGITUDE":100.36146,"MEGACITY":0,"WORLDCITY":0},"geometry":{"type":"Point","coordinates":[100.36146,-0.303148]}},{"type":"Feature","properties":{"NAME":"Kashgar","NAMEASCII":"Kashgar","ADM0NAME":"China","ADM0_A3":"CHN","ADM1NAME":"Xinjiang Uygur","ISO_A2":"CN","POP_MAX":506640,"POP_MIN":400225,"LATITUDE":39.476336,"LONGITUDE":75.969926,"MEGACITY":0,"WORLDCITY":0},"geometry":{"type":"Point","coordinates":[75.969926,39.476336]}},{"type":"Feature","properties":{"NAME":"Liaoyuan","NAMEASCII":"Liaoyuan","ADM0NAME":"China","ADM0_A3":"CHN","ADM1NAME":"Jilin","ISO_A2":"CN","POP_MAX":506548,"POP_MIN":465249,"LATITUDE":42.899977,"LONGITUDE":125.129974,"MEGACITY":0,"WORLDCITY":0},"geometry":{"type":"Point","coordinates":[125.129974,42.899977]}},{"type":"Feature","properties":{"NAME":"Gaza City","NAMEASCII":"Gaza","ADM0NAME":"Palestine","ADM0_A3":"PSX","ADM1NAME":null,"ISO_A2":"PS","POP_MAX":505700,"POP_MIN":449221,"LATITUDE":31.529999,"LONGITUDE":34.445019,"MEGACITY":0,"WORLDCITY":0},"geometry":{"type":"Point","coordinates":[34.445019,31.529999]}},{"type":"Feature","properties":{"NAME":"Kota Baharu","NAMEASCII":"Kota Baharu","ADM0NAME":"Malaysia","ADM0_A3":"MYS","ADM1NAME":"Kelantan","ISO_A2":"MY","POP_MAX":505583,"POP_MIN":279316,"LATITUDE":6.119974,"LONGITUDE":102.229977,"MEGACITY":0,"WORLDCITY":0},"geometry":{"type":"Point","coordinates":[102.229977,6.119974]}},{"type":"Feature","properties":{"NAME":"Jundiaí","NAMEASCII":"Jundiai","ADM0NAME":"Brazil","ADM0_A3":"BRA","ADM1NAME":"São Paulo","ISO_A2":"BR","POP_MAX":505548,"POP_MIN":321589,"LATITUDE":-23.199994,"LONGITUDE":-46.879992,"MEGACITY":0,"WORLDCITY":0},"geometry":{"type":"Point","coordinates":[-46.879992,-23.199994]}},{"type":"Feature","properties":{"NAME":"Edinburgh","NAMEASCII":"Edinburgh","ADM0NAME":"United Kingdom","ADM0_A3":"GBR","ADM1NAME":"Edinburgh","ISO_A2":"GB","POP_MAX":504966,"POP_MIN":435791,"LATITUDE":55.948328,"LONGITUDE":-3.219091,"MEGACITY":0,"WORLDCITY":0},"geometry":{"type":"Point","coordinates":[-3.219091,55.948328]}},{"type":"Feature","properties":{"NAME":"Tlaxcala","NAMEASCII":"Tlaxcala","ADM0NAME":"Mexico","ADM0_A3":"MEX","ADM1NAME":"Tlaxcala","ISO_A2":"MX","POP_MAX":503878,"POP_MIN":89795,"LATITUDE":19.319995,"LONGITUDE":-98.23001,"MEGACITY":0,"WORLDCITY":0},"geometry":{"type":"Point","coordinates":[-98.23001,19.319995]}},{"type":"Feature","properties":{"NAME":"Arak","NAMEASCII":"Arak","ADM0NAME":"Iran","ADM0_A3":"IRN","ADM1NAME":"Markazi","ISO_A2":"IR","POP_MAX":503647,"POP_MIN":423251,"LATITUDE":34.080412,"LONGITUDE":49.700005,"MEGACITY":0,"WORLDCITY":0},"geometry":{"type":"Point","coordinates":[49.700005,34.080412]}},{"type":"Feature","properties":{"NAME":"Davangere","NAMEASCII":"Davangere","ADM0NAME":"India","ADM0_A3":"IND","ADM1NAME":"Karnataka","ISO_A2":"IN","POP_MAX":503564,"POP_MIN":435125,"LATITUDE":14.470007,"LONGITUDE":75.920007,"MEGACITY":0,"WORLDCITY":0},"geometry":{"type":"Point","coordinates":[75.920006,14.470007]}},{"type":"Feature","properties":{"NAME":"Viña del Mar","NAMEASCII":"Vina del Mar","ADM0NAME":"Chile","ADM0_A3":"CHL","ADM1NAME":"Valparaíso","ISO_A2":"CL","POP_MAX":503534,"POP_MIN":294551,"LATITUDE":-33.029988,"LONGITUDE":-71.539985,"MEGACITY":0,"WORLDCITY":0},"geometry":{"type":"Point","coordinates":[-71.557083,-33.024898]}},{"type":"Feature","properties":{"NAME":"Pingtung","NAMEASCII":"Pingtung","ADM0NAME":"Taiwan","ADM0_A3":"TWN","ADM1NAME":"Pingtung","ISO_A2":"TW","POP_MAX":503530,"POP_MIN":215975,"LATITUDE":22.681702,"LONGITUDE":120.481679,"MEGACITY":0,"WORLDCITY":0},"geometry":{"type":"Point","coordinates":[120.481679,22.681702]}},{"type":"Feature","properties":{"NAME":"Annaba","NAMEASCII":"Annaba","ADM0NAME":"Algeria","ADM0_A3":"DZA","ADM1NAME":"Annaba","ISO_A2":"DZ","POP_MAX":503524,"POP_MIN":206570,"LATITUDE":36.920006,"LONGITUDE":7.759981,"MEGACITY":0,"WORLDCITY":0},"geometry":{"type":"Point","coordinates":[7.759981,36.920006]}},{"type":"Feature","properties":{"NAME":"Akola","NAMEASCII":"Akola","ADM0NAME":"India","ADM0_A3":"IND","ADM1NAME":"Maharashtra","ISO_A2":"IN","POP_MAX":503502,"POP_MIN":428857,"LATITUDE":20.709988,"LONGITUDE":77.010018,"MEGACITY":0,"WORLDCITY":0},"geometry":{"type":"Point","coordinates":[77.010018,20.709988]}},{"type":"Feature","properties":{"NAME":"Brighton","NAMEASCII":"Brighton","ADM0NAME":"United Kingdom","ADM0_A3":"GBR","ADM1NAME":"Brighton and Hove","ISO_A2":"GB","POP_MAX":503008,"POP_MIN":139001,"LATITUDE":50.830346,"LONGITUDE":-0.169974,"MEGACITY":0,"WORLDCITY":0},"geometry":{"type":"Point","coordinates":[-0.169974,50.830346]}},{"type":"Feature","properties":{"NAME":"Astrakhan","NAMEASCII":"Astrakhan","ADM0NAME":"Russia","ADM0_A3":"RUS","ADM1NAME":"Astrakhan'","ISO_A2":"RU","POP_MAX":502533,"POP_MIN":484194,"LATITUDE":46.348655,"LONGITUDE":48.054989,"MEGACITY":0,"WORLDCITY":0},"geometry":{"type":"Point","coordinates":[48.054989,46.348655]}},{"type":"Feature","properties":{"NAME":"Bradford","NAMEASCII":"Bradford","ADM0NAME":"United Kingdom","ADM0_A3":"GBR","ADM1NAME":"West Yorkshire","ISO_A2":"GB","POP_MAX":501700,"POP_MIN":293717,"LATITUDE":53.800035,"LONGITUDE":-1.749981,"MEGACITY":0,"WORLDCITY":0},"geometry":{"type":"Point","coordinates":[-1.754465,53.791675]}},{"type":"Feature","properties":{"NAME":"Kansas City","NAMEASCII":"Kansas City","ADM0NAME":"United States of America","ADM0_A3":"USA","ADM1NAME":"Kansas","ISO_A2":"US","POP_MAX":501577,"POP_MIN":146866,"LATITUDE":39.113581,"LONGITUDE":-94.630146,"MEGACITY":0,"WORLDCITY":0},"geometry":{"type":"Point","coordinates":[-94.630146,39.11358]}},{"type":"Feature","properties":{"NAME":"Bari","NAMEASCII":"Bari","ADM0NAME":"Italy","ADM0_A3":"ITA","ADM1NAME":"Apulia","ISO_A2":"IT","POP_MAX":500577,"POP_MIN":316532,"LATITUDE":41.11422,"LONGITUDE":16.872758,"MEGACITY":0,"WORLDCITY":0},"geometry":{"type":"Point","coordinates":[16.872758,41.11422]}},{"type":"Feature","properties":{"NAME":"Taoyuan","NAMEASCII":"Taoyuan","ADM0NAME":"Taiwan","ADM0_A3":"TWN","ADM1NAME":"Taoyuan","ISO_A2":"TW","POP_MAX":500000,"POP_MIN":402014,"LATITUDE":24.988889,"LONGITUDE":121.311111,"MEGACITY":0,"WORLDCITY":0},"geometry":{"type":"Point","coordinates":[121.311111,24.988889]}},{"type":"Feature","properties":{"NAME":"Glendale","NAMEASCII":"Glendale","ADM0NAME":"United States of America","ADM0_A3":"USA","ADM1NAME":"Arizona","ISO_A2":"US","POP_MAX":500000,"POP_MIN":226721,"LATITUDE":33.581941,"LONGITUDE":-112.195824,"MEGACITY":0,"WORLDCITY":0},"geometry":{"type":"Point","coordinates":[-112.174495,33.535431]}},{"type":"Feature","properties":{"NAME":"San Lorenzo","NAMEASCII":"San Lorenzo","ADM0NAME":"Paraguay","ADM0_A3":"PRY","ADM1NAME":"Asunción","ISO_A2":"PY","POP_MAX":500000,"POP_MIN":271064,"LATITUDE":-25.340018,"LONGITUDE":-57.52004,"MEGACITY":0,"WORLDCITY":0},"geometry":{"type":"Point","coordinates":[-57.52004,-25.340018]}},{"type":"Feature","properties":{"NAME":"Keelung","NAMEASCII":"Keelung","ADM0NAME":"Taiwan","ADM0_A3":"TWN","ADM1NAME":"Keelung City","ISO_A2":"TW","POP_MAX":500000,"POP_MIN":387207,"LATITUDE":25.133258,"LONGITUDE":121.733282,"MEGACITY":0,"WORLDCITY":0},"geometry":{"type":"Point","coordinates":[121.733282,25.133258]}},{"type":"Feature","properties":{"NAME":"Mazatlán","NAMEASCII":"Mazatlan","ADM0NAME":"Mexico","ADM0_A3":"MEX","ADM1NAME":"Sonora","ISO_A2":"MX","POP_MAX":500000,"POP_MIN":438434,"LATITUDE":29.017104,"LONGITUDE":-110.13334,"MEGACITY":0,"WORLDCITY":0},"geometry":{"type":"Point","coordinates":[-110.13334,29.017104]}},{"type":"Feature","properties":{"NAME":"Awka","NAMEASCII":"Awka","ADM0NAME":"Nigeria","ADM0_A3":"NGA","ADM1NAME":"Anambra","ISO_A2":"NG","POP_MAX":500000,"POP_MIN":301657,"LATITUDE":6.210434,"LONGITUDE":7.069997,"MEGACITY":0,"WORLDCITY":0},"geometry":{"type":"Point","coordinates":[7.069997,6.210434]}},{"type":"Feature","properties":{"NAME":"Pasuruan","NAMEASCII":"Pasuruan","ADM0NAME":"Indonesia","ADM0_A3":"IDN","ADM1NAME":"Jawa Timur","ISO_A2":"ID","POP_MAX":500000,"POP_MIN":186322,"LATITUDE":-7.629574,"LONGITUDE":112.900023,"MEGACITY":0,"WORLDCITY":0},"geometry":{"type":"Point","coordinates":[112.900023,-7.629574]}},{"type":"Feature","properties":{"NAME":"Damanhûr","NAMEASCII":"Damanhur","ADM0NAME":"Egypt","ADM0_A3":"EGY","ADM1NAME":"Al Buhayrah","ISO_A2":"EG","POP_MAX":500000,"POP_MIN":242700,"LATITUDE":31.050442,"LONGITUDE":30.470016,"MEGACITY":0,"WORLDCITY":0},"geometry":{"type":"Point","coordinates":[30.470016,31.050442]}},{"type":"Feature","properties":{"NAME":"Shuangyashan","NAMEASCII":"Shuangyashan","ADM0NAME":"China","ADM0_A3":"CHN","ADM1NAME":"Heilongjiang","ISO_A2":"CN","POP_MAX":500000,"POP_MIN":500000,"LATITUDE":46.670419,"LONGITUDE":131.350008,"MEGACITY":0,"WORLDCITY":0},"geometry":{"type":"Point","coordinates":[131.350008,46.670419]}},{"type":"Feature","properties":{"NAME":"Tsu","NAMEASCII":"Tsu","ADM0NAME":"Japan","ADM0_A3":"JPN","ADM1NAME":"Mie","ISO_A2":"JP","POP_MAX":500000,"POP_MIN":284969,"LATITUDE":34.717066,"LONGITUDE":136.51667,"MEGACITY":0,"WORLDCITY":0},"geometry":{"type":"Point","coordinates":[136.51667,34.717066]}},{"type":"Feature","properties":{"NAME":"Chiayi","NAMEASCII":"Chiayi","ADM0NAME":"Taiwan","ADM0_A3":"TWN","ADM1NAME":"Chiayi City","ISO_A2":"TW","POP_MAX":500000,"POP_MIN":274212,"LATITUDE":23.475452,"LONGITUDE":120.435067,"MEGACITY":0,"WORLDCITY":0},"geometry":{"type":"Point","coordinates":[120.435067,23.475452]}},{"type":"Feature","properties":{"NAME":"Thái Nguyên","NAMEASCII":"Thai Nguyen","ADM0NAME":"Vietnam","ADM0_A3":"VNM","ADM1NAME":"Thái Nguyên","ISO_A2":"VN","POP_MAX":500000,"POP_MIN":330000,"LATITUDE":21.599959,"LONGITUDE":105.830015,"MEGACITY":0,"WORLDCITY":0},"geometry":{"type":"Point","coordinates":[105.830015,21.599959]}},{"type":"Feature","properties":{"NAME":"El Minya","NAMEASCII":"El Minya","ADM0NAME":"Egypt","ADM0_A3":"EGY","ADM1NAME":"Al Minya","ISO_A2":"EG","POP_MAX":500000,"POP_MIN":227150,"LATITUDE":28.090003,"LONGITUDE":30.749999,"MEGACITY":0,"WORLDCITY":0},"geometry":{"type":"Point","coordinates":[30.749999,28.090003]}},{"type":"Feature","properties":{"NAME":"Mataram","NAMEASCII":"Mataram","ADM0NAME":"Indonesia","ADM0_A3":"IDN","ADM1NAME":"Nusa Tenggara Barat","ISO_A2":"ID","POP_MAX":499409,"POP_MIN":318674,"LATITUDE":-8.579542,"LONGITUDE":116.13502,"MEGACITY":0,"WORLDCITY":0},"geometry":{"type":"Point","coordinates":[116.135019,-8.579542]}},{"type":"Feature","properties":{"NAME":"Macapá","NAMEASCII":"Macapa","ADM0NAME":"Brazil","ADM0_A3":"BRA","ADM1NAME":"Amapá","ISO_A2":"BR","POP_MAX":499166,"POP_MIN":368397,"LATITUDE":0.033007,"LONGITUDE":-51.050021,"MEGACITY":0,"WORLDCITY":0},"geometry":{"type":"Point","coordinates":[-51.050021,0.033007]}},{"type":"Feature","properties":{"NAME":"Reynosa","NAMEASCII":"Reynosa","ADM0NAME":"Mexico","ADM0_A3":"MEX","ADM1NAME":"Tamaulipas","ISO_A2":"MX","POP_MAX":498654,"POP_MIN":419340,"LATITUDE":26.079996,"LONGITUDE":-98.300031,"MEGACITY":0,"WORLDCITY":0},"geometry":{"type":"Point","coordinates":[-98.300031,26.079996]}},{"type":"Feature","properties":{"NAME":"Shahrisabz","NAMEASCII":"Shahrisabz","ADM0NAME":"Uzbekistan","ADM0_A3":"UZB","ADM1NAME":"Kashkadarya","ISO_A2":"UZ","POP_MAX":498545,"POP_MIN":57051,"LATITUDE":39.061788,"LONGITUDE":66.831466,"MEGACITY":0,"WORLDCITY":0},"geometry":{"type":"Point","coordinates":[66.831466,39.061788]}},{"type":"Feature","properties":{"NAME":"Allentown","NAMEASCII":"Allentown","ADM0NAME":"United States of America","ADM0_A3":"USA","ADM1NAME":"Pennsylvania","ISO_A2":"US","POP_MAX":496442,"POP_MIN":105519,"LATITUDE":40.599988,"LONGITUDE":-75.500028,"MEGACITY":0,"WORLDCITY":0},"geometry":{"type":"Point","coordinates":[-75.500028,40.599988]}},{"type":"Feature","properties":{"NAME":"Berkeley","NAMEASCII":"Berkeley","ADM0NAME":"United States of America","ADM0_A3":"USA","ADM1NAME":"California","ISO_A2":"US","POP_MAX":496356,"POP_MIN":100158,"LATITUDE":37.873901,"LONGITUDE":-122.271152,"MEGACITY":0,"WORLDCITY":0},"geometry":{"type":"Point","coordinates":[-122.271152,37.873901]}},{"type":"Feature","properties":{"NAME":"Douma","NAMEASCII":"Douma","ADM0NAME":"Syria","ADM0_A3":"SYR","ADM1NAME":"Damascus","ISO_A2":"SY","POP_MAX":496145,"POP_MIN":317679,"LATITUDE":33.583336,"LONGITUDE":36.39999,"MEGACITY":0,"WORLDCITY":0},"geometry":{"type":"Point","coordinates":[36.39999,33.583336]}},{"type":"Feature","properties":{"NAME":"Songyuan","NAMEASCII":"Songyuan","ADM0NAME":"China","ADM0_A3":"CHN","ADM1NAME":"Jilin","ISO_A2":"CN","POP_MAX":495900,"POP_MIN":495900,"LATITUDE":45.180381,"LONGITUDE":124.820019,"MEGACITY":0,"WORLDCITY":0},"geometry":{"type":"Point","coordinates":[124.820019,45.18038]}},{"type":"Feature","properties":{"NAME":"Skopje","NAMEASCII":"Skopje","ADM0NAME":"North Macedonia","ADM0_A3":"MKD","ADM1NAME":"Centar","ISO_A2":"MK","POP_MAX":494087,"POP_MIN":474889,"LATITUDE":42.000006,"LONGITUDE":21.433462,"MEGACITY":0,"WORLDCITY":0},"geometry":{"type":"Point","coordinates":[21.433461,42.000006]}},{"type":"Feature","properties":{"NAME":"Mwanza","NAMEASCII":"Mwanza","ADM0NAME":"Tanzania","ADM0_A3":"TZA","ADM1NAME":"Mwanza","ISO_A2":"TZ","POP_MAX":493944,"POP_MIN":436801,"LATITUDE":-2.520015,"LONGITUDE":32.930021,"MEGACITY":0,"WORLDCITY":0},"geometry":{"type":"Point","coordinates":[32.930021,-2.520015]}},{"type":"Feature","properties":{"NAME":"Colorado Springs","NAMEASCII":"Colorado Springs","ADM0NAME":"United States of America","ADM0_A3":"USA","ADM1NAME":"Colorado","ISO_A2":"US","POP_MAX":493654,"POP_MIN":360890,"LATITUDE":38.862963,"LONGITUDE":-104.791986,"MEGACITY":0,"WORLDCITY":0},"geometry":{"type":"Point","coordinates":[-104.791986,38.862963]}},{"type":"Feature","properties":{"NAME":"Wuwei","NAMEASCII":"Wuwei","ADM0NAME":"China","ADM0_A3":"CHN","ADM1NAME":"Gansu","ISO_A2":"CN","POP_MAX":493092,"POP_MIN":493092,"LATITUDE":37.928007,"LONGITUDE":102.641011,"MEGACITY":0,"WORLDCITY":0},"geometry":{"type":"Point","coordinates":[102.641011,37.928007]}},{"type":"Feature","properties":{"NAME":"Port Sudan","NAMEASCII":"Port Sudan","ADM0NAME":"Sudan","ADM0_A3":"SDN","ADM1NAME":"Red Sea","ISO_A2":"SD","POP_MAX":489725,"POP_MIN":489725,"LATITUDE":19.615791,"LONGITUDE":37.216426,"MEGACITY":0,"WORLDCITY":0},"geometry":{"type":"Point","coordinates":[37.216426,19.615791]}},{"type":"Feature","properties":{"NAME":"Santa Fe","NAMEASCII":"Santa Fe","ADM0NAME":"Argentina","ADM0_A3":"ARG","ADM1NAME":"Santa Fe","ISO_A2":"AR","POP_MAX":489505,"POP_MIN":297503,"LATITUDE":-31.623872,"LONGITUDE":-60.690001,"MEGACITY":0,"WORLDCITY":0},"geometry":{"type":"Point","coordinates":[-60.690001,-31.623872]}},{"type":"Feature","properties":{"NAME":"Tula","NAMEASCII":"Tula","ADM0NAME":"Russia","ADM0_A3":"RUS","ADM1NAME":"Tula","ISO_A2":"RU","POP_MAX":489486,"POP_MIN":468825,"LATITUDE":54.199959,"LONGITUDE":37.629941,"MEGACITY":0,"WORLDCITY":0},"geometry":{"type":"Point","coordinates":[37.629941,54.199959]}},{"type":"Feature","properties":{"NAME":"Beni Suef","NAMEASCII":"Beni Suef","ADM0NAME":"Egypt","ADM0_A3":"EGY","ADM1NAME":"Bani Suwayf","ISO_A2":"EG","POP_MAX":489450,"POP_MIN":189624,"LATITUDE":29.080381,"LONGITUDE":31.09003,"MEGACITY":0,"WORLDCITY":0},"geometry":{"type":"Point","coordinates":[31.09003,29.080381]}},{"type":"Feature","properties":{"NAME":"Yanji","NAMEASCII":"Yanji","ADM0NAME":"China","ADM0_A3":"CHN","ADM1NAME":"Jilin","ISO_A2":"CN","POP_MAX":488740,"POP_MIN":326957,"LATITUDE":42.882304,"LONGITUDE":129.512756,"MEGACITY":0,"WORLDCITY":0},"geometry":{"type":"Point","coordinates":[129.512756,42.882304]}},{"type":"Feature","properties":{"NAME":"Bologna","NAMEASCII":"Bologna","ADM0NAME":"Italy","ADM0_A3":"ITA","ADM1NAME":"Emilia-Romagna","ISO_A2":"IT","POP_MAX":488172,"POP_MIN":371217,"LATITUDE":44.500422,"LONGITUDE":11.340021,"MEGACITY":0,"WORLDCITY":0},"geometry":{"type":"Point","coordinates":[11.340021,44.500422]}},{"type":"Feature","properties":{"NAME":"Everett","NAMEASCII":"Everett","ADM0NAME":"United States of America","ADM0_A3":"USA","ADM1NAME":"Washington","ISO_A2":"US","POP_MAX":486903,"POP_MIN":96993,"LATITUDE":47.960418,"LONGITUDE":-122.199968,"MEGACITY":0,"WORLDCITY":0},"geometry":{"type":"Point","coordinates":[-122.199968,47.960417]}},{"type":"Feature","properties":{"NAME":"Saharanpur","NAMEASCII":"Saharanpur","ADM0NAME":"India","ADM0_A3":"IND","ADM1NAME":"Uttar Pradesh","ISO_A2":"IN","POP_MAX":484873,"POP_MIN":484873,"LATITUDE":29.970017,"LONGITUDE":77.550036,"MEGACITY":0,"WORLDCITY":0},"geometry":{"type":"Point","coordinates":[77.550036,29.970017]}},{"type":"Feature","properties":{"NAME":"Kalaburagi","NAMEASCII":"Kalaburagi","ADM0NAME":"India","ADM0_A3":"IND","ADM1NAME":"Karnataka","ISO_A2":"IN","POP_MAX":483615,"POP_MIN":481478,"LATITUDE":17.34996,"LONGITUDE":76.820003,"MEGACITY":0,"WORLDCITY":0},"geometry":{"type":"Point","coordinates":[76.820003,17.34996]}},{"type":"Feature","properties":{"NAME":"Bhatpara","NAMEASCII":"Bhatpara","ADM0NAME":"India","ADM0_A3":"IND","ADM1NAME":"West Bengal","ISO_A2":"IN","POP_MAX":483129,"POP_MIN":483129,"LATITUDE":22.850426,"LONGITUDE":88.520013,"MEGACITY":0,"WORLDCITY":0},"geometry":{"type":"Point","coordinates":[88.413626,22.852821]}},{"type":"Feature","properties":{"NAME":"Ife","NAMEASCII":"Ife","ADM0NAME":"Nigeria","ADM0_A3":"NGA","ADM1NAME":"Osun","ISO_A2":"NG","POP_MAX":482365,"POP_MIN":482365,"LATITUDE":7.480434,"LONGITUDE":4.560021,"MEGACITY":0,"WORLDCITY":0},"geometry":{"type":"Point","coordinates":[4.560021,7.480434]}},{"type":"Feature","properties":{"NAME":"Feira de Santana","NAMEASCII":"Feira de Santana","ADM0NAME":"Brazil","ADM0_A3":"BRA","ADM1NAME":"Bahia","ISO_A2":"BR","POP_MAX":481911,"POP_MIN":416478,"LATITUDE":-12.250016,"LONGITUDE":-38.970009,"MEGACITY":0,"WORLDCITY":0},"geometry":{"type":"Point","coordinates":[-38.970009,-12.250016]}},{"type":"Feature","properties":{"NAME":"Shah Alam","NAMEASCII":"Shah Alam","ADM0NAME":"Malaysia","ADM0_A3":"MYS","ADM1NAME":"Selangor","ISO_A2":"MY","POP_MAX":481654,"POP_MIN":481654,"LATITUDE":3.066696,"LONGITUDE":101.549998,"MEGACITY":0,"WORLDCITY":0},"geometry":{"type":"Point","coordinates":[101.549998,3.066696]}},{"type":"Feature","properties":{"NAME":"Mariupol","NAMEASCII":"Mariupol","ADM0NAME":"Ukraine","ADM0_A3":"UKR","ADM1NAME":"Donets'k","ISO_A2":"UA","POP_MAX":481626,"POP_MIN":351244,"LATITUDE":47.096181,"LONGITUDE":37.556198,"MEGACITY":0,"WORLDCITY":0},"geometry":{"type":"Point","coordinates":[37.556198,47.096181]}},{"type":"Feature","properties":{"NAME":"Tuxtla Gutiérrez","NAMEASCII":"Tuxtla Gutierrez","ADM0NAME":"Mexico","ADM0_A3":"MEX","ADM1NAME":"Chiapas","ISO_A2":"MX","POP_MAX":481128,"POP_MIN":466310,"LATITUDE":16.749997,"LONGITUDE":-93.15001,"MEGACITY":0,"WORLDCITY":0},"geometry":{"type":"Point","coordinates":[-93.15001,16.749997]}},{"type":"Feature","properties":{"NAME":"Herat","NAMEASCII":"Herat","ADM0NAME":"Afghanistan","ADM0_A3":"AFG","ADM1NAME":"Hirat","ISO_A2":"AF","POP_MAX":481009,"POP_MIN":397456,"LATITUDE":34.330009,"LONGITUDE":62.169993,"MEGACITY":0,"WORLDCITY":0},"geometry":{"type":"Point","coordinates":[62.169993,34.330009]}},{"type":"Feature","properties":{"NAME":"Homyel","NAMEASCII":"Homyel","ADM0NAME":"Belarus","ADM0_A3":"BLR","ADM1NAME":"Homyel'","ISO_A2":"BY","POP_MAX":480951,"POP_MIN":463724,"LATITUDE":52.430016,"LONGITUDE":31.000009,"MEGACITY":0,"WORLDCITY":0},"geometry":{"type":"Point","coordinates":[31.000009,52.430016]}},{"type":"Feature","properties":{"NAME":"Zhaoqing","NAMEASCII":"Zhaoqing","ADM0NAME":"China","ADM0_A3":"CHN","ADM1NAME":"Guangdong","ISO_A2":"CN","POP_MAX":480000,"POP_MIN":361969,"LATITUDE":23.050413,"LONGITUDE":112.450025,"MEGACITY":0,"WORLDCITY":0},"geometry":{"type":"Point","coordinates":[112.450025,23.050413]}},{"type":"Feature","properties":{"NAME":"Americana","NAMEASCII":"Americana","ADM0NAME":"Brazil","ADM0_A3":"BRA","ADM1NAME":"São Paulo","ISO_A2":"BR","POP_MAX":479472,"POP_MIN":196022,"LATITUDE":-22.749943,"LONGITUDE":-47.32999,"MEGACITY":0,"WORLDCITY":0},"geometry":{"type":"Point","coordinates":[-47.32999,-22.749943]}},{"type":"Feature","properties":{"NAME":"Dhule","NAMEASCII":"Dhule","ADM0NAME":"India","ADM0_A3":"IND","ADM1NAME":"Maharashtra","ISO_A2":"IN","POP_MAX":479073,"POP_MIN":366980,"LATITUDE":20.899976,"LONGITUDE":74.769999,"MEGACITY":0,"WORLDCITY":0},"geometry":{"type":"Point","coordinates":[74.769999,20.899976]}},{"type":"Feature","properties":{"NAME":"Ostrava","NAMEASCII":"Ostrava","ADM0NAME":"Czechia","ADM0_A3":"CZE","ADM1NAME":"Moravskoslezský","ISO_A2":"CZ","POP_MAX":478963,"POP_MIN":313088,"LATITUDE":49.830355,"LONGITUDE":18.249987,"MEGACITY":0,"WORLDCITY":0},"geometry":{"type":"Point","coordinates":[18.249986,49.830355]}},{"type":"Feature","properties":{"NAME":"Yazd","NAMEASCII":"Yazd","ADM0NAME":"Iran","ADM0_A3":"IRN","ADM1NAME":"Yazd","ISO_A2":"IR","POP_MAX":477905,"POP_MIN":425942,"LATITUDE":31.920053,"LONGITUDE":54.370004,"MEGACITY":0,"WORLDCITY":0},"geometry":{"type":"Point","coordinates":[54.370004,31.920053]}},{"type":"Feature","properties":{"NAME":"Hargeisa","NAMEASCII":"Hargeysa","ADM0NAME":"Somaliland","ADM0_A3":"SOL","ADM1NAME":null,"ISO_A2":"-99","POP_MAX":477876,"POP_MIN":247018,"LATITUDE":9.560022,"LONGITUDE":44.06531,"MEGACITY":0,"WORLDCITY":0},"geometry":{"type":"Point","coordinates":[44.06531,9.560022]}},{"type":"Feature","properties":{"NAME":"Sialkote","NAMEASCII":"Sialkote","ADM0NAME":"Pakistan","ADM0_A3":"PAK","ADM1NAME":"Punjab","ISO_A2":"PK","POP_MAX":477396,"POP_MIN":477396,"LATITUDE":32.520016,"LONGITUDE":74.560038,"MEGACITY":0,"WORLDCITY":0},"geometry":{"type":"Point","coordinates":[74.560038,32.520016]}},{"type":"Feature","properties":{"NAME":"Kemerovo","NAMEASCII":"Kemerovo","ADM0NAME":"Russia","ADM0_A3":"RUS","ADM1NAME":"Kemerovo","ISO_A2":"RU","POP_MAX":477090,"POP_MIN":464279,"LATITUDE":55.339967,"LONGITUDE":86.08998,"MEGACITY":0,"WORLDCITY":0},"geometry":{"type":"Point","coordinates":[86.08998,55.339967]}},{"type":"Feature","properties":{"NAME":"Nazret","NAMEASCII":"Nazret","ADM0NAME":"Ethiopia","ADM0_A3":"ETH","ADM1NAME":"Addis Ababa","ISO_A2":"ET","POP_MAX":476892,"POP_MIN":213995,"LATITUDE":8.549981,"LONGITUDE":39.269996,"MEGACITY":0,"WORLDCITY":0},"geometry":{"type":"Point","coordinates":[39.269996,8.549981]}},{"type":"Feature","properties":{"NAME":"Jiaojing","NAMEASCII":"Jiaojing","ADM0NAME":"China","ADM0_A3":"CHN","ADM1NAME":"Zhejiang","ISO_A2":"CN","POP_MAX":471500,"POP_MIN":470804,"LATITUDE":28.680406,"LONGITUDE":121.449992,"MEGACITY":0,"WORLDCITY":0},"geometry":{"type":"Point","coordinates":[121.449992,28.680406]}},{"type":"Feature","properties":{"NAME":"Kuqa","NAMEASCII":"Kuqa","ADM0NAME":"China","ADM0_A3":"CHN","ADM1NAME":"Xinjiang Uygur","ISO_A2":"CN","POP_MAX":470600,"POP_MIN":68105,"LATITUDE":41.727749,"LONGITUDE":82.936374,"MEGACITY":0,"WORLDCITY":0},"geometry":{"type":"Point","coordinates":[82.936374,41.727749]}},{"type":"Feature","properties":{"NAME":"Chaoyang","NAMEASCII":"Chaoyang","ADM0NAME":"China","ADM0_A3":"CHN","ADM1NAME":"Liaoning","ISO_A2":"CN","POP_MAX":470296,"POP_MIN":410005,"LATITUDE":41.550421,"LONGITUDE":120.419978,"MEGACITY":0,"WORLDCITY":0},"geometry":{"type":"Point","coordinates":[120.419978,41.550421]}},{"type":"Feature","properties":{"NAME":"Juiz de Fora","NAMEASCII":"Juiz de Fora","ADM0NAME":"Brazil","ADM0_A3":"BRA","ADM1NAME":"Minas Gerais","ISO_A2":"BR","POP_MAX":470193,"POP_MIN":459336,"LATITUDE":-21.770003,"LONGITUDE":-43.374986,"MEGACITY":0,"WORLDCITY":0},"geometry":{"type":"Point","coordinates":[-43.374986,-21.770003]}},{"type":"Feature","properties":{"NAME":"Toledo","NAMEASCII":"Toledo","ADM0NAME":"United States of America","ADM0_A3":"USA","ADM1NAME":"Ohio","ISO_A2":"US","POP_MAX":469924,"POP_MIN":306974,"LATITUDE":41.670026,"LONGITUDE":-83.579974,"MEGACITY":0,"WORLDCITY":0},"geometry":{"type":"Point","coordinates":[-83.552976,41.639788]}},{"type":"Feature","properties":{"NAME":"Udaipur","NAMEASCII":"Udaipur","ADM0NAME":"India","ADM0_A3":"IND","ADM1NAME":"Rajasthan","ISO_A2":"IN","POP_MAX":469737,"POP_MIN":422784,"LATITUDE":24.599983,"LONGITUDE":73.730011,"MEGACITY":0,"WORLDCITY":0},"geometry":{"type":"Point","coordinates":[73.730011,24.599983]}},{"type":"Feature","properties":{"NAME":"İzmit","NAMEASCII":"Izmit","ADM0NAME":"Turkey","ADM0_A3":"TUR","ADM1NAME":"Kocaeli","ISO_A2":"TR","POP_MAX":466504,"POP_MIN":300611,"LATITUDE":40.776024,"LONGITUDE":29.930617,"MEGACITY":0,"WORLDCITY":0},"geometry":{"type":"Point","coordinates":[29.930617,40.776024]}},{"type":"Feature","properties":{"NAME":"Piraeus","NAMEASCII":"Piraievs","ADM0NAME":"Greece","ADM0_A3":"GRC","ADM1NAME":"Attiki","ISO_A2":"GR","POP_MAX":466065,"POP_MIN":175697,"LATITUDE":37.950021,"LONGITUDE":23.69999,"MEGACITY":0,"WORLDCITY":0},"geometry":{"type":"Point","coordinates":[23.69999,37.950021]}},{"type":"Feature","properties":{"NAME":"Shymkent","NAMEASCII":"Shymkent","ADM0NAME":"Kazakhstan","ADM0_A3":"KAZ","ADM1NAME":"South Kazakhstan","ISO_A2":"KZ","POP_MAX":465392,"POP_MIN":414032,"LATITUDE":42.320012,"LONGITUDE":69.595018,"MEGACITY":0,"WORLDCITY":0},"geometry":{"type":"Point","coordinates":[69.595018,42.320012]}},{"type":"Feature","properties":{"NAME":"Pristina","NAMEASCII":"Pristina","ADM0NAME":"Kosovo","ADM0_A3":"KOS","ADM1NAME":"Pristina","ISO_A2":"-99","POP_MAX":465186,"POP_MIN":198214,"LATITUDE":42.66671,"LONGITUDE":21.165984,"MEGACITY":0,"WORLDCITY":0},"geometry":{"type":"Point","coordinates":[21.165984,42.66671]}},{"type":"Feature","properties":{"NAME":"Iligan","NAMEASCII":"Iligan","ADM0NAME":"Philippines","ADM0_A3":"PHL","ADM1NAME":"Lanao del Norte","ISO_A2":"PH","POP_MAX":464599,"POP_MIN":464599,"LATITUDE":8.171244,"LONGITUDE":124.215353,"MEGACITY":0,"WORLDCITY":0},"geometry":{"type":"Point","coordinates":[124.215353,8.171244]}},{"type":"Feature","properties":{"NAME":"Qazvin","NAMEASCII":"Qazvin","ADM0NAME":"Iran","ADM0_A3":"IRN","ADM1NAME":"Qazvin","ISO_A2":"IR","POP_MAX":464551,"POP_MIN":333635,"LATITUDE":36.27002,"LONGITUDE":49.999987,"MEGACITY":0,"WORLDCITY":0},"geometry":{"type":"Point","coordinates":[49.999986,36.27002]}},{"type":"Feature","properties":{"NAME":"Bloemfontein","NAMEASCII":"Bloemfontein","ADM0NAME":"South Africa","ADM0_A3":"ZAF","ADM1NAME":"Orange Free State","ISO_A2":"ZA","POP_MAX":463064,"POP_MIN":456669,"LATITUDE":-29.119994,"LONGITUDE":26.229913,"MEGACITY":0,"WORLDCITY":0},"geometry":{"type":"Point","coordinates":[26.229913,-29.119994]}},{"type":"Feature","properties":{"NAME":"Calabar","NAMEASCII":"Calabar","ADM0NAME":"Nigeria","ADM0_A3":"NGA","ADM1NAME":"Cross River","ISO_A2":"NG","POP_MAX":461796,"POP_MIN":247517,"LATITUDE":4.960407,"LONGITUDE":8.330024,"MEGACITY":0,"WORLDCITY":0},"geometry":{"type":"Point","coordinates":[8.330024,4.960407]}},{"type":"Feature","properties":{"NAME":"Malatya","NAMEASCII":"Malatya","ADM0NAME":"Turkey","ADM0_A3":"TUR","ADM1NAME":"Malatya","ISO_A2":"TR","POP_MAX":461574,"POP_MIN":441805,"LATITUDE":38.370434,"LONGITUDE":38.300029,"MEGACITY":0,"WORLDCITY":0},"geometry":{"type":"Point","coordinates":[38.300029,38.370434]}},{"type":"Feature","properties":{"NAME":"Panzhihua","NAMEASCII":"Panzhihua","ADM0NAME":"China","ADM0_A3":"CHN","ADM1NAME":"Sichuan","ISO_A2":"CN","POP_MAX":461513,"POP_MIN":431083,"LATITUDE":26.549993,"LONGITUDE":101.730007,"MEGACITY":0,"WORLDCITY":0},"geometry":{"type":"Point","coordinates":[101.730007,26.549993]}},{"type":"Feature","properties":{"NAME":"Bandar-e-Abbas","NAMEASCII":"Bandar-e-Abbas","ADM0NAME":"Iran","ADM0_A3":"IRN","ADM1NAME":"Hormozgan","ISO_A2":"IR","POP_MAX":461499,"POP_MIN":367508,"LATITUDE":27.20406,"LONGITUDE":56.272136,"MEGACITY":0,"WORLDCITY":0},"geometry":{"type":"Point","coordinates":[56.272135,27.20406]}},{"type":"Feature","properties":{"NAME":"Naberezhnyye Chelny","NAMEASCII":"Naberezhnyye Chelny","ADM0NAME":"Russia","ADM0_A3":"RUS","ADM1NAME":"Tatarstan","ISO_A2":"RU","POP_MAX":461086,"POP_MIN":461086,"LATITUDE":55.699997,"LONGITUDE":52.319948,"MEGACITY":0,"WORLDCITY":0},"geometry":{"type":"Point","coordinates":[52.39244,55.731906]}},{"type":"Feature","properties":{"NAME":"Hamah","NAMEASCII":"Hamah","ADM0NAME":"Syria","ADM0_A3":"SYR","ADM1NAME":"Hamah","ISO_A2":"SY","POP_MAX":460602,"POP_MIN":418990,"LATITUDE":35.150347,"LONGITUDE":36.729996,"MEGACITY":0,"WORLDCITY":0},"geometry":{"type":"Point","coordinates":[36.729996,35.150347]}},{"type":"Feature","properties":{"NAME":"Cranbourne","NAMEASCII":"Cranbourne","ADM0NAME":"Australia","ADM0_A3":"AUS","ADM1NAME":"Victoria","ISO_A2":"AU","POP_MAX":460491,"POP_MIN":39419,"LATITUDE":-38.099601,"LONGITUDE":145.28337,"MEGACITY":0,"WORLDCITY":0},"geometry":{"type":"Point","coordinates":[145.283369,-38.099601]}},{"type":"Feature","properties":{"NAME":"Iquitos","NAMEASCII":"Iquitos","ADM0NAME":"Peru","ADM0_A3":"PER","ADM1NAME":"Loreto","ISO_A2":"PE","POP_MAX":458729,"POP_MIN":437620,"LATITUDE":-3.750018,"LONGITUDE":-73.25001,"MEGACITY":0,"WORLDCITY":0},"geometry":{"type":"Point","coordinates":[-73.25001,-3.750018]}},{"type":"Feature","properties":{"NAME":"Mazar-i-Sharif","NAMEASCII":"Mazar-e Sharif","ADM0NAME":"Afghanistan","ADM0_A3":"AFG","ADM1NAME":"Balkh","ISO_A2":"AF","POP_MAX":458151,"POP_MIN":272714,"LATITUDE":36.699994,"LONGITUDE":67.100028,"MEGACITY":0,"WORLDCITY":0},"geometry":{"type":"Point","coordinates":[67.100028,36.699994]}},{"type":"Feature","properties":{"NAME":"Leicester","NAMEASCII":"Leicester","ADM0NAME":"United Kingdom","ADM0_A3":"GBR","ADM1NAME":"Leicester","ISO_A2":"GB","POP_MAX":457983,"POP_MIN":339239,"LATITUDE":52.629977,"LONGITUDE":-1.133249,"MEGACITY":0,"WORLDCITY":0},"geometry":{"type":"Point","coordinates":[-1.133249,52.629977]}},{"type":"Feature","properties":{"NAME":"Kirov","NAMEASCII":"Kirov","ADM0NAME":"Russia","ADM0_A3":"RUS","ADM1NAME":"Kirov","ISO_A2":"RU","POP_MAX":457437,"POP_MIN":457383,"LATITUDE":58.590053,"LONGITUDE":49.669981,"MEGACITY":0,"WORLDCITY":0},"geometry":{"type":"Point","coordinates":[49.669981,58.590053]}},{"type":"Feature","properties":{"NAME":"Jingdezhen","NAMEASCII":"Jingdezhen","ADM0NAME":"China","ADM0_A3":"CHN","ADM1NAME":"Jiangxi","ISO_A2":"CN","POP_MAX":457298,"POP_MIN":310565,"LATITUDE":29.270421,"LONGITUDE":117.18002,"MEGACITY":0,"WORLDCITY":0},"geometry":{"type":"Point","coordinates":[117.18002,29.270421]}},{"type":"Feature","properties":{"NAME":"Durango","NAMEASCII":"Durango","ADM0NAME":"Mexico","ADM0_A3":"MEX","ADM1NAME":"Durango","ISO_A2":"MX","POP_MAX":457140,"POP_MIN":455597,"LATITUDE":24.031103,"LONGITUDE":-104.67003,"MEGACITY":0,"WORLDCITY":0},"geometry":{"type":"Point","coordinates":[-104.67003,24.031103]}},{"type":"Feature","properties":{"NAME":"Jambi","NAMEASCII":"Jambi","ADM0NAME":"Indonesia","ADM0_A3":"IDN","ADM1NAME":"Jambi","ISO_A2":"ID","POP_MAX":457090,"POP_MIN":420323,"LATITUDE":-1.589995,"LONGITUDE":103.610048,"MEGACITY":0,"WORLDCITY":0},"geometry":{"type":"Point","coordinates":[103.610048,-1.589995]}},{"type":"Feature","properties":{"NAME":"Volta Redonda","NAMEASCII":"Volta Redonda","ADM0NAME":"Brazil","ADM0_A3":"BRA","ADM1NAME":"Rio de Janeiro","ISO_A2":"BR","POP_MAX":456362,"POP_MIN":249580,"LATITUDE":-22.51957,"LONGITUDE":-44.094968,"MEGACITY":0,"WORLDCITY":0},"geometry":{"type":"Point","coordinates":[-44.094968,-22.51957]}},{"type":"Feature","properties":{"NAME":"Hengshui","NAMEASCII":"Hengshui","ADM0NAME":"China","ADM0_A3":"CHN","ADM1NAME":"Hebei","ISO_A2":"CN","POP_MAX":456356,"POP_MIN":456356,"LATITUDE":37.719983,"LONGITUDE":115.700007,"MEGACITY":0,"WORLDCITY":0},"geometry":{"type":"Point","coordinates":[115.700007,37.719983]}},{"type":"Feature","properties":{"NAME":"Sfax","NAMEASCII":"Sfax","ADM0NAME":"Tunisia","ADM0_A3":"TUN","ADM1NAME":"Sfax","ISO_A2":"TN","POP_MAX":453050,"POP_MIN":277278,"LATITUDE":34.750035,"LONGITUDE":10.720007,"MEGACITY":0,"WORLDCITY":0},"geometry":{"type":"Point","coordinates":[10.720007,34.750035]}},{"type":"Feature","properties":{"NAME":"Sunderland","NAMEASCII":"Sunderland","ADM0NAME":"United Kingdom","ADM0_A3":"GBR","ADM1NAME":"Tyne and Wear","ISO_A2":"GB","POP_MAX":452934,"POP_MIN":177965,"LATITUDE":54.920019,"LONGITUDE":-1.38003,"MEGACITY":0,"WORLDCITY":0},"geometry":{"type":"Point","coordinates":[-1.379882,54.903407]}},{"type":"Feature","properties":{"NAME":"Xalapa","NAMEASCII":"Xalapa","ADM0NAME":"Mexico","ADM0_A3":"MEX","ADM1NAME":"Veracruz","ISO_A2":"MX","POP_MAX":452186,"POP_MIN":425148,"LATITUDE":19.529982,"LONGITUDE":-96.919986,"MEGACITY":0,"WORLDCITY":0},"geometry":{"type":"Point","coordinates":[-96.919986,19.529982]}},{"type":"Feature","properties":{"NAME":"Luhansk","NAMEASCII":"Luhansk","ADM0NAME":"Ukraine","ADM0_A3":"UKR","ADM1NAME":"Luhans'k","ISO_A2":"UA","POP_MAX":452000,"POP_MIN":365862,"LATITUDE":48.56976,"LONGITUDE":39.334384,"MEGACITY":0,"WORLDCITY":0},"geometry":{"type":"Point","coordinates":[39.334384,48.56976]}},{"type":"Feature","properties":{"NAME":"Manado","NAMEASCII":"Manado","ADM0NAME":"Indonesia","ADM0_A3":"IDN","ADM1NAME":"Sulawesi Utara","ISO_A2":"ID","POP_MAX":451893,"POP_MIN":447102,"LATITUDE":1.480025,"LONGITUDE":124.849991,"MEGACITY":0,"WORLDCITY":0},"geometry":{"type":"Point","coordinates":[124.849991,1.480025]}},{"type":"Feature","properties":{"NAME":"Qaraghandy","NAMEASCII":"Qaraghandy","ADM0NAME":"Kazakhstan","ADM0_A3":"KAZ","ADM1NAME":"Qaraghandy","ISO_A2":"KZ","POP_MAX":451800,"POP_MIN":304747,"LATITUDE":49.884977,"LONGITUDE":73.11501,"MEGACITY":0,"WORLDCITY":0},"geometry":{"type":"Point","coordinates":[73.11501,49.884977]}},{"type":"Feature","properties":{"NAME":"An Nasiriyah","NAMEASCII":"An Nasiriyah","ADM0NAME":"Iraq","ADM0_A3":"IRQ","ADM1NAME":"Dhi-Qar","ISO_A2":"IQ","POP_MAX":451547,"POP_MIN":400249,"LATITUDE":31.042949,"LONGITUDE":46.267553,"MEGACITY":0,"WORLDCITY":0},"geometry":{"type":"Point","coordinates":[46.267553,31.042949]}},{"type":"Feature","properties":{"NAME":"Oshawa","NAMEASCII":"Oshawa","ADM0NAME":"Canada","ADM0_A3":"CAN","ADM1NAME":"Ontario","ISO_A2":"CA","POP_MAX":450963,"POP_MIN":247989,"LATITUDE":43.879995,"LONGITUDE":-78.849978,"MEGACITY":0,"WORLDCITY":0},"geometry":{"type":"Point","coordinates":[-78.849978,43.879995]}},{"type":"Feature","properties":{"NAME":"Qitaihe","NAMEASCII":"Qitaihe","ADM0NAME":"China","ADM0_A3":"CHN","ADM1NAME":"Heilongjiang","ISO_A2":"CN","POP_MAX":450617,"POP_MIN":345033,"LATITUDE":45.799981,"LONGITUDE":130.850039,"MEGACITY":0,"WORLDCITY":0},"geometry":{"type":"Point","coordinates":[131.00906,45.767852]}},{"type":"Feature","properties":{"NAME":"Belfast","NAMEASCII":"Belfast","ADM0NAME":"United Kingdom","ADM0_A3":"GBR","ADM1NAME":"Belfast","ISO_A2":"GB","POP_MAX":450406,"POP_MIN":274770,"LATITUDE":54.600012,"LONGITUDE":-5.960034,"MEGACITY":0,"WORLDCITY":0},"geometry":{"type":"Point","coordinates":[-5.928178,54.594245]}},{"type":"Feature","properties":{"NAME":"Şanlıurfa","NAMEASCII":"Sanliurfa","ADM0NAME":"Turkey","ADM0_A3":"TUR","ADM1NAME":"Sanliurfa","ISO_A2":"TR","POP_MAX":449549,"POP_MIN":413266,"LATITUDE":37.169991,"LONGITUDE":38.794986,"MEGACITY":0,"WORLDCITY":0},"geometry":{"type":"Point","coordinates":[38.794986,37.169991]}},{"type":"Feature","properties":{"NAME":"Chengde","NAMEASCII":"Chengde","ADM0NAME":"China","ADM0_A3":"CHN","ADM1NAME":"Hebei","ISO_A2":"CN","POP_MAX":449325,"POP_MIN":305933,"LATITUDE":40.96038,"LONGITUDE":117.93,"MEGACITY":0,"WORLDCITY":0},"geometry":{"type":"Point","coordinates":[117.93,40.96038]}},{"type":"Feature","properties":{"NAME":"Xuchang","NAMEASCII":"Xuchang","ADM0NAME":"China","ADM0_A3":"CHN","ADM1NAME":"Henan","ISO_A2":"CN","POP_MAX":449258,"POP_MIN":449258,"LATITUDE":34.02039,"LONGITUDE":113.820019,"MEGACITY":0,"WORLDCITY":0},"geometry":{"type":"Point","coordinates":[113.820019,34.02039]}},{"type":"Feature","properties":{"NAME":"Chlef","NAMEASCII":"Chlef","ADM0NAME":"Algeria","ADM0_A3":"DZA","ADM1NAME":"Chlef","ISO_A2":"DZ","POP_MAX":449167,"POP_MIN":449167,"LATITUDE":36.170414,"LONGITUDE":1.319961,"MEGACITY":0,"WORLDCITY":0},"geometry":{"type":"Point","coordinates":[1.319961,36.170414]}},{"type":"Feature","properties":{"NAME":"Ōita","NAMEASCII":"Oita","ADM0NAME":"Japan","ADM0_A3":"JPN","ADM1NAME":"Oita","ISO_A2":"JP","POP_MAX":448907,"POP_MIN":375294,"LATITUDE":33.243228,"LONGITUDE":131.5979,"MEGACITY":0,"WORLDCITY":0},"geometry":{"type":"Point","coordinates":[131.5979,33.243228]}},{"type":"Feature","properties":{"NAME":"Baguio","NAMEASCII":"Baguio City","ADM0NAME":"Philippines","ADM0_A3":"PHL","ADM1NAME":"Benguet","ISO_A2":"PH","POP_MAX":447824,"POP_MIN":272714,"LATITUDE":16.429991,"LONGITUDE":120.569943,"MEGACITY":0,"WORLDCITY":0},"geometry":{"type":"Point","coordinates":[120.569943,16.429991]}},{"type":"Feature","properties":{"NAME":"San Juan","NAMEASCII":"San Juan","ADM0NAME":"Argentina","ADM0_A3":"ARG","ADM1NAME":"San Juan","ISO_A2":"AR","POP_MAX":447048,"POP_MIN":420736,"LATITUDE":-31.550026,"LONGITUDE":-68.519988,"MEGACITY":0,"WORLDCITY":0},"geometry":{"type":"Point","coordinates":[-68.519988,-31.550026]}},{"type":"Feature","properties":{"NAME":"Cheboksary","NAMEASCII":"Cheboksary","ADM0NAME":"Russia","ADM0_A3":"RUS","ADM1NAME":"Chuvash","ISO_A2":"RU","POP_MAX":446781,"POP_MIN":441274,"LATITUDE":56.129971,"LONGITUDE":47.250025,"MEGACITY":0,"WORLDCITY":0},"geometry":{"type":"Point","coordinates":[47.250025,56.12997]}},{"type":"Feature","properties":{"NAME":"Ado Ekiti","NAMEASCII":"Ado Ekiti","ADM0NAME":"Nigeria","ADM0_A3":"NGA","ADM1NAME":"Ekiti","ISO_A2":"NG","POP_MAX":446749,"POP_MIN":446749,"LATITUDE":7.630373,"LONGITUDE":5.219981,"MEGACITY":0,"WORLDCITY":0},"geometry":{"type":"Point","coordinates":[5.219981,7.630373]}},{"type":"Feature","properties":{"NAME":"Balikpapan","NAMEASCII":"Balikpapan","ADM0NAME":"Indonesia","ADM0_A3":"IDN","ADM1NAME":"Kalimantan Timur","ISO_A2":"ID","POP_MAX":445905,"POP_MIN":433866,"LATITUDE":-1.250015,"LONGITUDE":116.830016,"MEGACITY":0,"WORLDCITY":0},"geometry":{"type":"Point","coordinates":[116.830016,-1.250015]}},{"type":"Feature","properties":{"NAME":"Ballari","NAMEASCII":"Ballari","ADM0NAME":"India","ADM0_A3":"IND","ADM1NAME":"Karnataka","ISO_A2":"IN","POP_MAX":445388,"POP_MIN":336681,"LATITUDE":15.150043,"LONGITUDE":76.915036,"MEGACITY":0,"WORLDCITY":0},"geometry":{"type":"Point","coordinates":[76.915036,15.150043]}},{"type":"Feature","properties":{"NAME":"Bamenda","NAMEASCII":"Bamenda","ADM0NAME":"Cameroon","ADM0_A3":"CMR","ADM1NAME":"Nord-Ouest","ISO_A2":"CM","POP_MAX":445299,"POP_MIN":393835,"LATITUDE":5.959984,"LONGITUDE":10.150016,"MEGACITY":0,"WORLDCITY":0},"geometry":{"type":"Point","coordinates":[10.150016,5.959984]}},{"type":"Feature","properties":{"NAME":"Gent","NAMEASCII":"Gent","ADM0NAME":"Belgium","ADM0_A3":"BEL","ADM1NAME":"East Flanders","ISO_A2":"BE","POP_MAX":444336,"POP_MIN":231493,"LATITUDE":51.029998,"LONGITUDE":3.700022,"MEGACITY":0,"WORLDCITY":0},"geometry":{"type":"Point","coordinates":[3.700022,51.029998]}},{"type":"Feature","properties":{"NAME":"Tokushima","NAMEASCII":"Tokushima","ADM0NAME":"Japan","ADM0_A3":"JPN","ADM1NAME":"Tokushima","ISO_A2":"JP","POP_MAX":443760,"POP_MIN":267345,"LATITUDE":34.06739,"LONGITUDE":134.5525,"MEGACITY":0,"WORLDCITY":0},"geometry":{"type":"Point","coordinates":[134.5525,34.067389]}},{"type":"Feature","properties":{"NAME":"Bakersfield","NAMEASCII":"Bakersfield","ADM0NAME":"United States of America","ADM0_A3":"USA","ADM1NAME":"California","ISO_A2":"US","POP_MAX":443129,"POP_MIN":291389,"LATITUDE":35.369972,"LONGITUDE":-119.019981,"MEGACITY":0,"WORLDCITY":0},"geometry":{"type":"Point","coordinates":[-119.019981,35.369971]}},{"type":"Feature","properties":{"NAME":"Wuzhou","NAMEASCII":"Wuzhou","ADM0NAME":"China","ADM0_A3":"CHN","ADM1NAME":"Guangxi","ISO_A2":"CN","POP_MAX":442315,"POP_MIN":265846,"LATITUDE":23.480026,"LONGITUDE":111.320016,"MEGACITY":0,"WORLDCITY":0},"geometry":{"type":"Point","coordinates":[111.320016,23.480025]}},{"type":"Feature","properties":{"NAME":"Portsmouth","NAMEASCII":"Portsmouth","ADM0NAME":"United Kingdom","ADM0_A3":"GBR","ADM1NAME":"Portsmouth","ISO_A2":"GB","POP_MAX":442252,"POP_MIN":205100,"LATITUDE":50.800348,"LONGITUDE":-1.080022,"MEGACITY":0,"WORLDCITY":0},"geometry":{"type":"Point","coordinates":[-1.080022,50.800348]}},{"type":"Feature","properties":{"NAME":"Cabimas","NAMEASCII":"Cabimas","ADM0NAME":"Venezuela","ADM0_A3":"VEN","ADM1NAME":"Trujillo","ISO_A2":"VE","POP_MAX":441094,"POP_MIN":200818,"LATITUDE":10.429995,"LONGITUDE":-71.449991,"MEGACITY":0,"WORLDCITY":0},"geometry":{"type":"Point","coordinates":[-71.44999,10.429995]}},{"type":"Feature","properties":{"NAME":"Foz do Iguaçu","NAMEASCII":"Foz do Iguacu","ADM0NAME":"Brazil","ADM0_A3":"BRA","ADM1NAME":"Paraná","ISO_A2":"BR","POP_MAX":440455,"POP_MIN":293523,"LATITUDE":-25.523469,"LONGITUDE":-54.52999,"MEGACITY":0,"WORLDCITY":0},"geometry":{"type":"Point","coordinates":[-54.52999,-25.523469]}},{"type":"Feature","properties":{"NAME":"Wakayama","NAMEASCII":"Wakayama","ADM0NAME":"Japan","ADM0_A3":"JPN","ADM1NAME":"Wakayama","ISO_A2":"JP","POP_MAX":440006,"POP_MIN":351000,"LATITUDE":34.223117,"LONGITUDE":135.167708,"MEGACITY":0,"WORLDCITY":0},"geometry":{"type":"Point","coordinates":[135.167708,34.223117]}},{"type":"Feature","properties":{"NAME":"Strasbourg","NAMEASCII":"Strasbourg","ADM0NAME":"France","ADM0_A3":"FRA","ADM1NAME":"Alsace","ISO_A2":"FR","POP_MAX":439972,"POP_MIN":274845,"LATITUDE":48.579966,"LONGITUDE":7.750007,"MEGACITY":0,"WORLDCITY":0},"geometry":{"type":"Point","coordinates":[7.750007,48.579966]}},{"type":"Feature","properties":{"NAME":"Mawlamyine","NAMEASCII":"Mawlamyine","ADM0NAME":"Myanmar","ADM0_A3":"MMR","ADM1NAME":"Mon","ISO_A2":"MM","POP_MAX":438861,"POP_MIN":361637,"LATITUDE":16.500426,"LONGITUDE":97.670048,"MEGACITY":0,"WORLDCITY":0},"geometry":{"type":"Point","coordinates":[97.670048,16.500426]}},{"type":"Feature","properties":{"NAME":"San Cristóbal","NAMEASCII":"San Cristobal","ADM0NAME":"Venezuela","ADM0_A3":"VEN","ADM1NAME":"Táchira","ISO_A2":"VE","POP_MAX":438798,"POP_MIN":246583,"LATITUDE":7.770003,"LONGITUDE":-72.249968,"MEGACITY":0,"WORLDCITY":0},"geometry":{"type":"Point","coordinates":[-72.249967,7.770003]}},{"type":"Feature","properties":{"NAME":"Nantes","NAMEASCII":"Nantes","ADM0NAME":"France","ADM0_A3":"FRA","ADM1NAME":"Pays de la Loire","ISO_A2":"FR","POP_MAX":438537,"POP_MIN":277269,"LATITUDE":47.210386,"LONGITUDE":-1.590017,"MEGACITY":0,"WORLDCITY":0},"geometry":{"type":"Point","coordinates":[-1.590017,47.210386]}},{"type":"Feature","properties":{"NAME":"Khujand","NAMEASCII":"Khujand","ADM0NAME":"Tajikistan","ADM0_A3":"TJK","ADM1NAME":"Leninabad","ISO_A2":"TJ","POP_MAX":437684,"POP_MIN":144865,"LATITUDE":40.289981,"LONGITUDE":69.619926,"MEGACITY":0,"WORLDCITY":0},"geometry":{"type":"Point","coordinates":[69.619926,40.289981]}},{"type":"Feature","properties":{"NAME":"Guangyuan","NAMEASCII":"Guangyuan","ADM0NAME":"China","ADM0_A3":"CHN","ADM1NAME":"Sichuan","ISO_A2":"CN","POP_MAX":437435,"POP_MIN":213365,"LATITUDE":32.429996,"LONGITUDE":105.870013,"MEGACITY":0,"WORLDCITY":0},"geometry":{"type":"Point","coordinates":[105.870013,32.429996]}},{"type":"Feature","properties":{"NAME":"Khomeini Shahr","NAMEASCII":"Khomeini Shahr","ADM0NAME":"Iran","ADM0_A3":"IRN","ADM1NAME":"Esfahan","ISO_A2":"IR","POP_MAX":437138,"POP_MIN":437138,"LATITUDE":32.700419,"LONGITUDE":51.469974,"MEGACITY":0,"WORLDCITY":0},"geometry":{"type":"Point","coordinates":[51.469974,32.700419]}},{"type":"Feature","properties":{"NAME":"Garoua","NAMEASCII":"Garoua","ADM0NAME":"Cameroon","ADM0_A3":"CMR","ADM1NAME":"Nord","ISO_A2":"CM","POP_MAX":436899,"POP_MIN":293974,"LATITUDE":9.300012,"LONGITUDE":13.390025,"MEGACITY":0,"WORLDCITY":0},"geometry":{"type":"Point","coordinates":[13.390025,9.300012]}},{"type":"Feature","properties":{"NAME":"Bukavu","NAMEASCII":"Bukavu","ADM0NAME":"Congo (Kinshasa)","ADM0_A3":"COD","ADM1NAME":"Sud-Kivu","ISO_A2":"CD","POP_MAX":436779,"POP_MIN":225389,"LATITUDE":-2.50999,"LONGITUDE":28.840038,"MEGACITY":0,"WORLDCITY":0},"geometry":{"type":"Point","coordinates":[28.840038,-2.50999]}},{"type":"Feature","properties":{"NAME":"Tuticorin","NAMEASCII":"Tuticorin","ADM0NAME":"India","ADM0_A3":"IND","ADM1NAME":"Tamil Nadu","ISO_A2":"IN","POP_MAX":436094,"POP_MIN":436094,"LATITUDE":8.81999,"LONGITUDE":78.130001,"MEGACITY":0,"WORLDCITY":0},"geometry":{"type":"Point","coordinates":[78.131797,8.7978]}},{"type":"Feature","properties":{"NAME":"Nagasaki","NAMEASCII":"Nagasaki","ADM0NAME":"Japan","ADM0_A3":"JPN","ADM1NAME":"Nagasaki","ISO_A2":"JP","POP_MAX":435455,"POP_MIN":410204,"LATITUDE":32.764988,"LONGITUDE":129.885033,"MEGACITY":0,"WORLDCITY":0},"geometry":{"type":"Point","coordinates":[129.885033,32.764988]}},{"type":"Feature","properties":{"NAME":"Pohang","NAMEASCII":"Pohang","ADM0NAME":"South Korea","ADM0_A3":"KOR","ADM1NAME":"Daegu","ISO_A2":"KR","POP_MAX":435266,"POP_MIN":435266,"LATITUDE":36.020862,"LONGITUDE":129.371524,"MEGACITY":0,"WORLDCITY":0},"geometry":{"type":"Point","coordinates":[129.371524,36.020862]}},{"type":"Feature","properties":{"NAME":"Kaliningrad","NAMEASCII":"Kaliningrad","ADM0NAME":"Russia","ADM0_A3":"RUS","ADM1NAME":"Kaliningrad","ISO_A2":"RU","POP_MAX":434954,"POP_MIN":371499,"LATITUDE":54.700006,"LONGITUDE":20.497343,"MEGACITY":0,"WORLDCITY":0},"geometry":{"type":"Point","coordinates":[20.497343,54.700006]}},{"type":"Feature","properties":{"NAME":"Laredo","NAMEASCII":"Laredo","ADM0NAME":"United States of America","ADM0_A3":"USA","ADM1NAME":"Texas","ISO_A2":"US","POP_MAX":434768,"POP_MIN":210769,"LATITUDE":27.506136,"LONGITUDE":-99.507219,"MEGACITY":0,"WORLDCITY":0},"geometry":{"type":"Point","coordinates":[-99.507218,27.506136]}},{"type":"Feature","properties":{"NAME":"Likasi","NAMEASCII":"Likasi","ADM0NAME":"Congo (Kinshasa)","ADM0_A3":"COD","ADM1NAME":"Katanga","ISO_A2":"CD","POP_MAX":434408,"POP_MIN":422414,"LATITUDE":-10.970042,"LONGITUDE":26.780009,"MEGACITY":0,"WORLDCITY":0},"geometry":{"type":"Point","coordinates":[26.780009,-10.970042]}},{"type":"Feature","properties":{"NAME":"Spanish Town","NAMEASCII":"Spanish Town","ADM0NAME":"Jamaica","ADM0_A3":"JAM","ADM1NAME":"Saint Catherine","ISO_A2":"JM","POP_MAX":432704,"POP_MIN":162359,"LATITUDE":17.983333,"LONGITUDE":-76.949991,"MEGACITY":0,"WORLDCITY":0},"geometry":{"type":"Point","coordinates":[-76.949991,17.983332]}},{"type":"Feature","properties":{"NAME":"San Luis","NAMEASCII":"San Luis","ADM0NAME":"Argentina","ADM0_A3":"ARG","ADM1NAME":"San Luis","ISO_A2":"AR","POP_MAX":432310,"POP_MIN":183982,"LATITUDE":-33.299997,"LONGITUDE":-66.350018,"MEGACITY":0,"WORLDCITY":0},"geometry":{"type":"Point","coordinates":[-66.350018,-33.299997]}},{"type":"Feature","properties":{"NAME":"Katsina","NAMEASCII":"Katsina","ADM0NAME":"Nigeria","ADM0_A3":"NGA","ADM1NAME":"Katsina","ISO_A2":"NG","POP_MAX":432149,"POP_MIN":432149,"LATITUDE":12.990407,"LONGITUDE":7.599991,"MEGACITY":0,"WORLDCITY":0},"geometry":{"type":"Point","coordinates":[7.599991,12.990407]}},{"type":"Feature","properties":{"NAME":"Welkom","NAMEASCII":"Welkom","ADM0NAME":"South Africa","ADM0_A3":"ZAF","ADM1NAME":"Orange Free State","ISO_A2":"ZA","POP_MAX":431944,"POP_MIN":126079,"LATITUDE":-27.969987,"LONGITUDE":26.729986,"MEGACITY":0,"WORLDCITY":0},"geometry":{"type":"Point","coordinates":[26.729986,-27.969987]}},{"type":"Feature","properties":{"NAME":"Santa Marta","NAMEASCII":"Santa Marta","ADM0NAME":"Colombia","ADM0_A3":"COL","ADM1NAME":"Magdalena","ISO_A2":"CO","POP_MAX":431781,"POP_MIN":402641,"LATITUDE":11.247206,"LONGITUDE":-74.201657,"MEGACITY":0,"WORLDCITY":0},"geometry":{"type":"Point","coordinates":[-74.201657,11.247206]}},{"type":"Feature","properties":{"NAME":"Villahermosa","NAMEASCII":"Villahermosa","ADM0NAME":"Mexico","ADM0_A3":"MEX","ADM1NAME":"Tabasco","ISO_A2":"MX","POP_MAX":428564,"POP_MIN":362401,"LATITUDE":17.999972,"LONGITUDE":-92.899973,"MEGACITY":0,"WORLDCITY":0},"geometry":{"type":"Point","coordinates":[-92.899973,17.999972]}},{"type":"Feature","properties":{"NAME":"Bryansk","NAMEASCII":"Bryansk","ADM0NAME":"Russia","ADM0_A3":"RUS","ADM1NAME":"Bryansk","ISO_A2":"RU","POP_MAX":427236,"POP_MIN":425784,"LATITUDE":53.259991,"LONGITUDE":34.429981,"MEGACITY":0,"WORLDCITY":0},"geometry":{"type":"Point","coordinates":[34.429981,53.259991]}},{"type":"Feature","properties":{"NAME":"Bournemouth","NAMEASCII":"Bournemouth","ADM0NAME":"United Kingdom","ADM0_A3":"GBR","ADM1NAME":"Bournemouth","ISO_A2":"GB","POP_MAX":426945,"POP_MIN":163600,"LATITUDE":50.72999,"LONGITUDE":-1.90005,"MEGACITY":0,"WORLDCITY":0},"geometry":{"type":"Point","coordinates":[-1.90005,50.72999]}},{"type":"Feature","properties":{"NAME":"Bengkulu","NAMEASCII":"Bengkulu","ADM0NAME":"Indonesia","ADM0_A3":"IDN","ADM1NAME":"Bengkulu","ISO_A2":"ID","POP_MAX":426673,"POP_MIN":309712,"LATITUDE":-3.800041,"LONGITUDE":102.269974,"MEGACITY":0,"WORLDCITY":0},"geometry":{"type":"Point","coordinates":[102.269974,-3.800041]}},{"type":"Feature","properties":{"NAME":"Heidelberg","NAMEASCII":"Heidelberg","ADM0NAME":"Germany","ADM0_A3":"DEU","ADM1NAME":"Baden-Württemberg","ISO_A2":"DE","POP_MAX":426590,"POP_MIN":143345,"LATITUDE":49.419993,"LONGITUDE":8.699975,"MEGACITY":0,"WORLDCITY":0},"geometry":{"type":"Point","coordinates":[8.699975,49.419992]}},{"type":"Feature","properties":{"NAME":"Kurnool","NAMEASCII":"Kurnool","ADM0NAME":"India","ADM0_A3":"IND","ADM1NAME":"Andhra Pradesh","ISO_A2":"IN","POP_MAX":424920,"POP_MIN":278124,"LATITUDE":15.830001,"LONGITUDE":78.030007,"MEGACITY":0,"WORLDCITY":0},"geometry":{"type":"Point","coordinates":[78.030007,15.830001]}},{"type":"Feature","properties":{"NAME":"Chaozhou","NAMEASCII":"Chaozhou","ADM0NAME":"China","ADM0_A3":"CHN","ADM1NAME":"Guangdong","ISO_A2":"CN","POP_MAX":424787,"POP_MIN":424787,"LATITUDE":23.680039,"LONGITUDE":116.630028,"MEGACITY":0,"WORLDCITY":0},"geometry":{"type":"Point","coordinates":[116.630028,23.680039]}},{"type":"Feature","properties":{"NAME":"Batangas","NAMEASCII":"Batangas","ADM0NAME":"Philippines","ADM0_A3":"PHL","ADM1NAME":"Batangas","ISO_A2":"PH","POP_MAX":424508,"POP_MIN":237370,"LATITUDE":13.781677,"LONGITUDE":121.021698,"MEGACITY":0,"WORLDCITY":0},"geometry":{"type":"Point","coordinates":[121.021698,13.781677]}},{"type":"Feature","properties":{"NAME":"Bratislava","NAMEASCII":"Bratislava","ADM0NAME":"Slovakia","ADM0_A3":"SVK","ADM1NAME":"Bratislavský","ISO_A2":"SK","POP_MAX":423737,"POP_MIN":373687,"LATITUDE":48.150018,"LONGITUDE":17.116981,"MEGACITY":0,"WORLDCITY":0},"geometry":{"type":"Point","coordinates":[17.116981,48.150018]}},{"type":"Feature","properties":{"NAME":"Gaya","NAMEASCII":"Gaya","ADM0NAME":"India","ADM0_A3":"IND","ADM1NAME":"Bihar","ISO_A2":"IN","POP_MAX":423692,"POP_MIN":423692,"LATITUDE":24.799971,"LONGITUDE":85.000021,"MEGACITY":0,"WORLDCITY":0},"geometry":{"type":"Point","coordinates":[85.000021,24.799971]}},{"type":"Feature","properties":{"NAME":"Arak","NAMEASCII":"Arak","ADM0NAME":"Algeria","ADM0_A3":"DZA","ADM1NAME":"Tamanghasset","ISO_A2":"DZ","POP_MAX":423251,"POP_MIN":423251,"LATITUDE":25.279993,"LONGITUDE":3.749993,"MEGACITY":0,"WORLDCITY":0},"geometry":{"type":"Point","coordinates":[3.749993,25.279993]}},{"type":"Feature","properties":{"NAME":"Baton Rouge","NAMEASCII":"Baton Rouge","ADM0NAME":"United States of America","ADM0_A3":"USA","ADM1NAME":"Louisiana","ISO_A2":"US","POP_MAX":422072,"POP_MIN":223349,"LATITUDE":30.457946,"LONGITUDE":-91.140158,"MEGACITY":0,"WORLDCITY":0},"geometry":{"type":"Point","coordinates":[-91.140158,30.457946]}},{"type":"Feature","properties":{"NAME":"Springfield","NAMEASCII":"Springfield","ADM0NAME":"United States of America","ADM0_A3":"USA","ADM1NAME":"Massachusetts","ISO_A2":"US","POP_MAX":421780,"POP_MIN":152227,"LATITUDE":42.120025,"LONGITUDE":-72.579999,"MEGACITY":0,"WORLDCITY":0},"geometry":{"type":"Point","coordinates":[-72.579999,42.120025]}},{"type":"Feature","properties":{"NAME":"Ibagué","NAMEASCII":"Ibague","ADM0NAME":"Colombia","ADM0_A3":"COL","ADM1NAME":"Tolima","ISO_A2":"CO","POP_MAX":421685,"POP_MIN":408627,"LATITUDE":4.438914,"LONGITUDE":-75.232214,"MEGACITY":0,"WORLDCITY":0},"geometry":{"type":"Point","coordinates":[-75.232214,4.438914]}},{"type":"Feature","properties":{"NAME":"Ivanovo","NAMEASCII":"Ivanovo","ADM0NAME":"Russia","ADM0_A3":"RUS","ADM1NAME":"Ivanovo","ISO_A2":"RU","POP_MAX":420839,"POP_MIN":414215,"LATITUDE":57.01002,"LONGITUDE":41.009993,"MEGACITY":0,"WORLDCITY":0},"geometry":{"type":"Point","coordinates":[41.009993,57.01002]}},{"type":"Feature","properties":{"NAME":"Erzurum","NAMEASCII":"Erzurum","ADM0NAME":"Turkey","ADM0_A3":"TUR","ADM1NAME":"Erzurum","ISO_A2":"TR","POP_MAX":420691,"POP_MIN":362917,"LATITUDE":39.920392,"LONGITUDE":41.290027,"MEGACITY":0,"WORLDCITY":0},"geometry":{"type":"Point","coordinates":[41.290027,39.920392]}},{"type":"Feature","properties":{"NAME":"Akure","NAMEASCII":"Akure","ADM0NAME":"Nigeria","ADM0_A3":"NGA","ADM1NAME":"Ondo","ISO_A2":"NG","POP_MAX":420594,"POP_MIN":420594,"LATITUDE":7.250396,"LONGITUDE":5.199982,"MEGACITY":0,"WORLDCITY":0},"geometry":{"type":"Point","coordinates":[5.199982,7.250396]}},{"type":"Feature","properties":{"NAME":"Asyut","NAMEASCII":"Asyut","ADM0NAME":"Egypt","ADM0_A3":"EGY","ADM1NAME":"Asyut","ISO_A2":"EG","POP_MAX":420585,"POP_MIN":420585,"LATITUDE":27.18998,"LONGITUDE":31.179947,"MEGACITY":0,"WORLDCITY":0},"geometry":{"type":"Point","coordinates":[31.179947,27.18998]}},{"type":"Feature","properties":{"NAME":"Kolwezi","NAMEASCII":"Kolwezi","ADM0NAME":"Congo (Kinshasa)","ADM0_A3":"COD","ADM1NAME":"Katanga","ISO_A2":"CD","POP_MAX":418000,"POP_MIN":418000,"LATITUDE":-10.716724,"LONGITUDE":25.47244,"MEGACITY":0,"WORLDCITY":0},"geometry":{"type":"Point","coordinates":[25.47244,-10.716724]}},{"type":"Feature","properties":{"NAME":"Sukkur","NAMEASCII":"Sukkur","ADM0NAME":"Pakistan","ADM0_A3":"PAK","ADM1NAME":"Sind","ISO_A2":"PK","POP_MAX":417767,"POP_MIN":417767,"LATITUDE":27.713566,"LONGITUDE":68.848552,"MEGACITY":0,"WORLDCITY":0},"geometry":{"type":"Point","coordinates":[68.848552,27.713566]}},{"type":"Feature","properties":{"NAME":"Luohe","NAMEASCII":"Luohe","ADM0NAME":"China","ADM0_A3":"CHN","ADM1NAME":"Henan","ISO_A2":"CN","POP_MAX":417356,"POP_MIN":417356,"LATITUDE":33.570004,"LONGITUDE":114.02998,"MEGACITY":0,"WORLDCITY":0},"geometry":{"type":"Point","coordinates":[114.02998,33.570004]}},{"type":"Feature","properties":{"NAME":"Campina Grande","NAMEASCII":"Campina Grande","ADM0NAME":"Brazil","ADM0_A3":"BRA","ADM1NAME":"Paraíba","ISO_A2":"BR","POP_MAX":417261,"POP_MIN":348936,"LATITUDE":-7.230012,"LONGITUDE":-35.880017,"MEGACITY":0,"WORLDCITY":0},"geometry":{"type":"Point","coordinates":[-35.880017,-7.230012]}},{"type":"Feature","properties":{"NAME":"Kitchener","NAMEASCII":"Kitchener","ADM0NAME":"Canada","ADM0_A3":"CAN","ADM1NAME":"Ontario","ISO_A2":"CA","POP_MAX":417001,"POP_MIN":409112,"LATITUDE":43.449995,"LONGITUDE":-80.500007,"MEGACITY":0,"WORLDCITY":0},"geometry":{"type":"Point","coordinates":[-80.500007,43.449995]}},{"type":"Feature","properties":{"NAME":"Middlesbrough","NAMEASCII":"Middlesbrough","ADM0NAME":"United Kingdom","ADM0_A3":"GBR","ADM1NAME":"Stockton-on-Tees","ISO_A2":"GB","POP_MAX":416042,"POP_MIN":142707,"LATITUDE":54.580375,"LONGITUDE":-1.230013,"MEGACITY":0,"WORLDCITY":0},"geometry":{"type":"Point","coordinates":[-1.230013,54.580375]}},{"type":"Feature","properties":{"NAME":"Meizhou","NAMEASCII":"Meizhou","ADM0NAME":"China","ADM0_A3":"CHN","ADM1NAME":"Guangdong","ISO_A2":"CN","POP_MAX":414930,"POP_MIN":144212,"LATITUDE":24.300492,"LONGITUDE":116.119982,"MEGACITY":0,"WORLDCITY":0},"geometry":{"type":"Point","coordinates":[116.119982,24.300492]}},{"type":"Feature","properties":{"NAME":"Ardabil","NAMEASCII":"Ardabil","ADM0NAME":"Iran","ADM0_A3":"IRN","ADM1NAME":"Ardebil","ISO_A2":"IR","POP_MAX":414603,"POP_MIN":410753,"LATITUDE":38.250003,"LONGITUDE":48.300039,"MEGACITY":0,"WORLDCITY":0},"geometry":{"type":"Point","coordinates":[48.300039,38.250003]}},{"type":"Feature","properties":{"NAME":"Magnitogorsk","NAMEASCII":"Magnitogorsk","ADM0NAME":"Russia","ADM0_A3":"RUS","ADM1NAME":"Chelyabinsk","ISO_A2":"RU","POP_MAX":413351,"POP_MIN":204098,"LATITUDE":53.422694,"LONGITUDE":58.980007,"MEGACITY":0,"WORLDCITY":0},"geometry":{"type":"Point","coordinates":[58.980007,53.422694]}},{"type":"Feature","properties":{"NAME":"Gifu","NAMEASCII":"Gifu","ADM0NAME":"Japan","ADM0_A3":"JPN","ADM1NAME":"Gifu","ISO_A2":"JP","POP_MAX":412895,"POP_MIN":397714,"LATITUDE":35.423095,"LONGITUDE":136.762753,"MEGACITY":0,"WORLDCITY":0},"geometry":{"type":"Point","coordinates":[136.762753,35.423095]}},{"type":"Feature","properties":{"NAME":"Huancayo","NAMEASCII":"Huancayo","ADM0NAME":"Peru","ADM0_A3":"PER","ADM1NAME":"Junín","ISO_A2":"PE","POP_MAX":412733,"POP_MIN":376657,"LATITUDE":-12.08,"LONGITUDE":-75.20002,"MEGACITY":0,"WORLDCITY":0},"geometry":{"type":"Point","coordinates":[-75.20002,-12.08]}},{"type":"Feature","properties":{"NAME":"Charleston","NAMEASCII":"Charleston","ADM0NAME":"United States of America","ADM0_A3":"USA","ADM1NAME":"South Carolina","ISO_A2":"US","POP_MAX":411940,"POP_MIN":96650,"LATITUDE":32.792377,"LONGITUDE":-79.992105,"MEGACITY":0,"WORLDCITY":0},"geometry":{"type":"Point","coordinates":[-79.992105,32.792377]}},{"type":"Feature","properties":{"NAME":"Nha Trang","NAMEASCII":"Nha Trang","ADM0NAME":"Vietnam","ADM0_A3":"VNM","ADM1NAME":"Khánh Hòa","ISO_A2":"VN","POP_MAX":411556,"POP_MIN":283441,"LATITUDE":12.250039,"LONGITUDE":109.170018,"MEGACITY":0,"WORLDCITY":0},"geometry":{"type":"Point","coordinates":[109.170018,12.250039]}},{"type":"Feature","properties":{"NAME":"Maturín","NAMEASCII":"Maturin","ADM0NAME":"Venezuela","ADM0_A3":"VEN","ADM1NAME":"Monagas","ISO_A2":"VE","POP_MAX":410972,"POP_MIN":304443,"LATITUDE":9.749959,"LONGITUDE":-63.170031,"MEGACITY":0,"WORLDCITY":0},"geometry":{"type":"Point","coordinates":[-63.170031,9.749959]}},{"type":"Feature","properties":{"NAME":"Xuanhua","NAMEASCII":"Xuanhua","ADM0NAME":"China","ADM0_A3":"CHN","ADM1NAME":"Hebei","ISO_A2":"CN","POP_MAX":409745,"POP_MIN":373422,"LATITUDE":40.594407,"LONGITUDE":115.024338,"MEGACITY":0,"WORLDCITY":0},"geometry":{"type":"Point","coordinates":[115.024338,40.594407]}},{"type":"Feature","properties":{"NAME":"Kursk","NAMEASCII":"Kursk","ADM0NAME":"Russia","ADM0_A3":"RUS","ADM1NAME":"Kursk","ISO_A2":"RU","POP_MAX":409431,"POP_MIN":388053,"LATITUDE":51.73998,"LONGITUDE":36.190028,"MEGACITY":0,"WORLDCITY":0},"geometry":{"type":"Point","coordinates":[36.190028,51.73998]}},{"type":"Feature","properties":{"NAME":"Oujda","NAMEASCII":"Oujda","ADM0NAME":"Morocco","ADM0_A3":"MAR","ADM1NAME":"Oriental","ISO_A2":"MA","POP_MAX":409391,"POP_MIN":405253,"LATITUDE":34.690013,"LONGITUDE":-1.909972,"MEGACITY":0,"WORLDCITY":0},"geometry":{"type":"Point","coordinates":[-1.909972,34.690013]}},{"type":"Feature","properties":{"NAME":"Metz","NAMEASCII":"Metz","ADM0NAME":"France","ADM0_A3":"FRA","ADM1NAME":"Lorraine","ISO_A2":"FR","POP_MAX":409186,"POP_MIN":123914,"LATITUDE":49.120347,"LONGITUDE":6.180026,"MEGACITY":0,"WORLDCITY":0},"geometry":{"type":"Point","coordinates":[6.180026,49.120347]}},{"type":"Feature","properties":{"NAME":"Hotan","NAMEASCII":"Hotan","ADM0NAME":"China","ADM0_A3":"CHN","ADM1NAME":"Xinjiang Uygur","ISO_A2":"CN","POP_MAX":408894,"POP_MIN":114000,"LATITUDE":37.099711,"LONGITUDE":79.926945,"MEGACITY":0,"WORLDCITY":0},"geometry":{"type":"Point","coordinates":[79.926945,37.099711]}},{"type":"Feature","properties":{"NAME":"Al Ayn","NAMEASCII":"Al Ayn","ADM0NAME":"United Arab Emirates","ADM0_A3":"ARE","ADM1NAME":"Abu Dhabi","ISO_A2":"AE","POP_MAX":408733,"POP_MIN":296268,"LATITUDE":24.230471,"LONGITUDE":55.739998,"MEGACITY":0,"WORLDCITY":0},"geometry":{"type":"Point","coordinates":[55.739998,24.230471]}},{"type":"Feature","properties":{"NAME":"Jeju","NAMEASCII":"Jeju","ADM0NAME":"South Korea","ADM0_A3":"KOR","ADM1NAME":"Jeju","ISO_A2":"KR","POP_MAX":408364,"POP_MIN":314152,"LATITUDE":33.510137,"LONGITUDE":126.521931,"MEGACITY":0,"WORLDCITY":0},"geometry":{"type":"Point","coordinates":[126.521931,33.510137]}},{"type":"Feature","properties":{"NAME":"Oshogbo","NAMEASCII":"Oshogbo","ADM0NAME":"Nigeria","ADM0_A3":"NGA","ADM1NAME":"Osun","ISO_A2":"NG","POP_MAX":408245,"POP_MIN":408245,"LATITUDE":7.770364,"LONGITUDE":4.560021,"MEGACITY":0,"WORLDCITY":0},"geometry":{"type":"Point","coordinates":[4.560021,7.770364]}},{"type":"Feature","properties":{"NAME":"Ipatinga","NAMEASCII":"Ipatinga","ADM0NAME":"Brazil","ADM0_A3":"BRA","ADM1NAME":"Minas Gerais","ISO_A2":"BR","POP_MAX":407894,"POP_MIN":228746,"LATITUDE":-19.4796,"LONGITUDE":-42.519999,"MEGACITY":0,"WORLDCITY":0},"geometry":{"type":"Point","coordinates":[-42.519999,-19.4796]}},{"type":"Feature","properties":{"NAME":"Szczecin","NAMEASCII":"Szczecin","ADM0NAME":"Poland","ADM0_A3":"POL","ADM1NAME":"West Pomeranian","ISO_A2":"PL","POP_MAX":407811,"POP_MIN":372672,"LATITUDE":53.420394,"LONGITUDE":14.530007,"MEGACITY":0,"WORLDCITY":0},"geometry":{"type":"Point","coordinates":[14.530007,53.420394]}},{"type":"Feature","properties":{"NAME":"Miami Beach","NAMEASCII":"Miami Beach","ADM0NAME":"United States of America","ADM0_A3":"USA","ADM1NAME":"Florida","ISO_A2":"US","POP_MAX":407750,"POP_MIN":89326,"LATITUDE":25.80992,"LONGITUDE":-80.131781,"MEGACITY":0,"WORLDCITY":0},"geometry":{"type":"Point","coordinates":[-80.131781,25.809919]}},{"type":"Feature","properties":{"NAME":"Murcia","NAMEASCII":"Murcia","ADM0NAME":"Spain","ADM0_A3":"ESP","ADM1NAME":"Región de Murcia","ISO_A2":"ES","POP_MAX":406807,"POP_MIN":329838,"LATITUDE":37.979993,"LONGITUDE":-1.129968,"MEGACITY":0,"WORLDCITY":0},"geometry":{"type":"Point","coordinates":[-1.129968,37.979993]}},{"type":"Feature","properties":{"NAME":"Tanta","NAMEASCII":"Tanta","ADM0NAME":"Egypt","ADM0_A3":"EGY","ADM1NAME":"Al Gharbiyah","ISO_A2":"EG","POP_MAX":404901,"POP_MIN":404901,"LATITUDE":30.790432,"LONGITUDE":31.000009,"MEGACITY":0,"WORLDCITY":0},"geometry":{"type":"Point","coordinates":[31.000009,30.790432]}},{"type":"Feature","properties":{"NAME":"Kitwe","NAMEASCII":"Kitwe","ADM0NAME":"Zambia","ADM0_A3":"ZMB","ADM1NAME":"Copperbelt","ISO_A2":"ZM","POP_MAX":404901,"POP_MIN":400914,"LATITUDE":-12.810033,"LONGITUDE":28.220024,"MEGACITY":0,"WORLDCITY":0},"geometry":{"type":"Point","coordinates":[28.220024,-12.810033]}},{"type":"Feature","properties":{"NAME":"Zanzibar","NAMEASCII":"Zanzibar","ADM0NAME":"Tanzania","ADM0_A3":"TZA","ADM1NAME":"Zanzibar West","ISO_A2":"TZ","POP_MAX":403658,"POP_MIN":373220,"LATITUDE":-6.16,"LONGITUDE":39.200026,"MEGACITY":0,"WORLDCITY":0},"geometry":{"type":"Point","coordinates":[39.200026,-6.16]}},{"type":"Feature","properties":{"NAME":"Taubaté","NAMEASCII":"Taubate","ADM0NAME":"Brazil","ADM0_A3":"BRA","ADM1NAME":"São Paulo","ISO_A2":"BR","POP_MAX":403560,"POP_MIN":251641,"LATITUDE":-23.019539,"LONGITUDE":-45.559995,"MEGACITY":0,"WORLDCITY":0},"geometry":{"type":"Point","coordinates":[-45.559995,-23.019539]}},{"type":"Feature","properties":{"NAME":"Bissau","NAMEASCII":"Bissau","ADM0NAME":"Guinea Bissau","ADM0_A3":"GNB","ADM1NAME":"Bissau","ISO_A2":"GW","POP_MAX":403339,"POP_MIN":388028,"LATITUDE":11.865024,"LONGITUDE":-15.598361,"MEGACITY":0,"WORLDCITY":0},"geometry":{"type":"Point","coordinates":[-15.598361,11.865024]}},{"type":"Feature","properties":{"NAME":"Pasay City","NAMEASCII":"Pasay City","ADM0NAME":"Philippines","ADM0_A3":"PHL","ADM1NAME":"Metropolitan Manila","ISO_A2":"PH","POP_MAX":403064,"POP_MIN":403064,"LATITUDE":14.550441,"LONGITUDE":120.999994,"MEGACITY":0,"WORLDCITY":0},"geometry":{"type":"Point","coordinates":[120.999994,14.550441]}},{"type":"Feature","properties":{"NAME":"Mbale","NAMEASCII":"Mbale","ADM0NAME":"Uganda","ADM0_A3":"UGA","ADM1NAME":"Bungokho","ISO_A2":"UG","POP_MAX":402368,"POP_MIN":91800,"LATITUDE":1.09041,"LONGITUDE":34.169997,"MEGACITY":0,"WORLDCITY":0},"geometry":{"type":"Point","coordinates":[34.169997,1.09041]}},{"type":"Feature","properties":{"NAME":"Wichita","NAMEASCII":"Wichita","ADM0NAME":"United States of America","ADM0_A3":"USA","ADM1NAME":"Kansas","ISO_A2":"US","POP_MAX":401843,"POP_MIN":355244,"LATITUDE":37.719983,"LONGITUDE":-97.329987,"MEGACITY":0,"WORLDCITY":0},"geometry":{"type":"Point","coordinates":[-97.327657,37.676338]}},{"type":"Feature","properties":{"NAME":"Kassala","NAMEASCII":"Kassala","ADM0NAME":"Sudan","ADM0_A3":"SDN","ADM1NAME":"Kassala","ISO_A2":"SD","POP_MAX":401477,"POP_MIN":339521,"LATITUDE":15.459972,"LONGITUDE":36.390016,"MEGACITY":0,"WORLDCITY":0},"geometry":{"type":"Point","coordinates":[36.390016,15.459972]}},{"type":"Feature","properties":{"NAME":"Sunchon","NAMEASCII":"Sunchon","ADM0NAME":"North Korea","ADM0_A3":"PRK","ADM1NAME":"P'yongan-namdo","ISO_A2":"KP","POP_MAX":400629,"POP_MIN":400629,"LATITUDE":39.4236,"LONGITUDE":125.938969,"MEGACITY":0,"WORLDCITY":0},"geometry":{"type":"Point","coordinates":[125.938969,39.4236]}},{"type":"Feature","properties":{"NAME":"Tver","NAMEASCII":"Tver","ADM0NAME":"Russia","ADM0_A3":"RUS","ADM1NAME":"Tver'","ISO_A2":"RU","POP_MAX":400212,"POP_MIN":363874,"LATITUDE":56.859978,"LONGITUDE":35.889995,"MEGACITY":0,"WORLDCITY":0},"geometry":{"type":"Point","coordinates":[35.889995,56.859978]}},{"type":"Feature","properties":{"NAME":"Jingmen","NAMEASCII":"Jingmen","ADM0NAME":"China","ADM0_A3":"CHN","ADM1NAME":"Hubei","ISO_A2":"CN","POP_MAX":400000,"POP_MIN":400000,"LATITUDE":31.030392,"LONGITUDE":112.10002,"MEGACITY":0,"WORLDCITY":0},"geometry":{"type":"Point","coordinates":[112.201034,31.03141]}},{"type":"Feature","properties":{"NAME":"Sikar","NAMEASCII":"Sikar","ADM0NAME":"India","ADM0_A3":"IND","ADM1NAME":"Rajasthan","ISO_A2":"IN","POP_MAX":400000,"POP_MIN":237579,"LATITUDE":27.610394,"LONGITUDE":75.140002,"MEGACITY":0,"WORLDCITY":0},"geometry":{"type":"Point","coordinates":[75.140002,27.610394]}},{"type":"Feature","properties":{"NAME":"Surgut","NAMEASCII":"Surgut","ADM0NAME":"Russia","ADM0_A3":"RUS","ADM1NAME":"Khanty-Mansiy","ISO_A2":"RU","POP_MAX":400000,"POP_MIN":306703,"LATITUDE":61.259942,"LONGITUDE":73.425017,"MEGACITY":0,"WORLDCITY":0},"geometry":{"type":"Point","coordinates":[73.425017,61.259942]}},{"type":"Feature","properties":{"NAME":"Tumakuru","NAMEASCII":"Tumakuru","ADM0NAME":"India","ADM0_A3":"IND","ADM1NAME":"Karnataka","ISO_A2":"IN","POP_MAX":399606,"POP_MIN":307359,"LATITUDE":13.329973,"LONGITUDE":77.100038,"MEGACITY":0,"WORLDCITY":0},"geometry":{"type":"Point","coordinates":[77.100038,13.329973]}},{"type":"Feature","properties":{"NAME":"Gómez Palacio","NAMEASCII":"Gomez Palacio","ADM0NAME":"Mexico","ADM0_A3":"MEX","ADM1NAME":"Durango","ISO_A2":"MX","POP_MAX":399328,"POP_MIN":228577,"LATITUDE":25.570053,"LONGITUDE":-103.500024,"MEGACITY":0,"WORLDCITY":0},"geometry":{"type":"Point","coordinates":[-103.500024,25.570053]}},{"type":"Feature","properties":{"NAME":"Buraydah","NAMEASCII":"Buraydah","ADM0NAME":"Saudi Arabia","ADM0_A3":"SAU","ADM1NAME":"Al Quassim","ISO_A2":"SA","POP_MAX":398581,"POP_MIN":391336,"LATITUDE":26.366387,"LONGITUDE":43.962836,"MEGACITY":0,"WORLDCITY":0},"geometry":{"type":"Point","coordinates":[43.962836,26.366387]}},{"type":"Feature","properties":{"NAME":"Khmelnytskyy","NAMEASCII":"Khmelnytskyy","ADM0NAME":"Ukraine","ADM0_A3":"UKR","ADM1NAME":"Khmel'nyts'kyy","ISO_A2":"UA","POP_MAX":398346,"POP_MIN":245840,"LATITUDE":49.424928,"LONGITUDE":27.001545,"MEGACITY":0,"WORLDCITY":0},"geometry":{"type":"Point","coordinates":[27.001545,49.424928]}},{"type":"Feature","properties":{"NAME":"Columbia","NAMEASCII":"Columbia","ADM0NAME":"United States of America","ADM0_A3":"USA","ADM1NAME":"Missouri","ISO_A2":"US","POP_MAX":398093,"POP_MIN":91415,"LATITUDE":38.952079,"LONGITUDE":-92.33391,"MEGACITY":0,"WORLDCITY":0},"geometry":{"type":"Point","coordinates":[-92.33391,38.952078]}},{"type":"Feature","properties":{"NAME":"Columbia","NAMEASCII":"Columbia","ADM0NAME":"United States of America","ADM0_A3":"USA","ADM1NAME":"South Carolina","ISO_A2":"US","POP_MAX":398093,"POP_MIN":116278,"LATITUDE":34.039975,"LONGITUDE":-80.899982,"MEGACITY":0,"WORLDCITY":0},"geometry":{"type":"Point","coordinates":[-81.031262,33.996861]}},{"type":"Feature","properties":{"NAME":"Eindhoven","NAMEASCII":"Eindhoven","ADM0NAME":"Netherlands","ADM0_A3":"NLD","ADM1NAME":"Noord-Brabant","ISO_A2":"NL","POP_MAX":398053,"POP_MIN":209620,"LATITUDE":51.429973,"LONGITUDE":5.500015,"MEGACITY":0,"WORLDCITY":0},"geometry":{"type":"Point","coordinates":[5.500015,51.429973]}},{"type":"Feature","properties":{"NAME":"Chiang Mai","NAMEASCII":"Chiang Mai","ADM0NAME":"Thailand","ADM0_A3":"THA","ADM1NAME":"Chiang Mai","ISO_A2":"TH","POP_MAX":397211,"POP_MIN":200952,"LATITUDE":18.799975,"LONGITUDE":98.980046,"MEGACITY":0,"WORLDCITY":0},"geometry":{"type":"Point","coordinates":[98.980046,18.799975]}},{"type":"Feature","properties":{"NAME":"Piura","NAMEASCII":"Piura","ADM0NAME":"Peru","ADM0_A3":"PER","ADM1NAME":"Piura","ISO_A2":"PE","POP_MAX":396932,"POP_MIN":325466,"LATITUDE":-5.210032,"LONGITUDE":-80.629973,"MEGACITY":0,"WORLDCITY":0},"geometry":{"type":"Point","coordinates":[-80.629973,-5.210032]}},{"type":"Feature","properties":{"NAME":"Horlivka","NAMEASCII":"Horlivka","ADM0NAME":"Ukraine","ADM0_A3":"UKR","ADM1NAME":"Donets'k","ISO_A2":"UA","POP_MAX":396885,"POP_MIN":278550,"LATITUDE":48.299647,"LONGITUDE":38.054669,"MEGACITY":0,"WORLDCITY":0},"geometry":{"type":"Point","coordinates":[38.054669,48.299647]}},{"type":"Feature","properties":{"NAME":"Ndola","NAMEASCII":"Ndola","ADM0NAME":"Zambia","ADM0_A3":"ZMB","ADM1NAME":"Copperbelt","ISO_A2":"ZM","POP_MAX":396339,"POP_MIN":394518,"LATITUDE":-12.999944,"LONGITUDE":28.650024,"MEGACITY":0,"WORLDCITY":0},"geometry":{"type":"Point","coordinates":[28.650024,-12.999944]}},{"type":"Feature","properties":{"NAME":"Yuxi","NAMEASCII":"Yuxi","ADM0NAME":"China","ADM0_A3":"CHN","ADM1NAME":"Yunnan","ISO_A2":"CN","POP_MAX":396325,"POP_MIN":103829,"LATITUDE":24.379996,"LONGITUDE":102.570008,"MEGACITY":0,"WORLDCITY":0},"geometry":{"type":"Point","coordinates":[102.570008,24.379996]}},{"type":"Feature","properties":{"NAME":"Kisumu","NAMEASCII":"Kisumu","ADM0NAME":"Kenya","ADM0_A3":"KEN","ADM1NAME":"Nyanza","ISO_A2":"KE","POP_MAX":395615,"POP_MIN":216479,"LATITUDE":-0.090035,"LONGITUDE":34.750013,"MEGACITY":0,"WORLDCITY":0},"geometry":{"type":"Point","coordinates":[34.750013,-0.090035]}},{"type":"Feature","properties":{"NAME":"Metairie","NAMEASCII":"Metairie","ADM0NAME":"United States of America","ADM0_A3":"USA","ADM1NAME":"Louisiana","ISO_A2":"US","POP_MAX":394206,"POP_MIN":146136,"LATITUDE":29.983866,"LONGITUDE":-90.152777,"MEGACITY":0,"WORLDCITY":0},"geometry":{"type":"Point","coordinates":[-90.152777,29.983866]}},{"type":"Feature","properties":{"NAME":"Kollam","NAMEASCII":"Kollam","ADM0NAME":"India","ADM0_A3":"IND","ADM1NAME":"Kerala","ISO_A2":"IN","POP_MAX":394163,"POP_MIN":394163,"LATITUDE":8.900373,"LONGITUDE":76.569993,"MEGACITY":0,"WORLDCITY":0},"geometry":{"type":"Point","coordinates":[76.569993,8.900373]}},{"type":"Feature","properties":{"NAME":"Tallinn","NAMEASCII":"Tallinn","ADM0NAME":"Estonia","ADM0_A3":"EST","ADM1NAME":"Harju","ISO_A2":"EE","POP_MAX":394024,"POP_MIN":340027,"LATITUDE":59.433877,"LONGITUDE":24.728041,"MEGACITY":0,"WORLDCITY":0},"geometry":{"type":"Point","coordinates":[24.728041,59.433877]}},{"type":"Feature","properties":{"NAME":"Wellington","NAMEASCII":"Wellington","ADM0NAME":"New Zealand","ADM0_A3":"NZL","ADM1NAME":"Manawatu-Wanganui","ISO_A2":"NZ","POP_MAX":393400,"POP_MIN":393400,"LATITUDE":-41.299988,"LONGITUDE":174.783266,"MEGACITY":0,"WORLDCITY":0},"geometry":{"type":"Point","coordinates":[174.777201,-41.292068]}},{"type":"Feature","properties":{"NAME":"Al-Ubayyid","NAMEASCII":"El Obeid","ADM0NAME":"Sudan","ADM0_A3":"SDN","ADM1NAME":"North Kurdufan","ISO_A2":"SD","POP_MAX":393311,"POP_MIN":269424,"LATITUDE":13.18329,"LONGITUDE":30.216698,"MEGACITY":0,"WORLDCITY":0},"geometry":{"type":"Point","coordinates":[30.216698,13.18329]}},{"type":"Feature","properties":{"NAME":"Nyala","NAMEASCII":"Niyala","ADM0NAME":"Sudan","ADM0_A3":"SDN","ADM1NAME":"South Darfur","ISO_A2":"SD","POP_MAX":392373,"POP_MIN":392373,"LATITUDE":12.059973,"LONGITUDE":24.889995,"MEGACITY":0,"WORLDCITY":0},"geometry":{"type":"Point","coordinates":[24.889995,12.059973]}},{"type":"Feature","properties":{"NAME":"Sandakan","NAMEASCII":"Sandakan","ADM0NAME":"Malaysia","ADM0_A3":"MYS","ADM1NAME":"Sabah","ISO_A2":"MY","POP_MAX":392288,"POP_MIN":291289,"LATITUDE":5.842963,"LONGITUDE":118.107974,"MEGACITY":0,"WORLDCITY":0},"geometry":{"type":"Point","coordinates":[118.107974,5.842962]}},{"type":"Feature","properties":{"NAME":"Ahmednagar","NAMEASCII":"Ahmednagar","ADM0NAME":"India","ADM0_A3":"IND","ADM1NAME":"Maharashtra","ISO_A2":"IN","POP_MAX":391760,"POP_MIN":367140,"LATITUDE":19.110421,"LONGITUDE":74.75,"MEGACITY":0,"WORLDCITY":0},"geometry":{"type":"Point","coordinates":[74.745774,19.082031]}},{"type":"Feature","properties":{"NAME":"Osh","NAMEASCII":"Osh","ADM0NAME":"Kyrgyzstan","ADM0_A3":"KGZ","ADM1NAME":"Osh","ISO_A2":"KG","POP_MAX":391277,"POP_MIN":200000,"LATITUDE":40.540405,"LONGITUDE":72.790017,"MEGACITY":0,"WORLDCITY":0},"geometry":{"type":"Point","coordinates":[72.790017,40.540405]}},{"type":"Feature","properties":{"NAME":"Stoke","NAMEASCII":"Stoke","ADM0NAME":"United Kingdom","ADM0_A3":"GBR","ADM1NAME":"Stoke-on-Trent","ISO_A2":"GB","POP_MAX":390801,"POP_MIN":260419,"LATITUDE":53.000368,"LONGITUDE":-2.180007,"MEGACITY":0,"WORLDCITY":0},"geometry":{"type":"Point","coordinates":[-2.180007,53.000368]}},{"type":"Feature","properties":{"NAME":"Palm Springs","NAMEASCII":"Palm Springs","ADM0NAME":"United States of America","ADM0_A3":"USA","ADM1NAME":"California","ISO_A2":"US","POP_MAX":390115,"POP_MIN":42807,"LATITUDE":33.777356,"LONGITUDE":-116.533053,"MEGACITY":0,"WORLDCITY":0},"geometry":{"type":"Point","coordinates":[-116.533053,33.777356]}},{"type":"Feature","properties":{"NAME":"Bhilwara","NAMEASCII":"Bhilwara","ADM0NAME":"India","ADM0_A3":"IND","ADM1NAME":"Rajasthan","ISO_A2":"IN","POP_MAX":389911,"POP_MIN":326431,"LATITUDE":25.350428,"LONGITUDE":74.63502,"MEGACITY":0,"WORLDCITY":0},"geometry":{"type":"Point","coordinates":[74.63502,25.350428]}},{"type":"Feature","properties":{"NAME":"Elgin","NAMEASCII":"Elgin","ADM0NAME":"United States of America","ADM0_A3":"USA","ADM1NAME":"Illinois","ISO_A2":"US","POP_MAX":389514,"POP_MIN":98586,"LATITUDE":42.039461,"LONGITUDE":-88.289919,"MEGACITY":0,"WORLDCITY":0},"geometry":{"type":"Point","coordinates":[-88.289919,42.039461]}},{"type":"Feature","properties":{"NAME":"Comilla","NAMEASCII":"Comilla","ADM0NAME":"Bangladesh","ADM0_A3":"BGD","ADM1NAME":"Chittagong","ISO_A2":"BD","POP_MAX":389411,"POP_MIN":389411,"LATITUDE":23.470414,"LONGITUDE":91.16998,"MEGACITY":0,"WORLDCITY":0},"geometry":{"type":"Point","coordinates":[91.16998,23.470414]}},{"type":"Feature","properties":{"NAME":"Samut Prakan","NAMEASCII":"Samut Prakan","ADM0NAME":"Thailand","ADM0_A3":"THA","ADM1NAME":"Samut Prakan","ISO_A2":"TH","POP_MAX":388920,"POP_MIN":388920,"LATITUDE":13.606907,"LONGITUDE":100.611471,"MEGACITY":0,"WORLDCITY":0},"geometry":{"type":"Point","coordinates":[100.611471,13.606907]}},{"type":"Feature","properties":{"NAME":"Greensboro","NAMEASCII":"Greensboro","ADM0NAME":"United States of America","ADM0_A3":"USA","ADM1NAME":"North Carolina","ISO_A2":"US","POP_MAX":388887,"POP_MIN":231769,"LATITUDE":36.070006,"LONGITUDE":-79.800023,"MEGACITY":0,"WORLDCITY":0},"geometry":{"type":"Point","coordinates":[-79.800023,36.070006]}},{"type":"Feature","properties":{"NAME":"Grenoble","NAMEASCII":"Grenoble","ADM0NAME":"France","ADM0_A3":"FRA","ADM1NAME":"Rhône-Alpes","ISO_A2":"FR","POP_MAX":388574,"POP_MIN":158552,"LATITUDE":45.180381,"LONGITUDE":5.720002,"MEGACITY":0,"WORLDCITY":0},"geometry":{"type":"Point","coordinates":[5.720002,45.18038]}},{"type":"Feature","properties":{"NAME":"Nampula","NAMEASCII":"Nampula","ADM0NAME":"Mozambique","ADM0_A3":"MOZ","ADM1NAME":"Nampula","ISO_A2":"MZ","POP_MAX":388526,"POP_MIN":383845,"LATITUDE":-15.136041,"LONGITUDE":39.293043,"MEGACITY":0,"WORLDCITY":0},"geometry":{"type":"Point","coordinates":[39.293043,-15.136041]}},{"type":"Feature","properties":{"NAME":"Nizamabad","NAMEASCII":"Nizamabad","ADM0NAME":"India","ADM0_A3":"IND","ADM1NAME":"Telangana","ISO_A2":"IN","POP_MAX":388505,"POP_MIN":305438,"LATITUDE":18.670397,"LONGITUDE":78.100028,"MEGACITY":0,"WORLDCITY":0},"geometry":{"type":"Point","coordinates":[78.100028,18.670396]}},{"type":"Feature","properties":{"NAME":"Granada‎","NAMEASCII":"Granada","ADM0NAME":"Spain","ADM0_A3":"ESP","ADM1NAME":"Andalucía","ISO_A2":"ES","POP_MAX":388290,"POP_MIN":238248,"LATITUDE":37.164978,"LONGITUDE":-3.585011,"MEGACITY":0,"WORLDCITY":0},"geometry":{"type":"Point","coordinates":[-3.585011,37.164978]}},{"type":"Feature","properties":{"NAME":"Brno","NAMEASCII":"Brno","ADM0NAME":"Czechia","ADM0_A3":"CZE","ADM1NAME":"Kraj Vysocina","ISO_A2":"CZ","POP_MAX":388277,"POP_MIN":369559,"LATITUDE":49.200394,"LONGITUDE":16.609983,"MEGACITY":0,"WORLDCITY":0},"geometry":{"type":"Point","coordinates":[16.609983,49.200393]}},{"type":"Feature","properties":{"NAME":"Coventry","NAMEASCII":"Coventry","ADM0NAME":"United Kingdom","ADM0_A3":"GBR","ADM1NAME":"West Midlands","ISO_A2":"GB","POP_MAX":388271,"POP_MIN":308313,"LATITUDE":52.420404,"LONGITUDE":-1.499997,"MEGACITY":0,"WORLDCITY":0},"geometry":{"type":"Point","coordinates":[-1.502675,52.400741]}},{"type":"Feature","properties":{"NAME":"Alajuela","NAMEASCII":"Alajuela","ADM0NAME":"Costa Rica","ADM0_A3":"CRI","ADM1NAME":"Alajuela","ISO_A2":"CR","POP_MAX":387743,"POP_MIN":47494,"LATITUDE":10.02002,"LONGITUDE":-84.230037,"MEGACITY":0,"WORLDCITY":0},"geometry":{"type":"Point","coordinates":[-84.230037,10.02002]}},{"type":"Feature","properties":{"NAME":"Iloilo","NAMEASCII":"Iloilo","ADM0NAME":"Philippines","ADM0_A3":"PHL","ADM1NAME":"Iloilo","ISO_A2":"PH","POP_MAX":387681,"POP_MIN":387681,"LATITUDE":10.705043,"LONGITUDE":122.545016,"MEGACITY":0,"WORLDCITY":0},"geometry":{"type":"Point","coordinates":[122.545016,10.705043]}},{"type":"Feature","properties":{"NAME":"Campos","NAMEASCII":"Campos","ADM0NAME":"Brazil","ADM0_A3":"BRA","ADM1NAME":"Rio de Janeiro","ISO_A2":"BR","POP_MAX":387417,"POP_MIN":370469,"LATITUDE":-21.749953,"LONGITUDE":-41.320021,"MEGACITY":0,"WORLDCITY":0},"geometry":{"type":"Point","coordinates":[-41.320021,-21.749953]}},{"type":"Feature","properties":{"NAME":"Resistencia","NAMEASCII":"Resistencia","ADM0NAME":"Argentina","ADM0_A3":"ARG","ADM1NAME":"Chaco","ISO_A2":"AR","POP_MAX":387158,"POP_MIN":349753,"LATITUDE":-27.459992,"LONGITUDE":-58.990028,"MEGACITY":0,"WORLDCITY":0},"geometry":{"type":"Point","coordinates":[-58.990027,-27.459992]}},{"type":"Feature","properties":{"NAME":"Baicheng","NAMEASCII":"Baicheng","ADM0NAME":"China","ADM0_A3":"CHN","ADM1NAME":"Jilin","ISO_A2":"CN","POP_MAX":386861,"POP_MIN":316970,"LATITUDE":45.620018,"LONGITUDE":122.820038,"MEGACITY":0,"WORLDCITY":0},"geometry":{"type":"Point","coordinates":[122.820038,45.620018]}},{"type":"Feature","properties":{"NAME":"Qarshi","NAMEASCII":"Qarshi","ADM0NAME":"Uzbekistan","ADM0_A3":"UZB","ADM1NAME":"Kashkadarya","ISO_A2":"UZ","POP_MAX":386361,"POP_MIN":222898,"LATITUDE":38.87043,"LONGITUDE":65.800004,"MEGACITY":0,"WORLDCITY":0},"geometry":{"type":"Point","coordinates":[65.800004,38.87043]}},{"type":"Feature","properties":{"NAME":"Misrata","NAMEASCII":"Misratah","ADM0NAME":"Libya","ADM0_A3":"LBY","ADM1NAME":"Misratah","ISO_A2":"LY","POP_MAX":386120,"POP_MIN":216200,"LATITUDE":32.379973,"LONGITUDE":15.099998,"MEGACITY":0,"WORLDCITY":0},"geometry":{"type":"Point","coordinates":[15.099998,32.379973]}},{"type":"Feature","properties":{"NAME":"Hail","NAMEASCII":"Hail","ADM0NAME":"Saudi Arabia","ADM0_A3":"SAU","ADM1NAME":"Ha'il","ISO_A2":"SA","POP_MAX":385257,"POP_MIN":385257,"LATITUDE":27.523577,"LONGITUDE":41.70008,"MEGACITY":0,"WORLDCITY":0},"geometry":{"type":"Point","coordinates":[41.70008,27.523577]}},{"type":"Feature","properties":{"NAME":"Béjaïa","NAMEASCII":"Bejaia","ADM0NAME":"Algeria","ADM0_A3":"DZA","ADM1NAME":"Béjaïa","ISO_A2":"DZ","POP_MAX":384937,"POP_MIN":164103,"LATITUDE":36.760378,"LONGITUDE":5.070016,"MEGACITY":0,"WORLDCITY":0},"geometry":{"type":"Point","coordinates":[5.070016,36.760378]}},{"type":"Feature","properties":{"NAME":"Southampton","NAMEASCII":"Southampton","ADM0NAME":"United Kingdom","ADM0_A3":"GBR","ADM1NAME":"Southampton","ISO_A2":"GB","POP_MAX":384417,"POP_MIN":384417,"LATITUDE":50.900031,"LONGITUDE":-1.399977,"MEGACITY":0,"WORLDCITY":0},"geometry":{"type":"Point","coordinates":[-1.399977,50.900031]}},{"type":"Feature","properties":{"NAME":"Celaya","NAMEASCII":"Celaya","ADM0NAME":"Mexico","ADM0_A3":"MEX","ADM1NAME":"Guanajuato","ISO_A2":"MX","POP_MAX":383697,"POP_MIN":305901,"LATITUDE":20.530025,"LONGITUDE":-100.800008,"MEGACITY":0,"WORLDCITY":0},"geometry":{"type":"Point","coordinates":[-100.800008,20.530025]}},{"type":"Feature","properties":{"NAME":"Pasto","NAMEASCII":"Pasto","ADM0NAME":"Colombia","ADM0_A3":"COL","ADM1NAME":"Nariño","ISO_A2":"CO","POP_MAX":382236,"POP_MIN":360041,"LATITUDE":1.213607,"LONGITUDE":-77.281107,"MEGACITY":0,"WORLDCITY":0},"geometry":{"type":"Point","coordinates":[-77.281107,1.213607]}},{"type":"Feature","properties":{"NAME":"Caxias do Sul","NAMEASCII":"Caxias do Sul","ADM0NAME":"Brazil","ADM0_A3":"BRA","ADM1NAME":"Rio Grande do Sul","ISO_A2":"BR","POP_MAX":381270,"POP_MIN":373891,"LATITUDE":-29.17999,"LONGITUDE":-51.17004,"MEGACITY":0,"WORLDCITY":0},"geometry":{"type":"Point","coordinates":[-51.17004,-29.17999]}},{"type":"Feature","properties":{"NAME":"Nizhny Tagil","NAMEASCII":"Nizhny Tagil","ADM0NAME":"Russia","ADM0_A3":"RUS","ADM1NAME":"Sverdlovsk","ISO_A2":"RU","POP_MAX":381116,"POP_MIN":367571,"LATITUDE":57.920016,"LONGITUDE":59.974985,"MEGACITY":0,"WORLDCITY":0},"geometry":{"type":"Point","coordinates":[59.974985,57.920016]}},{"type":"Feature","properties":{"NAME":"Des Moines","NAMEASCII":"Des Moines","ADM0NAME":"United States of America","ADM0_A3":"USA","ADM1NAME":"Iowa","ISO_A2":"US","POP_MAX":380655,"POP_MIN":193180,"LATITUDE":41.57998,"LONGITUDE":-93.619981,"MEGACITY":0,"WORLDCITY":0},"geometry":{"type":"Point","coordinates":[-93.619981,41.57998]}},{"type":"Feature","properties":{"NAME":"Xichang","NAMEASCII":"Xichang","ADM0NAME":"China","ADM0_A3":"CHN","ADM1NAME":"Sichuan","ISO_A2":"CN","POP_MAX":379993,"POP_MIN":126787,"LATITUDE":27.880015,"LONGITUDE":102.299998,"MEGACITY":0,"WORLDCITY":0},"geometry":{"type":"Point","coordinates":[102.299998,27.880015]}},{"type":"Feature","properties":{"NAME":"Dezhou","NAMEASCII":"Dezhou","ADM0NAME":"China","ADM0_A3":"CHN","ADM1NAME":"Shandong","ISO_A2":"CN","POP_MAX":379555,"POP_MIN":379555,"LATITUDE":37.450413,"LONGITUDE":116.300022,"MEGACITY":0,"WORLDCITY":0},"geometry":{"type":"Point","coordinates":[116.300022,37.450413]}},{"type":"Feature","properties":{"NAME":"Sevastopol","NAMEASCII":"Sevastapol","ADM0NAME":"Russia","ADM0_A3":"RUS","ADM1NAME":"Crimea","ISO_A2":"RU","POP_MAX":379200,"POP_MIN":314465,"LATITUDE":44.599977,"LONGITUDE":33.464975,"MEGACITY":0,"WORLDCITY":0},"geometry":{"type":"Point","coordinates":[33.524395,44.603925]}},{"type":"Feature","properties":{"NAME":"Vigo","NAMEASCII":"Vigo","ADM0NAME":"Spain","ADM0_A3":"ESP","ADM1NAME":"Galicia","ISO_A2":"ES","POP_MAX":378952,"POP_MIN":292745,"LATITUDE":42.220019,"LONGITUDE":-8.729995,"MEGACITY":0,"WORLDCITY":0},"geometry":{"type":"Point","coordinates":[-8.729995,42.220019]}},{"type":"Feature","properties":{"NAME":"Las Palmas","NAMEASCII":"Las Palmas","ADM0NAME":"Spain","ADM0_A3":"ESP","ADM1NAME":null,"ISO_A2":"ES","POP_MAX":378495,"POP_MIN":350941,"LATITUDE":28.099976,"LONGITUDE":-15.429999,"MEGACITY":0,"WORLDCITY":0},"geometry":{"type":"Point","coordinates":[-15.429999,28.099976]}},{"type":"Feature","properties":{"NAME":"Parbhani","NAMEASCII":"Parbhani","ADM0NAME":"India","ADM0_A3":"IND","ADM1NAME":"Maharashtra","ISO_A2":"IN","POP_MAX":378326,"POP_MIN":289629,"LATITUDE":19.270386,"LONGITUDE":76.760007,"MEGACITY":0,"WORLDCITY":0},"geometry":{"type":"Point","coordinates":[76.760007,19.270386]}},{"type":"Feature","properties":{"NAME":"Karlsruhe","NAMEASCII":"Karlsruhe","ADM0NAME":"Germany","ADM0_A3":"DEU","ADM1NAME":"Baden-Württemberg","ISO_A2":"DE","POP_MAX":377487,"POP_MIN":283799,"LATITUDE":48.999992,"LONGITUDE":8.399993,"MEGACITY":0,"WORLDCITY":0},"geometry":{"type":"Point","coordinates":[8.399993,48.999992]}},{"type":"Feature","properties":{"NAME":"Ogden","NAMEASCII":"Ogden","ADM0NAME":"United States of America","ADM0_A3":"USA","ADM1NAME":"Utah","ISO_A2":"US","POP_MAX":377224,"POP_MIN":78324,"LATITUDE":41.232379,"LONGITUDE":-111.968034,"MEGACITY":0,"WORLDCITY":0},"geometry":{"type":"Point","coordinates":[-111.968034,41.232379]}},{"type":"Feature","properties":{"NAME":"Zhoukou","NAMEASCII":"Zhoukou","ADM0NAME":"China","ADM0_A3":"CHN","ADM1NAME":"Henan","ISO_A2":"CN","POP_MAX":377061,"POP_MIN":377061,"LATITUDE":33.630414,"LONGITUDE":114.630047,"MEGACITY":0,"WORLDCITY":0},"geometry":{"type":"Point","coordinates":[114.630047,33.630414]}},{"type":"Feature","properties":{"NAME":"Makiyivka","NAMEASCII":"Makiyivka","ADM0NAME":"Ukraine","ADM0_A3":"UKR","ADM1NAME":"Donets'k","ISO_A2":"UA","POP_MAX":376610,"POP_MIN":261155,"LATITUDE":48.029664,"LONGITUDE":37.974622,"MEGACITY":0,"WORLDCITY":0},"geometry":{"type":"Point","coordinates":[37.974622,48.029664]}},{"type":"Feature","properties":{"NAME":"Putian","NAMEASCII":"Putian","ADM0NAME":"China","ADM0_A3":"CHN","ADM1NAME":"Fujian","ISO_A2":"CN","POP_MAX":376558,"POP_MIN":376558,"LATITUDE":25.430346,"LONGITUDE":119.020011,"MEGACITY":0,"WORLDCITY":0},"geometry":{"type":"Point","coordinates":[119.020011,25.430346]}},{"type":"Feature","properties":{"NAME":"Kahramanmaraş","NAMEASCII":"Kahramanmaras","ADM0NAME":"Turkey","ADM0_A3":"TUR","ADM1NAME":"K. Maras","ISO_A2":"TR","POP_MAX":376045,"POP_MIN":373446,"LATITUDE":37.60999,"LONGITUDE":36.945021,"MEGACITY":0,"WORLDCITY":0},"geometry":{"type":"Point","coordinates":[36.945021,37.60999]}},{"type":"Feature","properties":{"NAME":"Manizales","NAMEASCII":"Manizales","ADM0NAME":"Colombia","ADM0_A3":"COL","ADM1NAME":"Caldas","ISO_A2":"CO","POP_MAX":375848,"POP_MIN":357814,"LATITUDE":5.059987,"LONGITUDE":-75.52,"MEGACITY":0,"WORLDCITY":0},"geometry":{"type":"Point","coordinates":[-75.52,5.059987]}},{"type":"Feature","properties":{"NAME":"Palma","NAMEASCII":"Palma","ADM0NAME":"Spain","ADM0_A3":"ESP","ADM1NAME":"Islas Baleares","ISO_A2":"ES","POP_MAX":375773,"POP_MIN":264129,"LATITUDE":39.574263,"LONGITUDE":2.654246,"MEGACITY":0,"WORLDCITY":0},"geometry":{"type":"Point","coordinates":[2.654246,39.574263]}},{"type":"Feature","properties":{"NAME":"Manukau","NAMEASCII":"Manukau","ADM0NAME":"New Zealand","ADM0_A3":"NZL","ADM1NAME":"Auckland","ISO_A2":"NZ","POP_MAX":375600,"POP_MIN":375600,"LATITUDE":-36.99997,"LONGITUDE":174.884971,"MEGACITY":0,"WORLDCITY":0},"geometry":{"type":"Point","coordinates":[174.884971,-36.99997]}},{"type":"Feature","properties":{"NAME":"Shillong","NAMEASCII":"Shillong","ADM0NAME":"India","ADM0_A3":"IND","ADM1NAME":"Meghalaya","ISO_A2":"IN","POP_MAX":375527,"POP_MIN":354325,"LATITUDE":25.570492,"LONGITUDE":91.880014,"MEGACITY":0,"WORLDCITY":0},"geometry":{"type":"Point","coordinates":[91.880014,25.570492]}},{"type":"Feature","properties":{"NAME":"Khorramabad","NAMEASCII":"Khorramabad","ADM0NAME":"Iran","ADM0_A3":"IRN","ADM1NAME":"Lorestan","ISO_A2":"IR","POP_MAX":375198,"POP_MIN":329825,"LATITUDE":33.480423,"LONGITUDE":48.35001,"MEGACITY":0,"WORLDCITY":0},"geometry":{"type":"Point","coordinates":[48.35001,33.480423]}},{"type":"Feature","properties":{"NAME":"Villavicencio","NAMEASCII":"Villavicencio","ADM0NAME":"Colombia","ADM0_A3":"COL","ADM1NAME":"Meta","ISO_A2":"CO","POP_MAX":374763,"POP_MIN":321717,"LATITUDE":4.153324,"LONGITUDE":-73.634999,"MEGACITY":0,"WORLDCITY":0},"geometry":{"type":"Point","coordinates":[-73.634999,4.153324]}},{"type":"Feature","properties":{"NAME":"São José do Rio Preto","NAMEASCII":"Sao Jose do Rio Preto","ADM0NAME":"Brazil","ADM0_A3":"BRA","ADM1NAME":"São Paulo","ISO_A2":"BR","POP_MAX":374699,"POP_MIN":341788,"LATITUDE":-20.799623,"LONGITUDE":-49.389968,"MEGACITY":0,"WORLDCITY":0},"geometry":{"type":"Point","coordinates":[-49.389967,-20.799623]}},{"type":"Feature","properties":{"NAME":"Kaunas","NAMEASCII":"Kaunas","ADM0NAME":"Lithuania","ADM0_A3":"LTU","ADM1NAME":"Kauno","ISO_A2":"LT","POP_MAX":374643,"POP_MIN":353046,"LATITUDE":54.950404,"LONGITUDE":23.880031,"MEGACITY":0,"WORLDCITY":0},"geometry":{"type":"Point","coordinates":[23.880031,54.950404]}},{"type":"Feature","properties":{"NAME":"Latur","NAMEASCII":"Latur","ADM0NAME":"India","ADM0_A3":"IND","ADM1NAME":"Maharashtra","ISO_A2":"IN","POP_MAX":374394,"POP_MIN":348967,"LATITUDE":18.400413,"LONGITUDE":76.569993,"MEGACITY":0,"WORLDCITY":0},"geometry":{"type":"Point","coordinates":[76.569993,18.400413]}},{"type":"Feature","properties":{"NAME":"Seremban","NAMEASCII":"Seremban","ADM0NAME":"Malaysia","ADM0_A3":"MYS","ADM1NAME":"Negeri Sembilan","ISO_A2":"MY","POP_MAX":372917,"POP_MIN":300731,"LATITUDE":2.710492,"LONGITUDE":101.94002,"MEGACITY":0,"WORLDCITY":0},"geometry":{"type":"Point","coordinates":[101.94002,2.710492]}},{"type":"Feature","properties":{"NAME":"Denizli","NAMEASCII":"Denizli","ADM0NAME":"Turkey","ADM0_A3":"TUR","ADM1NAME":"Denizli","ISO_A2":"TR","POP_MAX":372344,"POP_MIN":313238,"LATITUDE":37.770394,"LONGITUDE":29.080023,"MEGACITY":0,"WORLDCITY":0},"geometry":{"type":"Point","coordinates":[29.080023,37.770393]}},{"type":"Feature","properties":{"NAME":"Van","NAMEASCII":"Van","ADM0NAME":"Turkey","ADM0_A3":"TUR","ADM1NAME":"Van","ISO_A2":"TR","POP_MAX":371713,"POP_MIN":280811,"LATITUDE":38.49544,"LONGITUDE":43.399976,"MEGACITY":0,"WORLDCITY":0},"geometry":{"type":"Point","coordinates":[43.399976,38.49544]}},{"type":"Feature","properties":{"NAME":"La Coruña","NAMEASCII":"La Coruna","ADM0NAME":"Spain","ADM0_A3":"ESP","ADM1NAME":"Galicia","ISO_A2":"ES","POP_MAX":370610,"POP_MIN":242619,"LATITUDE":43.329977,"LONGITUDE":-8.419988,"MEGACITY":0,"WORLDCITY":0},"geometry":{"type":"Point","coordinates":[-8.419988,43.329977]}},{"type":"Feature","properties":{"NAME":"Abadan","NAMEASCII":"Abadan","ADM0NAME":"Iran","ADM0_A3":"IRN","ADM1NAME":"Khuzestan","ISO_A2":"IR","POP_MAX":370180,"POP_MIN":260078,"LATITUDE":30.330744,"LONGITUDE":48.279678,"MEGACITY":0,"WORLDCITY":0},"geometry":{"type":"Point","coordinates":[48.279678,30.330744]}},{"type":"Feature","properties":{"NAME":"Quzhou","NAMEASCII":"Quzhou","ADM0NAME":"China","ADM0_A3":"CHN","ADM1NAME":"Zhejiang","ISO_A2":"CN","POP_MAX":370000,"POP_MIN":82216,"LATITUDE":28.97044,"LONGITUDE":118.869995,"MEGACITY":0,"WORLDCITY":0},"geometry":{"type":"Point","coordinates":[118.869995,28.97044]}},{"type":"Feature","properties":{"NAME":"Rajapalaiyam","NAMEASCII":"Rajapalaiyam","ADM0NAME":"India","ADM0_A3":"IND","ADM1NAME":"Tamil Nadu","ISO_A2":"IN","POP_MAX":369991,"POP_MIN":307959,"LATITUDE":9.420393,"LONGITUDE":77.580009,"MEGACITY":0,"WORLDCITY":0},"geometry":{"type":"Point","coordinates":[77.580009,9.420393]}},{"type":"Feature","properties":{"NAME":"Reading","NAMEASCII":"Reading","ADM0NAME":"United Kingdom","ADM0_A3":"GBR","ADM1NAME":"Oxfordshire","ISO_A2":"GB","POP_MAX":369804,"POP_MIN":145700,"LATITUDE":51.469971,"LONGITUDE":-0.980028,"MEGACITY":0,"WORLDCITY":0},"geometry":{"type":"Point","coordinates":[-0.980028,51.469971]}},{"type":"Feature","properties":{"NAME":"Najran","NAMEASCII":"Najran","ADM0NAME":"Saudi Arabia","ADM0_A3":"SAU","ADM1NAME":"Najran","ISO_A2":"SA","POP_MAX":369609,"POP_MIN":258573,"LATITUDE":17.50654,"LONGITUDE":44.131559,"MEGACITY":0,"WORLDCITY":0},"geometry":{"type":"Point","coordinates":[44.131559,17.50654]}},{"type":"Feature","properties":{"NAME":"Mahilyow","NAMEASCII":"Mahilyow","ADM0NAME":"Belarus","ADM0_A3":"BLR","ADM1NAME":"Mahilyow","ISO_A2":"BY","POP_MAX":369200,"POP_MIN":317854,"LATITUDE":53.898505,"LONGITUDE":30.32465,"MEGACITY":0,"WORLDCITY":0},"geometry":{"type":"Point","coordinates":[30.32465,53.898505]}},{"type":"Feature","properties":{"NAME":"Al-Qatif","NAMEASCII":"Al-Qatif","ADM0NAME":"Saudi Arabia","ADM0_A3":"SAU","ADM1NAME":"Ash Sharqiyah","ISO_A2":"SA","POP_MAX":368892,"POP_MIN":98259,"LATITUDE":26.519633,"LONGITUDE":50.01151,"MEGACITY":0,"WORLDCITY":0},"geometry":{"type":"Point","coordinates":[50.01151,26.519633]}},{"type":"Feature","properties":{"NAME":"Valletta","NAMEASCII":"Valletta","ADM0NAME":"Malta","ADM0_A3":"MLT","ADM1NAME":null,"ISO_A2":"MT","POP_MAX":368250,"POP_MIN":6966,"LATITUDE":35.899733,"LONGITUDE":14.514711,"MEGACITY":0,"WORLDCITY":0},"geometry":{"type":"Point","coordinates":[14.514711,35.899732]}},{"type":"Feature","properties":{"NAME":"Mazatlán","NAMEASCII":"Mazatlan","ADM0NAME":"Mexico","ADM0_A3":"MEX","ADM1NAME":"Sinaloa","ISO_A2":"MX","POP_MAX":368204,"POP_MIN":354717,"LATITUDE":23.221101,"LONGITUDE":-106.420001,"MEGACITY":0,"WORLDCITY":0},"geometry":{"type":"Point","coordinates":[-106.420001,23.221101]}},{"type":"Feature","properties":{"NAME":"Longyan","NAMEASCII":"Longyan","ADM0NAME":"China","ADM0_A3":"CHN","ADM1NAME":"Fujian","ISO_A2":"CN","POP_MAX":367896,"POP_MIN":367896,"LATITUDE":25.180413,"LONGITUDE":117.030004,"MEGACITY":0,"WORLDCITY":0},"geometry":{"type":"Point","coordinates":[116.995048,25.073515]}},{"type":"Feature","properties":{"NAME":"Hampton","NAMEASCII":"Hampton","ADM0NAME":"United States of America","ADM0_A3":"USA","ADM1NAME":"Virginia","ISO_A2":"US","POP_MAX":366766,"POP_MIN":146437,"LATITUDE":37.030025,"LONGITUDE":-76.34995,"MEGACITY":0,"WORLDCITY":0},"geometry":{"type":"Point","coordinates":[-76.34995,37.030025]}},{"type":"Feature","properties":{"NAME":"Trenton","NAMEASCII":"Trenton","ADM0NAME":"United States of America","ADM0_A3":"USA","ADM1NAME":"New Jersey","ISO_A2":"US","POP_MAX":366513,"POP_MIN":84913,"LATITUDE":40.216963,"LONGITUDE":-74.743355,"MEGACITY":0,"WORLDCITY":0},"geometry":{"type":"Point","coordinates":[-74.743355,40.216963]}},{"type":"Feature","properties":{"NAME":"Bydgoszcz","NAMEASCII":"Bydgoszcz","ADM0NAME":"Poland","ADM0_A3":"POL","ADM1NAME":"Kuyavian-Pomeranian","ISO_A2":"PL","POP_MAX":366452,"POP_MIN":365992,"LATITUDE":53.120413,"LONGITUDE":18.010001,"MEGACITY":0,"WORLDCITY":0},"geometry":{"type":"Point","coordinates":[18.010001,53.120413]}},{"type":"Feature","properties":{"NAME":"Kuantan","NAMEASCII":"Kuantan","ADM0NAME":"Malaysia","ADM0_A3":"MYS","ADM1NAME":"Pahang","ISO_A2":"MY","POP_MAX":366229,"POP_MIN":274695,"LATITUDE":3.829959,"LONGITUDE":103.320039,"MEGACITY":0,"WORLDCITY":0},"geometry":{"type":"Point","coordinates":[103.320039,3.829959]}},{"type":"Feature","properties":{"NAME":"Gorontalo","NAMEASCII":"Gorontalo","ADM0NAME":"Indonesia","ADM0_A3":"IDN","ADM1NAME":"Gorontalo","ISO_A2":"ID","POP_MAX":365497,"POP_MIN":144195,"LATITUDE":0.549978,"LONGITUDE":123.070048,"MEGACITY":0,"WORLDCITY":0},"geometry":{"type":"Point","coordinates":[123.070048,0.549978]}},{"type":"Feature","properties":{"NAME":"Nakuru","NAMEASCII":"Nakuru","ADM0NAME":"Kenya","ADM0_A3":"KEN","ADM1NAME":"Rift Valley","ISO_A2":"KE","POP_MAX":364727,"POP_MIN":259903,"LATITUDE":-0.279997,"LONGITUDE":36.069984,"MEGACITY":0,"WORLDCITY":0},"geometry":{"type":"Point","coordinates":[36.069984,-0.279997]}},{"type":"Feature","properties":{"NAME":"Vladikavkaz","NAMEASCII":"Vladikavkaz","ADM0NAME":"Russia","ADM0_A3":"RUS","ADM1NAME":"North Ossetia","ISO_A2":"RU","POP_MAX":364630,"POP_MIN":317370,"LATITUDE":43.050381,"LONGITUDE":44.669976,"MEGACITY":0,"WORLDCITY":0},"geometry":{"type":"Point","coordinates":[44.669976,43.050381]}},{"type":"Feature","properties":{"NAME":"Larkana","NAMEASCII":"Larkana","ADM0NAME":"Pakistan","ADM0_A3":"PAK","ADM1NAME":"Sind","ISO_A2":"PK","POP_MAX":364033,"POP_MIN":364033,"LATITUDE":27.561766,"LONGITUDE":68.206782,"MEGACITY":0,"WORLDCITY":0},"geometry":{"type":"Point","coordinates":[68.206782,27.561766]}},{"type":"Feature","properties":{"NAME":"McAllen","NAMEASCII":"McAllen","ADM0NAME":"United States of America","ADM0_A3":"USA","ADM1NAME":"Texas","ISO_A2":"US","POP_MAX":364004,"POP_MIN":122578,"LATITUDE":26.203038,"LONGITUDE":-98.229725,"MEGACITY":0,"WORLDCITY":0},"geometry":{"type":"Point","coordinates":[-98.229725,26.203038]}},{"type":"Feature","properties":{"NAME":"Christchurch","NAMEASCII":"Christchurch","ADM0NAME":"New Zealand","ADM0_A3":"NZL","ADM1NAME":"Canterbury","ISO_A2":"NZ","POP_MAX":363200,"POP_MIN":363200,"LATITUDE":-43.535022,"LONGITUDE":172.630023,"MEGACITY":0,"WORLDCITY":0},"geometry":{"type":"Point","coordinates":[172.630023,-43.535022]}},{"type":"Feature","properties":{"NAME":"Stavropol","NAMEASCII":"Stavropol","ADM0NAME":"Russia","ADM0_A3":"RUS","ADM1NAME":"Stavropol'","ISO_A2":"RU","POP_MAX":363064,"POP_MIN":338527,"LATITUDE":45.050001,"LONGITUDE":41.980011,"MEGACITY":0,"WORLDCITY":0},"geometry":{"type":"Point","coordinates":[41.980011,45.050001]}},{"type":"Feature","properties":{"NAME":"Sanya","NAMEASCII":"Sanya","ADM0NAME":"China","ADM0_A3":"CHN","ADM1NAME":"Hainan","ISO_A2":"CN","POP_MAX":362689,"POP_MIN":144753,"LATITUDE":18.259105,"LONGITUDE":109.504032,"MEGACITY":0,"WORLDCITY":0},"geometry":{"type":"Point","coordinates":[109.504032,18.259104]}},{"type":"Feature","properties":{"NAME":"Bhagalpur","NAMEASCII":"Bhagalpur","ADM0NAME":"India","ADM0_A3":"IND","ADM1NAME":"Bihar","ISO_A2":"IN","POP_MAX":361548,"POP_MIN":361548,"LATITUDE":25.229996,"LONGITUDE":86.980003,"MEGACITY":0,"WORLDCITY":0},"geometry":{"type":"Point","coordinates":[86.980003,25.229996]}},{"type":"Feature","properties":{"NAME":"Maseru","NAMEASCII":"Maseru","ADM0NAME":"Lesotho","ADM0_A3":"LSO","ADM1NAME":"Maseru","ISO_A2":"LS","POP_MAX":361324,"POP_MIN":118355,"LATITUDE":-29.316674,"LONGITUDE":27.483273,"MEGACITY":0,"WORLDCITY":0},"geometry":{"type":"Point","coordinates":[27.483273,-29.316674]}},{"type":"Feature","properties":{"NAME":"Sheikhu Pura","NAMEASCII":"Sheikhu Pura","ADM0NAME":"Pakistan","ADM0_A3":"PAK","ADM1NAME":"Punjab","ISO_A2":"PK","POP_MAX":361303,"POP_MIN":361303,"LATITUDE":31.719988,"LONGITUDE":73.989995,"MEGACITY":0,"WORLDCITY":0},"geometry":{"type":"Point","coordinates":[73.989995,31.719988]}},{"type":"Feature","properties":{"NAME":"Cusco","NAMEASCII":"Cusco","ADM0NAME":"Peru","ADM0_A3":"PER","ADM1NAME":"Cusco","ISO_A2":"PE","POP_MAX":361182,"POP_MIN":312140,"LATITUDE":-13.525029,"LONGITUDE":-71.972155,"MEGACITY":0,"WORLDCITY":0},"geometry":{"type":"Point","coordinates":[-71.972155,-13.525028]}},{"type":"Feature","properties":{"NAME":"Tamale","NAMEASCII":"Tamale","ADM0NAME":"Ghana","ADM0_A3":"GHA","ADM1NAME":"Northern","ISO_A2":"GH","POP_MAX":360579,"POP_MIN":325163,"LATITUDE":9.40042,"LONGITUDE":-0.839985,"MEGACITY":0,"WORLDCITY":0},"geometry":{"type":"Point","coordinates":[-0.839985,9.40042]}},{"type":"Feature","properties":{"NAME":"St. Charles","NAMEASCII":"St. Charles","ADM0NAME":"United States of America","ADM0_A3":"USA","ADM1NAME":"Missouri","ISO_A2":"US","POP_MAX":360485,"POP_MIN":65794,"LATITUDE":38.784285,"LONGITUDE":-90.506166,"MEGACITY":0,"WORLDCITY":0},"geometry":{"type":"Point","coordinates":[-90.506166,38.784285]}},{"type":"Feature","properties":{"NAME":"Ulan-Ude","NAMEASCII":"Ulan Ude","ADM0NAME":"Russia","ADM0_A3":"RUS","ADM1NAME":"Buryat","ISO_A2":"RU","POP_MAX":360278,"POP_MIN":347976,"LATITUDE":51.824988,"LONGITUDE":107.624996,"MEGACITY":0,"WORLDCITY":0},"geometry":{"type":"Point","coordinates":[107.624996,51.824988]}},{"type":"Feature","properties":{"NAME":"Bobo Dioulasso","NAMEASCII":"Bobo Dioulasso","ADM0NAME":"Burkina Faso","ADM0_A3":"BFA","ADM1NAME":"Houet","ISO_A2":"BF","POP_MAX":360106,"POP_MIN":331964,"LATITUDE":11.179975,"LONGITUDE":-4.289981,"MEGACITY":0,"WORLDCITY":0},"geometry":{"type":"Point","coordinates":[-4.289981,11.179975]}},{"type":"Feature","properties":{"NAME":"Lublin","NAMEASCII":"Lublin","ADM0NAME":"Poland","ADM0_A3":"POL","ADM1NAME":"Lublin","ISO_A2":"PL","POP_MAX":360044,"POP_MIN":355958,"LATITUDE":51.250398,"LONGITUDE":22.57272,"MEGACITY":0,"WORLDCITY":0},"geometry":{"type":"Point","coordinates":[22.57272,51.250398]}},{"type":"Feature","properties":{"NAME":"Halifax","NAMEASCII":"Halifax","ADM0NAME":"Canada","ADM0_A3":"CAN","ADM1NAME":"Nova Scotia","ISO_A2":"CA","POP_MAX":359111,"POP_MIN":222874,"LATITUDE":44.650025,"LONGITUDE":-63.600005,"MEGACITY":0,"WORLDCITY":0},"geometry":{"type":"Point","coordinates":[-63.600004,44.650025]}},{"type":"Feature","properties":{"NAME":"Augsburg","NAMEASCII":"Augsburg","ADM0NAME":"Germany","ADM0_A3":"DEU","ADM1NAME":"Bayern","ISO_A2":"DE","POP_MAX":358989,"POP_MIN":259196,"LATITUDE":48.350006,"LONGITUDE":10.899996,"MEGACITY":0,"WORLDCITY":0},"geometry":{"type":"Point","coordinates":[10.899996,48.350006]}},{"type":"Feature","properties":{"NAME":"Sungai Petani","NAMEASCII":"Sungai Petani","ADM0NAME":"Malaysia","ADM0_A3":"MYS","ADM1NAME":"Kedah","ISO_A2":"MY","POP_MAX":358499,"POP_MIN":228843,"LATITUDE":5.649718,"LONGITUDE":100.479334,"MEGACITY":0,"WORLDCITY":0},"geometry":{"type":"Point","coordinates":[100.479334,5.649718]}},{"type":"Feature","properties":{"NAME":"Ad Diwaniyah","NAMEASCII":"Ad Diwaniyah","ADM0NAME":"Iraq","ADM0_A3":"IRQ","ADM1NAME":"Al-Qadisiyah","ISO_A2":"IQ","POP_MAX":358408,"POP_MIN":318801,"LATITUDE":31.988938,"LONGITUDE":44.923966,"MEGACITY":0,"WORLDCITY":0},"geometry":{"type":"Point","coordinates":[44.923966,31.988938]}},{"type":"Feature","properties":{"NAME":"Taraz","NAMEASCII":"Taraz","ADM0NAME":"Kazakhstan","ADM0_A3":"KAZ","ADM1NAME":"Zhambyl","ISO_A2":"KZ","POP_MAX":358153,"POP_MIN":307294,"LATITUDE":42.899977,"LONGITUDE":71.364987,"MEGACITY":0,"WORLDCITY":0},"geometry":{"type":"Point","coordinates":[71.364987,42.899977]}},{"type":"Feature","properties":{"NAME":"Simferopol","NAMEASCII":"Simferopol","ADM0NAME":"Russia","ADM0_A3":"RUS","ADM1NAME":"Crimea","ISO_A2":"RU","POP_MAX":358108,"POP_MIN":253657,"LATITUDE":44.949154,"LONGITUDE":34.098735,"MEGACITY":0,"WORLDCITY":0},"geometry":{"type":"Point","coordinates":[34.098735,44.949154]}},{"type":"Feature","properties":{"NAME":"Toulon","NAMEASCII":"Toulon","ADM0NAME":"France","ADM0_A3":"FRA","ADM1NAME":"Provence-Alpes-Côte-d'Azur","ISO_A2":"FR","POP_MAX":357693,"POP_MIN":168701,"LATITUDE":43.134187,"LONGITUDE":5.918822,"MEGACITY":0,"WORLDCITY":0},"geometry":{"type":"Point","coordinates":[5.918822,43.134186]}},{"type":"Feature","properties":{"NAME":"Zanjan","NAMEASCII":"Zanjan","ADM0NAME":"Iran","ADM0_A3":"IRN","ADM1NAME":"Zanjan","ISO_A2":"IR","POP_MAX":357471,"POP_MIN":352554,"LATITUDE":36.670021,"LONGITUDE":48.500026,"MEGACITY":0,"WORLDCITY":0},"geometry":{"type":"Point","coordinates":[48.500026,36.670021]}},{"type":"Feature","properties":{"NAME":"San Sebastián","NAMEASCII":"San Sebastian","ADM0NAME":"Spain","ADM0_A3":"ESP","ADM1NAME":"País Vasco","ISO_A2":"ES","POP_MAX":357468,"POP_MIN":183528,"LATITUDE":43.320391,"LONGITUDE":-1.979993,"MEGACITY":0,"WORLDCITY":0},"geometry":{"type":"Point","coordinates":[-1.979993,43.320391]}},{"type":"Feature","properties":{"NAME":"Iwaki","NAMEASCII":"Iwaki","ADM0NAME":"Japan","ADM0_A3":"JPN","ADM1NAME":"Fukushima","ISO_A2":"JP","POP_MAX":357309,"POP_MIN":292045,"LATITUDE":37.055347,"LONGITUDE":140.890046,"MEGACITY":0,"WORLDCITY":0},"geometry":{"type":"Point","coordinates":[140.890046,37.055347]}},{"type":"Feature","properties":{"NAME":"Encarnación","NAMEASCII":"Encarnacion","ADM0NAME":"Paraguay","ADM0_A3":"PRY","ADM1NAME":"Itapúa","ISO_A2":"PY","POP_MAX":357119,"POP_MIN":146508,"LATITUDE":-27.347185,"LONGITUDE":-55.873919,"MEGACITY":0,"WORLDCITY":0},"geometry":{"type":"Point","coordinates":[-55.873919,-27.347185]}},{"type":"Feature","properties":{"NAME":"Posadas","NAMEASCII":"Posadas","ADM0NAME":"Argentina","ADM0_A3":"ARG","ADM1NAME":"Misiones","ISO_A2":"AR","POP_MAX":357119,"POP_MIN":312060,"LATITUDE":-27.357832,"LONGITUDE":-55.885107,"MEGACITY":0,"WORLDCITY":0},"geometry":{"type":"Point","coordinates":[-55.885107,-27.357832]}},{"type":"Feature","properties":{"NAME":"Provo","NAMEASCII":"Provo","ADM0NAME":"United States of America","ADM0_A3":"USA","ADM1NAME":"Utah","ISO_A2":"US","POP_MAX":356712,"POP_MIN":105764,"LATITUDE":40.248899,"LONGITUDE":-111.63777,"MEGACITY":0,"WORLDCITY":0},"geometry":{"type":"Point","coordinates":[-111.63777,40.248899]}},{"type":"Feature","properties":{"NAME":"Cà Mau","NAMEASCII":"Ca Mau","ADM0NAME":"Vietnam","ADM0_A3":"VNM","ADM1NAME":"Cà Mau","ISO_A2":"VN","POP_MAX":356636,"POP_MIN":204895,"LATITUDE":9.177358,"LONGITUDE":105.150005,"MEGACITY":0,"WORLDCITY":0},"geometry":{"type":"Point","coordinates":[105.150005,9.177358]}},{"type":"Feature","properties":{"NAME":"Asahikawa","NAMEASCII":"Asahikawa","ADM0NAME":"Japan","ADM0_A3":"JPN","ADM1NAME":"Hokkaido","ISO_A2":"JP","POP_MAX":356612,"POP_MIN":325547,"LATITUDE":43.755015,"LONGITUDE":142.379981,"MEGACITY":0,"WORLDCITY":0},"geometry":{"type":"Point","coordinates":[142.379981,43.755015]}},{"type":"Feature","properties":{"NAME":"Mirpur Khas","NAMEASCII":"Mirput Khas","ADM0NAME":"Pakistan","ADM0_A3":"PAK","ADM1NAME":"Sind","ISO_A2":"PK","POP_MAX":356435,"POP_MIN":215657,"LATITUDE":25.531787,"LONGITUDE":69.011798,"MEGACITY":0,"WORLDCITY":0},"geometry":{"type":"Point","coordinates":[69.011798,25.531786]}},{"type":"Feature","properties":{"NAME":"Archangel","NAMEASCII":"Archangel","ADM0NAME":"Russia","ADM0_A3":"RUS","ADM1NAME":"Arkhangel'sk","ISO_A2":"RU","POP_MAX":356051,"POP_MIN":234322,"LATITUDE":64.574959,"LONGITUDE":40.545008,"MEGACITY":0,"WORLDCITY":0},"geometry":{"type":"Point","coordinates":[40.545008,64.574959]}},{"type":"Feature","properties":{"NAME":"Wafangdian","NAMEASCII":"Wafangdian","ADM0NAME":"China","ADM0_A3":"CHN","ADM1NAME":"Liaoning","ISO_A2":"CN","POP_MAX":355844,"POP_MIN":250591,"LATITUDE":39.625913,"LONGITUDE":121.995954,"MEGACITY":0,"WORLDCITY":0},"geometry":{"type":"Point","coordinates":[121.995954,39.625913]}},{"type":"Feature","properties":{"NAME":"Ambon","NAMEASCII":"Ambon","ADM0NAME":"Indonesia","ADM0_A3":"IDN","ADM1NAME":"Maluku","ISO_A2":"ID","POP_MAX":355596,"POP_MIN":99526,"LATITUDE":-3.716687,"LONGITUDE":128.20002,"MEGACITY":0,"WORLDCITY":0},"geometry":{"type":"Point","coordinates":[128.200019,-3.716687]}},{"type":"Feature","properties":{"NAME":"Orizaba","NAMEASCII":"Orizaba","ADM0NAME":"Mexico","ADM0_A3":"MEX","ADM1NAME":"Veracruz","ISO_A2":"MX","POP_MAX":355333,"POP_MIN":121348,"LATITUDE":18.850024,"LONGITUDE":-97.129999,"MEGACITY":0,"WORLDCITY":0},"geometry":{"type":"Point","coordinates":[-97.129999,18.850024]}},{"type":"Feature","properties":{"NAME":"Longxi","NAMEASCII":"Longxi","ADM0NAME":"China","ADM0_A3":"CHN","ADM1NAME":"Gansu","ISO_A2":"CN","POP_MAX":355037,"POP_MIN":355037,"LATITUDE":35.04764,"LONGITUDE":104.639442,"MEGACITY":0,"WORLDCITY":0},"geometry":{"type":"Point","coordinates":[104.671479,35.002721]}},{"type":"Feature","properties":{"NAME":"Santiago del Estero","NAMEASCII":"Santiago del Estero","ADM0NAME":"Argentina","ADM0_A3":"ARG","ADM1NAME":"Santiago del Estero","ISO_A2":"AR","POP_MAX":354692,"POP_MIN":280407,"LATITUDE":-27.783331,"LONGITUDE":-64.266656,"MEGACITY":0,"WORLDCITY":0},"geometry":{"type":"Point","coordinates":[-64.266656,-27.783331]}},{"type":"Feature","properties":{"NAME":"Mito","NAMEASCII":"Mito","ADM0NAME":"Japan","ADM0_A3":"JPN","ADM1NAME":"Ibaraki","ISO_A2":"JP","POP_MAX":353892,"POP_MIN":246538,"LATITUDE":36.370427,"LONGITUDE":140.480045,"MEGACITY":0,"WORLDCITY":0},"geometry":{"type":"Point","coordinates":[140.480045,36.370427]}},{"type":"Feature","properties":{"NAME":"Safi","NAMEASCII":"Safi","ADM0NAME":"Morocco","ADM0_A3":"MAR","ADM1NAME":"Doukkala - Abda","ISO_A2":"MA","POP_MAX":353476,"POP_MIN":288163,"LATITUDE":32.319977,"LONGITUDE":-9.239989,"MEGACITY":0,"WORLDCITY":0},"geometry":{"type":"Point","coordinates":[-9.239989,32.319977]}},{"type":"Feature","properties":{"NAME":"Eldoret","NAMEASCII":"Eldoret","ADM0NAME":"Kenya","ADM0_A3":"KEN","ADM1NAME":"Rift Valley","ISO_A2":"KE","POP_MAX":353381,"POP_MIN":218446,"LATITUDE":0.520006,"LONGITUDE":35.269981,"MEGACITY":0,"WORLDCITY":0},"geometry":{"type":"Point","coordinates":[35.269981,0.520006]}},{"type":"Feature","properties":{"NAME":"Rahim Yar Khan","NAMEASCII":"Rahim Yar Khan","ADM0NAME":"Pakistan","ADM0_A3":"PAK","ADM1NAME":"Punjab","ISO_A2":"PK","POP_MAX":353203,"POP_MIN":353203,"LATITUDE":28.420241,"LONGITUDE":70.295182,"MEGACITY":0,"WORLDCITY":0},"geometry":{"type":"Point","coordinates":[70.295182,28.420241]}},{"type":"Feature","properties":{"NAME":"Neiva","NAMEASCII":"Neiva","ADM0NAME":"Colombia","ADM0_A3":"COL","ADM1NAME":"Huila","ISO_A2":"CO","POP_MAX":352855,"POP_MIN":284277,"LATITUDE":2.931047,"LONGITUDE":-75.330245,"MEGACITY":0,"WORLDCITY":0},"geometry":{"type":"Point","coordinates":[-75.330245,2.931047]}},{"type":"Feature","properties":{"NAME":"Vinnytsya","NAMEASCII":"Vinnytsya","ADM0NAME":"Ukraine","ADM0_A3":"UKR","ADM1NAME":"Vinnytsya","ISO_A2":"UA","POP_MAX":352115,"POP_MIN":347139,"LATITUDE":49.225379,"LONGITUDE":28.481558,"MEGACITY":0,"WORLDCITY":0},"geometry":{"type":"Point","coordinates":[28.481558,49.225379]}},{"type":"Feature","properties":{"NAME":"Greenville","NAMEASCII":"Greenville","ADM0NAME":"United States of America","ADM0_A3":"USA","ADM1NAME":"South Carolina","ISO_A2":"US","POP_MAX":350954,"POP_MIN":55559,"LATITUDE":34.852923,"LONGITUDE":-82.394155,"MEGACITY":0,"WORLDCITY":0},"geometry":{"type":"Point","coordinates":[-82.394154,34.852923]}},{"type":"Feature","properties":{"NAME":"Hualien","NAMEASCII":"Hualien","ADM0NAME":"Taiwan","ADM0_A3":"TWN","ADM1NAME":"Hualien","ISO_A2":"TW","POP_MAX":350468,"POP_MIN":108658,"LATITUDE":23.983742,"LONGITUDE":121.600009,"MEGACITY":0,"WORLDCITY":0},"geometry":{"type":"Point","coordinates":[121.600009,23.983742]}},{"type":"Feature","properties":{"NAME":"Kuala Terengganu","NAMEASCII":"Kuala Terengganu","ADM0NAME":"Malaysia","ADM0_A3":"MYS","ADM1NAME":"Trengganu","ISO_A2":"MY","POP_MAX":350210,"POP_MIN":285065,"LATITUDE":5.33041,"LONGITUDE":103.12,"MEGACITY":0,"WORLDCITY":0},"geometry":{"type":"Point","coordinates":[103.12,5.33041]}},{"type":"Feature","properties":{"NAME":"Evanston","NAMEASCII":"Evanston","ADM0NAME":"United States of America","ADM0_A3":"USA","ADM1NAME":"Illinois","ISO_A2":"US","POP_MAX":350000,"POP_MIN":74486,"LATITUDE":42.048349,"LONGITUDE":-87.699955,"MEGACITY":0,"WORLDCITY":0},"geometry":{"type":"Point","coordinates":[-87.699955,42.048349]}},{"type":"Feature","properties":{"NAME":"Yumen","NAMEASCII":"Yumen","ADM0NAME":"China","ADM0_A3":"CHN","ADM1NAME":"Gansu","ISO_A2":"CN","POP_MAX":350000,"POP_MIN":116194,"LATITUDE":39.830035,"LONGITUDE":97.729993,"MEGACITY":0,"WORLDCITY":0},"geometry":{"type":"Point","coordinates":[97.729993,39.830035]}},{"type":"Feature","properties":{"NAME":"Aurora","NAMEASCII":"Aurora","ADM0NAME":"United States of America","ADM0_A3":"USA","ADM1NAME":"Illinois","ISO_A2":"US","POP_MAX":350000,"POP_MIN":197899,"LATITUDE":41.765395,"LONGITUDE":-88.299996,"MEGACITY":0,"WORLDCITY":0},"geometry":{"type":"Point","coordinates":[-88.299996,41.765395]}},{"type":"Feature","properties":{"NAME":"Qoqon","NAMEASCII":"Qoqon","ADM0NAME":"Uzbekistan","ADM0_A3":"UZB","ADM1NAME":"Ferghana","ISO_A2":"UZ","POP_MAX":350000,"POP_MIN":192500,"LATITUDE":40.540405,"LONGITUDE":70.94,"MEGACITY":0,"WORLDCITY":0},"geometry":{"type":"Point","coordinates":[70.94,40.540405]}},{"type":"Feature","properties":{"NAME":"Việt Trì","NAMEASCII":"Viet Tri","ADM0NAME":"Vietnam","ADM0_A3":"VNM","ADM1NAME":"Phú Th?","ISO_A2":"VN","POP_MAX":350000,"POP_MIN":260288,"LATITUDE":21.330415,"LONGITUDE":105.429988,"MEGACITY":0,"WORLDCITY":0},"geometry":{"type":"Point","coordinates":[105.429988,21.330415]}},{"type":"Feature","properties":{"NAME":"Long Xuyen","NAMEASCII":"Long Xuyen","ADM0NAME":"Vietnam","ADM0_A3":"VNM","ADM1NAME":"An Giang","ISO_A2":"VN","POP_MAX":350000,"POP_MIN":158153,"LATITUDE":10.380386,"LONGITUDE":105.420015,"MEGACITY":0,"WORLDCITY":0},"geometry":{"type":"Point","coordinates":[105.420015,10.380386]}},{"type":"Feature","properties":{"NAME":"Haarlem","NAMEASCII":"Haarlem","ADM0NAME":"Netherlands","ADM0_A3":"NLD","ADM1NAME":"Noord-Holland","ISO_A2":"NL","POP_MAX":349957,"POP_MIN":147590,"LATITUDE":52.380432,"LONGITUDE":4.629991,"MEGACITY":0,"WORLDCITY":0},"geometry":{"type":"Point","coordinates":[4.629991,52.380432]}},{"type":"Feature","properties":{"NAME":"Buon Me Thuot","NAMEASCII":"Buon Me Thuot","ADM0NAME":"Vietnam","ADM0_A3":"VNM","ADM1NAME":"Dak Lak","ISO_A2":"VN","POP_MAX":349945,"POP_MIN":146975,"LATITUDE":12.667042,"LONGITUDE":108.049983,"MEGACITY":0,"WORLDCITY":0},"geometry":{"type":"Point","coordinates":[108.049983,12.667042]}},{"type":"Feature","properties":{"NAME":"Chimbote","NAMEASCII":"Chimbote","ADM0NAME":"Peru","ADM0_A3":"PER","ADM1NAME":"Ancash","ISO_A2":"PE","POP_MAX":349846,"POP_MIN":316966,"LATITUDE":-9.070003,"LONGITUDE":-78.569995,"MEGACITY":0,"WORLDCITY":0},"geometry":{"type":"Point","coordinates":[-78.569995,-9.070003]}},{"type":"Feature","properties":{"NAME":"Muzaffarnagar","NAMEASCII":"Muzaffarnagar","ADM0NAME":"India","ADM0_A3":"IND","ADM1NAME":"Uttar Pradesh","ISO_A2":"IN","POP_MAX":349706,"POP_MIN":349706,"LATITUDE":29.485008,"LONGITUDE":77.69504,"MEGACITY":0,"WORLDCITY":0},"geometry":{"type":"Point","coordinates":[77.69504,29.485008]}},{"type":"Feature","properties":{"NAME":"Nuevo Laredo","NAMEASCII":"Nuevo Laredo","ADM0NAME":"Mexico","ADM0_A3":"MEX","ADM1NAME":"Tamaulipas","ISO_A2":"MX","POP_MAX":349550,"POP_MIN":160755,"LATITUDE":27.499987,"LONGITUDE":-99.550007,"MEGACITY":0,"WORLDCITY":0},"geometry":{"type":"Point","coordinates":[-99.550007,27.499987]}},{"type":"Feature","properties":{"NAME":"Sanandaj","NAMEASCII":"Sanandaj","ADM0NAME":"Iran","ADM0_A3":"IRN","ADM1NAME":"Kordestan","ISO_A2":"IR","POP_MAX":349176,"POP_MIN":314420,"LATITUDE":35.300002,"LONGITUDE":47.020013,"MEGACITY":0,"WORLDCITY":0},"geometry":{"type":"Point","coordinates":[47.020013,35.300002]}},{"type":"Feature","properties":{"NAME":"Linz","NAMEASCII":"Linz","ADM0NAME":"Austria","ADM0_A3":"AUT","ADM1NAME":"Oberösterreich","ISO_A2":"AT","POP_MAX":349161,"POP_MIN":181162,"LATITUDE":48.319233,"LONGITUDE":14.288781,"MEGACITY":0,"WORLDCITY":0},"geometry":{"type":"Point","coordinates":[14.288781,48.319233]}},{"type":"Feature","properties":{"NAME":"Mbombela","NAMEASCII":"Mbombela","ADM0NAME":"South Africa","ADM0_A3":"ZAF","ADM1NAME":"Mpumalanga","ISO_A2":"ZA","POP_MAX":348138,"POP_MIN":21540,"LATITUDE":-25.469622,"LONGITUDE":30.980011,"MEGACITY":0,"WORLDCITY":0},"geometry":{"type":"Point","coordinates":[30.98001,-25.469622]}},{"type":"Feature","properties":{"NAME":"Spokane","NAMEASCII":"Spokane","ADM0NAME":"United States of America","ADM0_A3":"USA","ADM1NAME":"Washington","ISO_A2":"US","POP_MAX":347705,"POP_MIN":197262,"LATITUDE":47.669996,"LONGITUDE":-117.419949,"MEGACITY":0,"WORLDCITY":0},"geometry":{"type":"Point","coordinates":[-117.419949,47.669996]}},{"type":"Feature","properties":{"NAME":"Camagüey","NAMEASCII":"Camaguey","ADM0NAME":"Cuba","ADM0_A3":"CUB","ADM1NAME":"Camagüey","ISO_A2":"CU","POP_MAX":347562,"POP_MIN":295605,"LATITUDE":21.380825,"LONGITUDE":-77.916934,"MEGACITY":0,"WORLDCITY":0},"geometry":{"type":"Point","coordinates":[-77.916934,21.380825]}},{"type":"Feature","properties":{"NAME":"Verona","NAMEASCII":"Verona","ADM0NAME":"Italy","ADM0_A3":"ITA","ADM1NAME":"Veneto","ISO_A2":"IT","POP_MAX":347459,"POP_MIN":253208,"LATITUDE":45.44039,"LONGITUDE":10.990016,"MEGACITY":0,"WORLDCITY":0},"geometry":{"type":"Point","coordinates":[10.990016,45.44039]}},{"type":"Feature","properties":{"NAME":"London","NAMEASCII":"London","ADM0NAME":"Canada","ADM0_A3":"CAN","ADM1NAME":"Ontario","ISO_A2":"CA","POP_MAX":346765,"POP_MIN":335035,"LATITUDE":42.969999,"LONGITUDE":-81.249987,"MEGACITY":0,"WORLDCITY":0},"geometry":{"type":"Point","coordinates":[-81.249987,42.969999]}},{"type":"Feature","properties":{"NAME":"Nur-Sultan","NAMEASCII":"Astana","ADM0NAME":"Kazakhstan","ADM0_A3":"KAZ","ADM1NAME":"Aqmola","ISO_A2":"KZ","POP_MAX":345604,"POP_MIN":325021,"LATITUDE":51.181125,"LONGITUDE":71.427774,"MEGACITY":0,"WORLDCITY":0},"geometry":{"type":"Point","coordinates":[71.427774,51.181125]}},{"type":"Feature","properties":{"NAME":"Mérida","NAMEASCII":"Merida","ADM0NAME":"Venezuela","ADM0_A3":"VEN","ADM1NAME":"Mérida","ISO_A2":"VE","POP_MAX":345489,"POP_MIN":204879,"LATITUDE":8.39999,"LONGITUDE":-71.13001,"MEGACITY":0,"WORLDCITY":0},"geometry":{"type":"Point","coordinates":[-71.182522,8.56952]}},{"type":"Feature","properties":{"NAME":"Charleroi","NAMEASCII":"Charleroi","ADM0NAME":"Belgium","ADM0_A3":"BEL","ADM1NAME":"Charleroi","ISO_A2":"BE","POP_MAX":345367,"POP_MIN":200132,"LATITUDE":50.420397,"LONGITUDE":4.450002,"MEGACITY":0,"WORLDCITY":0},"geometry":{"type":"Point","coordinates":[4.450002,50.420397]}},{"type":"Feature","properties":{"NAME":"Belgorod","NAMEASCII":"Belgorod","ADM0NAME":"Russia","ADM0_A3":"RUS","ADM1NAME":"Belgorod","ISO_A2":"RU","POP_MAX":345289,"POP_MIN":310720,"LATITUDE":50.629996,"LONGITUDE":36.599926,"MEGACITY":0,"WORLDCITY":0},"geometry":{"type":"Point","coordinates":[36.599926,50.629996]}},{"type":"Feature","properties":{"NAME":"Kosti","NAMEASCII":"Kosti","ADM0NAME":"Sudan","ADM0_A3":"SDN","ADM1NAME":"White Nile","ISO_A2":"SD","POP_MAX":345068,"POP_MIN":203858,"LATITUDE":13.169983,"LONGITUDE":32.660011,"MEGACITY":0,"WORLDCITY":0},"geometry":{"type":"Point","coordinates":[32.660011,13.169983]}},{"type":"Feature","properties":{"NAME":"Al Amarah","NAMEASCII":"Al Amarah","ADM0NAME":"Iraq","ADM0_A3":"IRQ","ADM1NAME":"Maysan","ISO_A2":"IQ","POP_MAX":345007,"POP_MIN":323302,"LATITUDE":31.841608,"LONGITUDE":47.151168,"MEGACITY":0,"WORLDCITY":0},"geometry":{"type":"Point","coordinates":[47.151168,31.841608]}},{"type":"Feature","properties":{"NAME":"Maebashi","NAMEASCII":"Maebashi","ADM0NAME":"Japan","ADM0_A3":"JPN","ADM1NAME":"Gunma","ISO_A2":"JP","POP_MAX":344871,"POP_MIN":282711,"LATITUDE":36.3927,"LONGITUDE":139.072689,"MEGACITY":0,"WORLDCITY":0},"geometry":{"type":"Point","coordinates":[139.072689,36.3927]}},{"type":"Feature","properties":{"NAME":"Kurgan","NAMEASCII":"Kurgan","ADM0NAME":"Russia","ADM0_A3":"RUS","ADM1NAME":"Kurgan","ISO_A2":"RU","POP_MAX":343129,"POP_MIN":315670,"LATITUDE":55.45996,"LONGITUDE":65.344993,"MEGACITY":0,"WORLDCITY":0},"geometry":{"type":"Point","coordinates":[65.344993,55.45996]}},{"type":"Feature","properties":{"NAME":"Kohat","NAMEASCII":"Kohat","ADM0NAME":"Pakistan","ADM0_A3":"PAK","ADM1NAME":"N.W.F.P.","ISO_A2":"PK","POP_MAX":343027,"POP_MIN":151427,"LATITUDE":33.602689,"LONGITUDE":71.432684,"MEGACITY":0,"WORLDCITY":0},"geometry":{"type":"Point","coordinates":[71.432683,33.602689]}},{"type":"Feature","properties":{"NAME":"Vitsyebsk","NAMEASCII":"Vitsyebsk","ADM0NAME":"Belarus","ADM0_A3":"BLR","ADM1NAME":"Vitsyebsk","ISO_A2":"BY","POP_MAX":342700,"POP_MIN":323937,"LATITUDE":55.18871,"LONGITUDE":30.18533,"MEGACITY":0,"WORLDCITY":0},"geometry":{"type":"Point","coordinates":[30.18533,55.18871]}},{"type":"Feature","properties":{"NAME":"Piracicaba","NAMEASCII":"Piracicaba","ADM0NAME":"Brazil","ADM0_A3":"BRA","ADM1NAME":"São Paulo","ISO_A2":"BR","POP_MAX":342209,"POP_MIN":316851,"LATITUDE":-22.709998,"LONGITUDE":-47.639997,"MEGACITY":0,"WORLDCITY":0},"geometry":{"type":"Point","coordinates":[-47.641127,-22.729659]}},{"type":"Feature","properties":{"NAME":"Yeosu","NAMEASCII":"Yeosu","ADM0NAME":"South Korea","ADM0_A3":"KOR","ADM1NAME":"Gwangju","ISO_A2":"KR","POP_MAX":341994,"POP_MIN":262290,"LATITUDE":34.73678,"LONGITUDE":127.745835,"MEGACITY":0,"WORLDCITY":0},"geometry":{"type":"Point","coordinates":[127.745835,34.73678]}},{"type":"Feature","properties":{"NAME":"Jhang","NAMEASCII":"Jhang","ADM0NAME":"Pakistan","ADM0_A3":"PAK","ADM1NAME":"Punjab","ISO_A2":"PK","POP_MAX":341210,"POP_MIN":341210,"LATITUDE":31.280376,"LONGITUDE":72.32498,"MEGACITY":0,"WORLDCITY":0},"geometry":{"type":"Point","coordinates":[72.32498,31.280376]}},{"type":"Feature","properties":{"NAME":"Pematangsiantar","NAMEASCII":"Pematangsiantar","ADM0NAME":"Indonesia","ADM0_A3":"IDN","ADM1NAME":"Sumatera Utara","ISO_A2":"ID","POP_MAX":341200,"POP_MIN":209614,"LATITUDE":2.961433,"LONGITUDE":99.061488,"MEGACITY":0,"WORLDCITY":0},"geometry":{"type":"Point","coordinates":[99.061488,2.961433]}},{"type":"Feature","properties":{"NAME":"Arusha","NAMEASCII":"Arusha","ADM0NAME":"Tanzania","ADM0_A3":"TZA","ADM1NAME":"Arusha","ISO_A2":"TZ","POP_MAX":341136,"POP_MIN":320074,"LATITUDE":-3.360016,"LONGITUDE":36.669999,"MEGACITY":0,"WORLDCITY":0},"geometry":{"type":"Point","coordinates":[36.669999,-3.360016]}},{"type":"Feature","properties":{"NAME":"Corrientes","NAMEASCII":"Corrientes","ADM0NAME":"Argentina","ADM0_A3":"ARG","ADM1NAME":"Corrientes","ISO_A2":"AR","POP_MAX":340823,"POP_MIN":339067,"LATITUDE":-27.489964,"LONGITUDE":-58.809987,"MEGACITY":0,"WORLDCITY":0},"geometry":{"type":"Point","coordinates":[-58.809987,-27.489964]}},{"type":"Feature","properties":{"NAME":"Kōriyama","NAMEASCII":"Koriyama","ADM0NAME":"Japan","ADM0_A3":"JPN","ADM1NAME":"Fukushima","ISO_A2":"JP","POP_MAX":340560,"POP_MIN":264602,"LATITUDE":37.409976,"LONGITUDE":140.38,"MEGACITY":0,"WORLDCITY":0},"geometry":{"type":"Point","coordinates":[140.38,37.409976]}},{"type":"Feature","properties":{"NAME":"Plovdiv","NAMEASCII":"Plovdiv","ADM0NAME":"Bulgaria","ADM0_A3":"BGR","ADM1NAME":"Plovdiv","ISO_A2":"BG","POP_MAX":340494,"POP_MIN":297685,"LATITUDE":42.153976,"LONGITUDE":24.753982,"MEGACITY":0,"WORLDCITY":0},"geometry":{"type":"Point","coordinates":[24.753982,42.153976]}},{"type":"Feature","properties":{"NAME":"Chitungwiza","NAMEASCII":"Chitungwiza","ADM0NAME":"Zimbabwe","ADM0_A3":"ZWE","ADM1NAME":"Harare","ISO_A2":"ZW","POP_MAX":340360,"POP_MIN":321782,"LATITUDE":-18.000001,"LONGITUDE":31.100003,"MEGACITY":0,"WORLDCITY":0},"geometry":{"type":"Point","coordinates":[31.100003,-18.000001]}},{"type":"Feature","properties":{"NAME":"Yaan","NAMEASCII":"Yaan","ADM0NAME":"China","ADM0_A3":"CHN","ADM1NAME":"Sichuan","ISO_A2":"CN","POP_MAX":340000,"POP_MIN":340000,"LATITUDE":29.98043,"LONGITUDE":103.080002,"MEGACITY":0,"WORLDCITY":0},"geometry":{"type":"Point","coordinates":[103.080002,29.98043]}},{"type":"Feature","properties":{"NAME":"Tieling","NAMEASCII":"Tieling","ADM0NAME":"China","ADM0_A3":"CHN","ADM1NAME":"Liaoning","ISO_A2":"CN","POP_MAX":340000,"POP_MIN":333907,"LATITUDE":42.300375,"LONGITUDE":123.819977,"MEGACITY":0,"WORLDCITY":0},"geometry":{"type":"Point","coordinates":[123.819977,42.300375]}},{"type":"Feature","properties":{"NAME":"Irapuato","NAMEASCII":"Irapuato","ADM0NAME":"Mexico","ADM0_A3":"MEX","ADM1NAME":"Guanajuato","ISO_A2":"MX","POP_MAX":339554,"POP_MIN":339554,"LATITUDE":20.670016,"LONGITUDE":-101.499991,"MEGACITY":0,"WORLDCITY":0},"geometry":{"type":"Point","coordinates":[-101.350877,20.676042]}},{"type":"Feature","properties":{"NAME":"Kaluga","NAMEASCII":"Kaluga","ADM0NAME":"Russia","ADM0_A3":"RUS","ADM1NAME":"Kaluga","ISO_A2":"RU","POP_MAX":338978,"POP_MIN":288489,"LATITUDE":54.520379,"LONGITUDE":36.270024,"MEGACITY":0,"WORLDCITY":0},"geometry":{"type":"Point","coordinates":[36.270024,54.520379]}},{"type":"Feature","properties":{"NAME":"East London","NAMEASCII":"East London","ADM0NAME":"South Africa","ADM0_A3":"ZAF","ADM1NAME":"Eastern Cape","ISO_A2":"ZA","POP_MAX":338627,"POP_MIN":338627,"LATITUDE":-32.970043,"LONGITUDE":27.87002,"MEGACITY":0,"WORLDCITY":0},"geometry":{"type":"Point","coordinates":[27.87002,-32.970043]}},{"type":"Feature","properties":{"NAME":"Kaesong","NAMEASCII":"Kaesong","ADM0NAME":"North Korea","ADM0_A3":"PRK","ADM1NAME":"Kaesong","ISO_A2":"KP","POP_MAX":338155,"POP_MIN":272512,"LATITUDE":37.963999,"LONGITUDE":126.564409,"MEGACITY":0,"WORLDCITY":0},"geometry":{"type":"Point","coordinates":[126.564409,37.963999]}},{"type":"Feature","properties":{"NAME":"Boise","NAMEASCII":"Boise","ADM0NAME":"United States of America","ADM0_A3":"USA","ADM1NAME":"Idaho","ISO_A2":"US","POP_MAX":338071,"POP_MIN":145987,"LATITUDE":43.60859,"LONGITUDE":-116.22749,"MEGACITY":0,"WORLDCITY":0},"geometry":{"type":"Point","coordinates":[-116.22749,43.60859]}},{"type":"Feature","properties":{"NAME":"Ciudad Bolívar","NAMEASCII":"Ciudad Bolivar","ADM0NAME":"Venezuela","ADM0_A3":"VEN","ADM1NAME":"Bolívar","ISO_A2":"VE","POP_MAX":338000,"POP_MIN":297943,"LATITUDE":8.099982,"LONGITUDE":-63.600005,"MEGACITY":0,"WORLDCITY":0},"geometry":{"type":"Point","coordinates":[-63.600004,8.099982]}},{"type":"Feature","properties":{"NAME":"Kawagoe","NAMEASCII":"Kawagoe","ADM0NAME":"Japan","ADM0_A3":"JPN","ADM1NAME":"Saitama","ISO_A2":"JP","POP_MAX":337931,"POP_MIN":337931,"LATITUDE":35.91769,"LONGITUDE":139.491062,"MEGACITY":0,"WORLDCITY":0},"geometry":{"type":"Point","coordinates":[139.491062,35.91769]}},{"type":"Feature","properties":{"NAME":"Lalitpur","NAMEASCII":"Lalitpur","ADM0NAME":"Nepal","ADM0_A3":"NPL","ADM1NAME":"Bhaktapur","ISO_A2":"NP","POP_MAX":337785,"POP_MIN":44632,"LATITUDE":27.666618,"LONGITUDE":85.333334,"MEGACITY":0,"WORLDCITY":0},"geometry":{"type":"Point","coordinates":[85.333334,27.666618]}},{"type":"Feature","properties":{"NAME":"Phan Thiet","NAMEASCII":"Phan Thiet","ADM0NAME":"Vietnam","ADM0_A3":"VNM","ADM1NAME":"Bình Thu?n","ISO_A2":"VN","POP_MAX":336846,"POP_MIN":160652,"LATITUDE":10.933737,"LONGITUDE":108.100058,"MEGACITY":0,"WORLDCITY":0},"geometry":{"type":"Point","coordinates":[108.100058,10.933737]}},{"type":"Feature","properties":{"NAME":"Alor Setar","NAMEASCII":"Alor Setar","ADM0NAME":"Malaysia","ADM0_A3":"MYS","ADM1NAME":"Kedah","ISO_A2":"MY","POP_MAX":336475,"POP_MIN":217368,"LATITUDE":6.113308,"LONGITUDE":100.372933,"MEGACITY":0,"WORLDCITY":0},"geometry":{"type":"Point","coordinates":[100.372933,6.113308]}},{"type":"Feature","properties":{"NAME":"Santa Cruz de Tenerife","NAMEASCII":"Santa Cruz de Tenerife","ADM0NAME":"Spain","ADM0_A3":"ESP","ADM1NAME":null,"ISO_A2":"ES","POP_MAX":336061,"POP_MIN":222190,"LATITUDE":28.469979,"LONGITUDE":-16.250001,"MEGACITY":0,"WORLDCITY":0},"geometry":{"type":"Point","coordinates":[-16.250001,28.469979]}},{"type":"Feature","properties":{"NAME":"Gijón","NAMEASCII":"Gijon","ADM0NAME":"Spain","ADM0_A3":"ESP","ADM1NAME":"Principado de Asturias","ISO_A2":"ES","POP_MAX":335972,"POP_MIN":271452,"LATITUDE":43.530016,"LONGITUDE":-5.67,"MEGACITY":0,"WORLDCITY":0},"geometry":{"type":"Point","coordinates":[-5.67,43.530016]}},{"type":"Feature","properties":{"NAME":"Kōchi","NAMEASCII":"Kochi","ADM0NAME":"Japan","ADM0_A3":"JPN","ADM1NAME":"Kochi","ISO_A2":"JP","POP_MAX":335570,"POP_MIN":310620,"LATITUDE":33.562433,"LONGITUDE":133.537523,"MEGACITY":0,"WORLDCITY":0},"geometry":{"type":"Point","coordinates":[133.537523,33.562433]}},{"type":"Feature","properties":{"NAME":"Salem","NAMEASCII":"Salem","ADM0NAME":"United States of America","ADM0_A3":"USA","ADM1NAME":"Massachusetts","ISO_A2":"US","POP_MAX":335509,"POP_MIN":42455,"LATITUDE":42.522499,"LONGITUDE":-70.883092,"MEGACITY":0,"WORLDCITY":0},"geometry":{"type":"Point","coordinates":[-70.883092,42.522499]}},{"type":"Feature","properties":{"NAME":"Bauru","NAMEASCII":"Bauru","ADM0NAME":"Brazil","ADM0_A3":"BRA","ADM1NAME":"São Paulo","ISO_A2":"BR","POP_MAX":335024,"POP_MIN":280835,"LATITUDE":-22.330021,"LONGITUDE":-49.080012,"MEGACITY":0,"WORLDCITY":0},"geometry":{"type":"Point","coordinates":[-49.080012,-22.330021]}},{"type":"Feature","properties":{"NAME":"Nakhon Ratchasima","NAMEASCII":"Nakhon Ratchasima","ADM0NAME":"Thailand","ADM0_A3":"THA","ADM1NAME":"Nakhon Ratchasima","ISO_A2":"TH","POP_MAX":334984,"POP_MIN":208781,"LATITUDE":15.000026,"LONGITUDE":102.100011,"MEGACITY":0,"WORLDCITY":0},"geometry":{"type":"Point","coordinates":[102.10001,15.000026]}},{"type":"Feature","properties":{"NAME":"Orel","NAMEASCII":"Orel","ADM0NAME":"Russia","ADM0_A3":"RUS","ADM1NAME":"Orel","ISO_A2":"RU","POP_MAX":334552,"POP_MIN":324200,"LATITUDE":52.969957,"LONGITUDE":36.069984,"MEGACITY":0,"WORLDCITY":0},"geometry":{"type":"Point","coordinates":[36.069984,52.969957]}},{"type":"Feature","properties":{"NAME":"Takamatsu","NAMEASCII":"Takamatsu","ADM0NAME":"Japan","ADM0_A3":"JPN","ADM1NAME":"Kagawa","ISO_A2":"JP","POP_MAX":334223,"POP_MIN":325500,"LATITUDE":34.344737,"LONGITUDE":134.044779,"MEGACITY":0,"WORLDCITY":0},"geometry":{"type":"Point","coordinates":[134.044779,34.344737]}},{"type":"Feature","properties":{"NAME":"Sanford","NAMEASCII":"Sanford","ADM0NAME":"United States of America","ADM0_A3":"USA","ADM1NAME":"Florida","ISO_A2":"US","POP_MAX":333460,"POP_MIN":45289,"LATITUDE":28.78996,"LONGITUDE":-81.279985,"MEGACITY":0,"WORLDCITY":0},"geometry":{"type":"Point","coordinates":[-81.279985,28.78996]}},{"type":"Feature","properties":{"NAME":"Muzaffarpur","NAMEASCII":"Muzaffarpur","ADM0NAME":"India","ADM0_A3":"IND","ADM1NAME":"Bihar","ISO_A2":"IN","POP_MAX":333200,"POP_MIN":333200,"LATITUDE":26.120433,"LONGITUDE":85.379946,"MEGACITY":0,"WORLDCITY":0},"geometry":{"type":"Point","coordinates":[85.379946,26.120433]}},{"type":"Feature","properties":{"NAME":"Beni","NAMEASCII":"Beni","ADM0NAME":"Congo (Kinshasa)","ADM0_A3":"COD","ADM1NAME":"Nord-Kivu","ISO_A2":"CD","POP_MAX":332903,"POP_MIN":89648,"LATITUDE":0.490447,"LONGITUDE":29.450026,"MEGACITY":0,"WORLDCITY":0},"geometry":{"type":"Point","coordinates":[29.450026,0.490447]}},{"type":"Feature","properties":{"NAME":"Toyama","NAMEASCII":"Toyama","ADM0NAME":"Japan","ADM0_A3":"JPN","ADM1NAME":"Toyama","ISO_A2":"JP","POP_MAX":332812,"POP_MIN":325532,"LATITUDE":36.699994,"LONGITUDE":137.230011,"MEGACITY":0,"WORLDCITY":0},"geometry":{"type":"Point","coordinates":[137.230011,36.699994]}},{"type":"Feature","properties":{"NAME":"Hangu","NAMEASCII":"Hangu","ADM0NAME":"China","ADM0_A3":"CHN","ADM1NAME":"Tianjin","ISO_A2":"CN","POP_MAX":332793,"POP_MIN":208369,"LATITUDE":39.231958,"LONGITUDE":117.776986,"MEGACITY":0,"WORLDCITY":0},"geometry":{"type":"Point","coordinates":[117.776986,39.231958]}},{"type":"Feature","properties":{"NAME":"Medani","NAMEASCII":"Medani","ADM0NAME":"Sudan","ADM0_A3":"SDN","ADM1NAME":"Gezira","ISO_A2":"SD","POP_MAX":332714,"POP_MIN":284367,"LATITUDE":14.39996,"LONGITUDE":33.520011,"MEGACITY":0,"WORLDCITY":0},"geometry":{"type":"Point","coordinates":[33.52001,14.399959]}},{"type":"Feature","properties":{"NAME":"Montes Claros","NAMEASCII":"Montes Claros","ADM0NAME":"Brazil","ADM0_A3":"BRA","ADM1NAME":"Minas Gerais","ISO_A2":"BR","POP_MAX":332379,"POP_MIN":267665,"LATITUDE":-16.720027,"LONGITUDE":-43.860021,"MEGACITY":0,"WORLDCITY":0},"geometry":{"type":"Point","coordinates":[-43.860021,-16.720027]}},{"type":"Feature","properties":{"NAME":"Bielefeld","NAMEASCII":"Bielefeld","ADM0NAME":"Germany","ADM0_A3":"DEU","ADM1NAME":"Nordrhein-Westfalen","ISO_A2":"DE","POP_MAX":331906,"POP_MIN":291573,"LATITUDE":52.029988,"LONGITUDE":8.530011,"MEGACITY":0,"WORLDCITY":0},"geometry":{"type":"Point","coordinates":[8.530011,52.029988]}},{"type":"Feature","properties":{"NAME":"Bujumbura","NAMEASCII":"Bujumbura","ADM0NAME":"Burundi","ADM0_A3":"BDI","ADM1NAME":"Bujumbura Mairie","ISO_A2":"BI","POP_MAX":331700,"POP_MIN":331700,"LATITUDE":-3.376087,"LONGITUDE":29.360006,"MEGACITY":0,"WORLDCITY":0},"geometry":{"type":"Point","coordinates":[29.360006,-3.376087]}},{"type":"Feature","properties":{"NAME":"Heyuan","NAMEASCII":"Heyuan","ADM0NAME":"China","ADM0_A3":"CHN","ADM1NAME":"Guangdong","ISO_A2":"CN","POP_MAX":330961,"POP_MIN":207600,"LATITUDE":23.730424,"LONGITUDE":114.680018,"MEGACITY":0,"WORLDCITY":0},"geometry":{"type":"Point","coordinates":[114.680018,23.730424]}},{"type":"Feature","properties":{"NAME":"Mathura","NAMEASCII":"Mathura","ADM0NAME":"India","ADM0_A3":"IND","ADM1NAME":"Uttar Pradesh","ISO_A2":"IN","POP_MAX":330511,"POP_MIN":330511,"LATITUDE":27.499987,"LONGITUDE":77.670029,"MEGACITY":0,"WORLDCITY":0},"geometry":{"type":"Point","coordinates":[77.670029,27.499987]}},{"type":"Feature","properties":{"NAME":"Mymensingh","NAMEASCII":"Mymensingh","ADM0NAME":"Bangladesh","ADM0_A3":"BGD","ADM1NAME":"Dhaka","ISO_A2":"BD","POP_MAX":330126,"POP_MIN":330126,"LATITUDE":24.750413,"LONGITUDE":90.380002,"MEGACITY":0,"WORLDCITY":0},"geometry":{"type":"Point","coordinates":[90.380002,24.750413]}},{"type":"Feature","properties":{"NAME":"Baishan","NAMEASCII":"Baishan","ADM0NAME":"China","ADM0_A3":"CHN","ADM1NAME":"Jilin","ISO_A2":"CN","POP_MAX":330000,"POP_MIN":330000,"LATITUDE":41.900012,"LONGITUDE":126.429998,"MEGACITY":0,"WORLDCITY":0},"geometry":{"type":"Point","coordinates":[126.429998,41.900012]}},{"type":"Feature","properties":{"NAME":"Patiala","NAMEASCII":"Patiala","ADM0NAME":"India","ADM0_A3":"IND","ADM1NAME":"Punjab","ISO_A2":"IN","POP_MAX":329224,"POP_MIN":329224,"LATITUDE":30.320409,"LONGITUDE":76.384991,"MEGACITY":0,"WORLDCITY":0},"geometry":{"type":"Point","coordinates":[76.384991,30.320409]}},{"type":"Feature","properties":{"NAME":"Wonsan","NAMEASCII":"Wonsan","ADM0NAME":"North Korea","ADM0_A3":"PRK","ADM1NAME":"Kangwon-do","ISO_A2":"KP","POP_MAX":329207,"POP_MIN":315643,"LATITUDE":39.16049,"LONGITUDE":127.430816,"MEGACITY":0,"WORLDCITY":0},"geometry":{"type":"Point","coordinates":[127.430816,39.160489]}},{"type":"Feature","properties":{"NAME":"Pavlodar","NAMEASCII":"Pavlodar","ADM0NAME":"Kazakhstan","ADM0_A3":"KAZ","ADM1NAME":"Pavlodar","ISO_A2":"KZ","POP_MAX":329002,"POP_MIN":303506,"LATITUDE":52.299998,"LONGITUDE":76.950021,"MEGACITY":0,"WORLDCITY":0},"geometry":{"type":"Point","coordinates":[76.950021,52.299998]}},{"type":"Feature","properties":{"NAME":"Reno","NAMEASCII":"Reno","ADM0NAME":"United States of America","ADM0_A3":"USA","ADM1NAME":"Nevada","ISO_A2":"US","POP_MAX":328585,"POP_MIN":202142,"LATITUDE":39.529976,"LONGITUDE":-119.82001,"MEGACITY":0,"WORLDCITY":0},"geometry":{"type":"Point","coordinates":[-119.82001,39.529976]}},{"type":"Feature","properties":{"NAME":"Maringá","NAMEASCII":"Maringa","ADM0NAME":"Brazil","ADM0_A3":"BRA","ADM1NAME":"Paraná","ISO_A2":"BR","POP_MAX":328335,"POP_MIN":311724,"LATITUDE":-23.409541,"LONGITUDE":-51.929968,"MEGACITY":0,"WORLDCITY":0},"geometry":{"type":"Point","coordinates":[-51.929967,-23.409541]}},{"type":"Feature","properties":{"NAME":"Sagar","NAMEASCII":"Sagar","ADM0NAME":"India","ADM0_A3":"IND","ADM1NAME":"Madhya Pradesh","ISO_A2":"IN","POP_MAX":328240,"POP_MIN":247333,"LATITUDE":23.85039,"LONGITUDE":78.750015,"MEGACITY":0,"WORLDCITY":0},"geometry":{"type":"Point","coordinates":[78.750015,23.85039]}},{"type":"Feature","properties":{"NAME":"Canberra","NAMEASCII":"Canberra","ADM0NAME":"Australia","ADM0_A3":"AUS","ADM1NAME":"Australian Capital Territory","ISO_A2":"AU","POP_MAX":327700,"POP_MIN":234032,"LATITUDE":-35.283029,"LONGITUDE":149.129026,"MEGACITY":0,"WORLDCITY":0},"geometry":{"type":"Point","coordinates":[149.129026,-35.283029]}},{"type":"Feature","properties":{"NAME":"Sochi","NAMEASCII":"Sochi","ADM0NAME":"Russia","ADM0_A3":"RUS","ADM1NAME":"Krasnodar","ISO_A2":"RU","POP_MAX":327608,"POP_MIN":325670,"LATITUDE":43.590012,"LONGITUDE":39.729967,"MEGACITY":0,"WORLDCITY":0},"geometry":{"type":"Point","coordinates":[39.729967,43.590012]}},{"type":"Feature","properties":{"NAME":"Madison","NAMEASCII":"Madison","ADM0NAME":"United States of America","ADM0_A3":"USA","ADM1NAME":"Wisconsin","ISO_A2":"US","POP_MAX":327447,"POP_MIN":224625,"LATITUDE":43.073016,"LONGITUDE":-89.401117,"MEGACITY":0,"WORLDCITY":0},"geometry":{"type":"Point","coordinates":[-89.401117,43.073016]}},{"type":"Feature","properties":{"NAME":"Montpellier","NAMEASCII":"Montpellier","ADM0NAME":"France","ADM0_A3":"FRA","ADM1NAME":"Languedoc-Roussillon","ISO_A2":"FR","POP_MAX":327254,"POP_MIN":248252,"LATITUDE":43.610399,"LONGITUDE":3.869986,"MEGACITY":0,"WORLDCITY":0},"geometry":{"type":"Point","coordinates":[3.869986,43.610399]}},{"type":"Feature","properties":{"NAME":"Itajaí","NAMEASCII":"Itajai","ADM0NAME":"Brazil","ADM0_A3":"BRA","ADM1NAME":"Santa Catarina","ISO_A2":"BR","POP_MAX":327126,"POP_MIN":155716,"LATITUDE":-26.899613,"LONGITUDE":-48.680011,"MEGACITY":0,"WORLDCITY":0},"geometry":{"type":"Point","coordinates":[-48.680011,-26.899613]}},{"type":"Feature","properties":{"NAME":"Sousse","NAMEASCII":"Sousse","ADM0NAME":"Tunisia","ADM0_A3":"TUN","ADM1NAME":"Sousse","ISO_A2":"TN","POP_MAX":327004,"POP_MIN":164123,"LATITUDE":35.829995,"LONGITUDE":10.625026,"MEGACITY":0,"WORLDCITY":0},"geometry":{"type":"Point","coordinates":[10.625026,35.829995]}},{"type":"Feature","properties":{"NAME":"Iași","NAMEASCII":"Iasi","ADM0NAME":"Romania","ADM0_A3":"ROU","ADM1NAME":"Iasi","ISO_A2":"RO","POP_MAX":325914,"POP_MIN":325914,"LATITUDE":47.168347,"LONGITUDE":27.574947,"MEGACITY":0,"WORLDCITY":0},"geometry":{"type":"Point","coordinates":[27.574947,47.168347]}},{"type":"Feature","properties":{"NAME":"Brahmapur","NAMEASCII":"Brahmapur","ADM0NAME":"India","ADM0_A3":"IND","ADM1NAME":"Orissa","ISO_A2":"IN","POP_MAX":324726,"POP_MIN":324726,"LATITUDE":19.319995,"LONGITUDE":84.799981,"MEGACITY":0,"WORLDCITY":0},"geometry":{"type":"Point","coordinates":[84.799981,19.319995]}},{"type":"Feature","properties":{"NAME":"Birjand","NAMEASCII":"Birjand","ADM0NAME":"Iran","ADM0_A3":"IRN","ADM1NAME":"South Khorasan","ISO_A2":"IR","POP_MAX":324703,"POP_MIN":196982,"LATITUDE":32.88002,"LONGITUDE":59.219941,"MEGACITY":0,"WORLDCITY":0},"geometry":{"type":"Point","coordinates":[59.219941,32.88002]}},{"type":"Feature","properties":{"NAME":"Yoshkar Ola","NAMEASCII":"Yoshkar Ola","ADM0NAME":"Russia","ADM0_A3":"RUS","ADM1NAME":"Mariy-El","ISO_A2":"RU","POP_MAX":324406,"POP_MIN":279100,"LATITUDE":56.635392,"LONGITUDE":47.874948,"MEGACITY":0,"WORLDCITY":0},"geometry":{"type":"Point","coordinates":[47.874948,56.635392]}},{"type":"Feature","properties":{"NAME":"Miyazaki","NAMEASCII":"Miyazaki","ADM0NAME":"Japan","ADM0_A3":"JPN","ADM1NAME":"Miyazaki","ISO_A2":"JP","POP_MAX":324384,"POP_MIN":311203,"LATITUDE":31.918244,"LONGITUDE":131.418376,"MEGACITY":0,"WORLDCITY":0},"geometry":{"type":"Point","coordinates":[131.418376,31.918244]}},{"type":"Feature","properties":{"NAME":"Modesto","NAMEASCII":"Modesto","ADM0NAME":"United States of America","ADM0_A3":"USA","ADM1NAME":"California","ISO_A2":"US","POP_MAX":323386,"POP_MIN":216008,"LATITUDE":37.655413,"LONGITUDE":-120.98999,"MEGACITY":0,"WORLDCITY":0},"geometry":{"type":"Point","coordinates":[-120.98999,37.655413]}},{"type":"Feature","properties":{"NAME":"Volzhskiy","NAMEASCII":"Volzhskiy","ADM0NAME":"Russia","ADM0_A3":"RUS","ADM1NAME":"Volgograd","ISO_A2":"RU","POP_MAX":323293,"POP_MIN":288752,"LATITUDE":48.794811,"LONGITUDE":44.774362,"MEGACITY":0,"WORLDCITY":0},"geometry":{"type":"Point","coordinates":[44.774362,48.794811]}},{"type":"Feature","properties":{"NAME":"Chenzhou","NAMEASCII":"Chenzhou","ADM0NAME":"China","ADM0_A3":"CHN","ADM1NAME":"Hunan","ISO_A2":"CN","POP_MAX":322997,"POP_MIN":179038,"LATITUDE":25.800427,"LONGITUDE":113.030093,"MEGACITY":0,"WORLDCITY":0},"geometry":{"type":"Point","coordinates":[113.030093,25.800427]}},{"type":"Feature","properties":{"NAME":"Valladolid","NAMEASCII":"Valladolid","ADM0NAME":"Spain","ADM0_A3":"ESP","ADM1NAME":"Castilla y León","ISO_A2":"ES","POP_MAX":322304,"POP_MIN":276443,"LATITUDE":41.650002,"LONGITUDE":-4.750031,"MEGACITY":0,"WORLDCITY":0},"geometry":{"type":"Point","coordinates":[-4.750031,41.650002]}},{"type":"Feature","properties":{"NAME":"Al Kut","NAMEASCII":"Al Kut","ADM0NAME":"Iraq","ADM0_A3":"IRQ","ADM1NAME":"Wasit","ISO_A2":"IQ","POP_MAX":321521,"POP_MIN":315162,"LATITUDE":32.490716,"LONGITUDE":45.83037,"MEGACITY":0,"WORLDCITY":0},"geometry":{"type":"Point","coordinates":[45.83037,32.490716]}},{"type":"Feature","properties":{"NAME":"Córdoba","NAMEASCII":"Cordoba","ADM0NAME":"Spain","ADM0_A3":"ESP","ADM1NAME":"Andalucía","ISO_A2":"ES","POP_MAX":321376,"POP_MIN":279648,"LATITUDE":37.879999,"LONGITUDE":-4.770004,"MEGACITY":0,"WORLDCITY":0},"geometry":{"type":"Point","coordinates":[-4.770004,37.879999]}},{"type":"Feature","properties":{"NAME":"Smolensk","NAMEASCII":"Smolensk","ADM0NAME":"Russia","ADM0_A3":"RUS","ADM1NAME":"Smolensk","ISO_A2":"RU","POP_MAX":320991,"POP_MIN":302918,"LATITUDE":54.782688,"LONGITUDE":32.047336,"MEGACITY":0,"WORLDCITY":0},"geometry":{"type":"Point","coordinates":[32.047336,54.782688]}},{"type":"Feature","properties":{"NAME":"Ciudad del Este","NAMEASCII":"Ciudad del Este","ADM0NAME":"Paraguay","ADM0_A3":"PRY","ADM1NAME":"Alto Paran","ISO_A2":"PY","POP_MAX":320872,"POP_MIN":320872,"LATITUDE":-25.5167,"LONGITUDE":-54.616057,"MEGACITY":0,"WORLDCITY":0},"geometry":{"type":"Point","coordinates":[-54.616057,-25.5167]}},{"type":"Feature","properties":{"NAME":"Pelotas","NAMEASCII":"Pelotas","ADM0NAME":"Brazil","ADM0_A3":"BRA","ADM1NAME":"Rio Grande do Sul","ISO_A2":"BR","POP_MAX":320674,"POP_MIN":277866,"LATITUDE":-31.750014,"LONGITUDE":-52.330021,"MEGACITY":0,"WORLDCITY":0},"geometry":{"type":"Point","coordinates":[-52.330021,-31.750014]}},{"type":"Feature","properties":{"NAME":"Podolsk","NAMEASCII":"Podolsk","ADM0NAME":"Russia","ADM0_A3":"RUS","ADM1NAME":"Moskovsskaya","ISO_A2":"RU","POP_MAX":320635,"POP_MIN":179400,"LATITUDE":55.38043,"LONGITUDE":37.529947,"MEGACITY":0,"WORLDCITY":0},"geometry":{"type":"Point","coordinates":[37.529947,55.38043]}},{"type":"Feature","properties":{"NAME":"Kherson","NAMEASCII":"Kherson","ADM0NAME":"Ukraine","ADM0_A3":"UKR","ADM1NAME":"Crimea","ISO_A2":"UA","POP_MAX":320477,"POP_MIN":236680,"LATITUDE":46.632537,"LONGITUDE":32.600665,"MEGACITY":0,"WORLDCITY":0},"geometry":{"type":"Point","coordinates":[32.600665,46.632537]}},{"type":"Feature","properties":{"NAME":"Shahjahanpur","NAMEASCII":"Shahjahanpur","ADM0NAME":"India","ADM0_A3":"IND","ADM1NAME":"Uttar Pradesh","ISO_A2":"IN","POP_MAX":320434,"POP_MIN":320434,"LATITUDE":27.880377,"LONGITUDE":79.905035,"MEGACITY":0,"WORLDCITY":0},"geometry":{"type":"Point","coordinates":[79.905034,27.880377]}},{"type":"Feature","properties":{"NAME":"Itu","NAMEASCII":"Itu","ADM0NAME":"Brazil","ADM0_A3":"BRA","ADM1NAME":"São Paulo","ISO_A2":"BR","POP_MAX":320170,"POP_MIN":137586,"LATITUDE":-23.260042,"LONGITUDE":-47.300018,"MEGACITY":0,"WORLDCITY":0},"geometry":{"type":"Point","coordinates":[-47.300018,-23.260041]}},{"type":"Feature","properties":{"NAME":"Legazpi","NAMEASCII":"Legazpi","ADM0NAME":"Philippines","ADM0_A3":"PHL","ADM1NAME":"Albay","ISO_A2":"PH","POP_MAX":320081,"POP_MIN":320081,"LATITUDE":13.169983,"LONGITUDE":123.750007,"MEGACITY":0,"WORLDCITY":0},"geometry":{"type":"Point","coordinates":[123.750007,13.169983]}},{"type":"Feature","properties":{"NAME":"Akita","NAMEASCII":"Akita","ADM0NAME":"Japan","ADM0_A3":"JPN","ADM1NAME":"Akita","ISO_A2":"JP","POP_MAX":320069,"POP_MIN":281856,"LATITUDE":39.709991,"LONGITUDE":140.089991,"MEGACITY":0,"WORLDCITY":0},"geometry":{"type":"Point","coordinates":[140.089991,39.709991]}},{"type":"Feature","properties":{"NAME":"Maroua","NAMEASCII":"Maroua","ADM0NAME":"Cameroon","ADM0_A3":"CMR","ADM1NAME":"Extrême-Nord","ISO_A2":"CM","POP_MAX":319941,"POP_MIN":201371,"LATITUDE":10.595566,"LONGITUDE":14.324696,"MEGACITY":0,"WORLDCITY":0},"geometry":{"type":"Point","coordinates":[14.324696,10.595566]}},{"type":"Feature","properties":{"NAME":"Anápolis","NAMEASCII":"Anapolis","ADM0NAME":"Brazil","ADM0_A3":"BRA","ADM1NAME":"Goiás","ISO_A2":"BR","POP_MAX":319587,"POP_MIN":237604,"LATITUDE":-16.319587,"LONGITUDE":-48.959968,"MEGACITY":0,"WORLDCITY":0},"geometry":{"type":"Point","coordinates":[-48.959968,-16.319587]}},{"type":"Feature","properties":{"NAME":"Pachuca","NAMEASCII":"Pachuca","ADM0NAME":"Mexico","ADM0_A3":"MEX","ADM1NAME":"Hidalgo","ISO_A2":"MX","POP_MAX":319581,"POP_MIN":302141,"LATITUDE":20.170434,"LONGITUDE":-98.730031,"MEGACITY":0,"WORLDCITY":0},"geometry":{"type":"Point","coordinates":[-98.735589,20.106424]}},{"type":"Feature","properties":{"NAME":"Bukhara","NAMEASCII":"Bukhara","ADM0NAME":"Uzbekistan","ADM0_A3":"UZB","ADM1NAME":"Bukhoro","ISO_A2":"UZ","POP_MAX":319476,"POP_MIN":247644,"LATITUDE":39.780012,"LONGITUDE":64.43001,"MEGACITY":0,"WORLDCITY":0},"geometry":{"type":"Point","coordinates":[64.43001,39.780012]}},{"type":"Feature","properties":{"NAME":"Murmansk","NAMEASCII":"Murmansk","ADM0NAME":"Russia","ADM0_A3":"RUS","ADM1NAME":"Murmansk","ISO_A2":"RU","POP_MAX":319263,"POP_MIN":224253,"LATITUDE":68.969988,"LONGITUDE":33.100036,"MEGACITY":0,"WORLDCITY":0},"geometry":{"type":"Point","coordinates":[33.100036,68.969988]}},{"type":"Feature","properties":{"NAME":"Windsor","NAMEASCII":"Windsor","ADM0NAME":"Canada","ADM0_A3":"CAN","ADM1NAME":"Ontario","ISO_A2":"CA","POP_MAX":319246,"POP_MIN":210891,"LATITUDE":42.315457,"LONGITUDE":-83.036853,"MEGACITY":0,"WORLDCITY":0},"geometry":{"type":"Point","coordinates":[-83.036852,42.315457]}},{"type":"Feature","properties":{"NAME":"Holguín","NAMEASCII":"Holguin","ADM0NAME":"Cuba","ADM0_A3":"CUB","ADM1NAME":"Holguín","ISO_A2":"CU","POP_MAX":319102,"POP_MIN":300177,"LATITUDE":20.887238,"LONGITUDE":-76.263056,"MEGACITY":0,"WORLDCITY":0},"geometry":{"type":"Point","coordinates":[-76.263056,20.887238]}},{"type":"Feature","properties":{"NAME":"Oskemen","NAMEASCII":"Oskemen","ADM0NAME":"Kazakhstan","ADM0_A3":"KAZ","ADM1NAME":"East Kazakhstan","ISO_A2":"KZ","POP_MAX":319067,"POP_MIN":249634,"LATITUDE":49.990035,"LONGITUDE":82.614947,"MEGACITY":0,"WORLDCITY":0},"geometry":{"type":"Point","coordinates":[82.614947,49.990035]}},{"type":"Feature","properties":{"NAME":"Tepic","NAMEASCII":"Tepic","ADM0NAME":"Mexico","ADM0_A3":"MEX","ADM1NAME":"Nayarit","ISO_A2":"MX","POP_MAX":318781,"POP_MIN":280592,"LATITUDE":21.505392,"LONGITUDE":-104.879991,"MEGACITY":0,"WORLDCITY":0},"geometry":{"type":"Point","coordinates":[-104.879991,21.505392]}},{"type":"Feature","properties":{"NAME":"Vladimir","NAMEASCII":"Vladimir","ADM0NAME":"Russia","ADM0_A3":"RUS","ADM1NAME":"Vladimir","ISO_A2":"RU","POP_MAX":318648,"POP_MIN":310024,"LATITUDE":56.129971,"LONGITUDE":40.409926,"MEGACITY":0,"WORLDCITY":0},"geometry":{"type":"Point","coordinates":[40.409926,56.12997]}},{"type":"Feature","properties":{"NAME":"Hat Yai","NAMEASCII":"Hat Yai","ADM0NAME":"Thailand","ADM0_A3":"THA","ADM1NAME":"Songkhla","ISO_A2":"TH","POP_MAX":317954,"POP_MIN":191696,"LATITUDE":6.996432,"LONGITUDE":100.471428,"MEGACITY":0,"WORLDCITY":0},"geometry":{"type":"Point","coordinates":[100.471428,6.996432]}},{"type":"Feature","properties":{"NAME":"Poltava","NAMEASCII":"Poltava","ADM0NAME":"Ukraine","ADM0_A3":"UKR","ADM1NAME":"Poltava","ISO_A2":"UA","POP_MAX":317847,"POP_MIN":286588,"LATITUDE":49.57404,"LONGITUDE":34.570282,"MEGACITY":0,"WORLDCITY":0},"geometry":{"type":"Point","coordinates":[34.570282,49.57404]}},{"type":"Feature","properties":{"NAME":"New Delhi","NAMEASCII":"New Delhi","ADM0NAME":"India","ADM0_A3":"IND","ADM1NAME":"Delhi","ISO_A2":"IN","POP_MAX":317797,"POP_MIN":317797,"LATITUDE":28.600023,"LONGITUDE":77.19998,"MEGACITY":0,"WORLDCITY":1},"geometry":{"type":"Point","coordinates":[77.19998,28.600023]}},{"type":"Feature","properties":{"NAME":"Cumaná","NAMEASCII":"Cumana","ADM0NAME":"Venezuela","ADM0_A3":"VEN","ADM1NAME":"Sucre","ISO_A2":"VE","POP_MAX":317603,"POP_MIN":257783,"LATITUDE":10.449994,"LONGITUDE":-64.180021,"MEGACITY":0,"WORLDCITY":0},"geometry":{"type":"Point","coordinates":[-64.180021,10.449994]}},{"type":"Feature","properties":{"NAME":"Hrodna","NAMEASCII":"Hrodna","ADM0NAME":"Belarus","ADM0_A3":"BLR","ADM1NAME":"Hrodna","ISO_A2":"BY","POP_MAX":317365,"POP_MIN":254369,"LATITUDE":53.677872,"LONGITUDE":23.83409,"MEGACITY":0,"WORLDCITY":0},"geometry":{"type":"Point","coordinates":[23.83409,53.677872]}},{"type":"Feature","properties":{"NAME":"Rohtak","NAMEASCII":"Rohtak","ADM0NAME":"India","ADM0_A3":"IND","ADM1NAME":"Haryana","ISO_A2":"IN","POP_MAX":317245,"POP_MIN":317245,"LATITUDE":28.900005,"LONGITUDE":76.580018,"MEGACITY":0,"WORLDCITY":0},"geometry":{"type":"Point","coordinates":[76.580018,28.900005]}},{"type":"Feature","properties":{"NAME":"El Faiyum","NAMEASCII":"El Faiyum","ADM0NAME":"Egypt","ADM0_A3":"EGY","ADM1NAME":"Al Fayyum","ISO_A2":"EG","POP_MAX":316772,"POP_MIN":306393,"LATITUDE":29.310031,"LONGITUDE":30.839967,"MEGACITY":0,"WORLDCITY":0},"geometry":{"type":"Point","coordinates":[30.839967,29.310031]}},{"type":"Feature","properties":{"NAME":"Cluj-Napoca","NAMEASCII":"Cluj-Napoca","ADM0NAME":"Romania","ADM0_A3":"ROU","ADM1NAME":"Cluj","ISO_A2":"RO","POP_MAX":316748,"POP_MIN":282141,"LATITUDE":46.788422,"LONGITUDE":23.598446,"MEGACITY":0,"WORLDCITY":0},"geometry":{"type":"Point","coordinates":[23.598446,46.788422]}},{"type":"Feature","properties":{"NAME":"Bauchi","NAMEASCII":"Bauchi","ADM0NAME":"Nigeria","ADM0_A3":"NGA","ADM1NAME":"Bauchi","ISO_A2":"NG","POP_MAX":316149,"POP_MIN":172552,"LATITUDE":10.310364,"LONGITUDE":9.840009,"MEGACITY":0,"WORLDCITY":0},"geometry":{"type":"Point","coordinates":[9.840009,10.310364]}},{"type":"Feature","properties":{"NAME":"Alicante","NAMEASCII":"Alicante","ADM0NAME":"Spain","ADM0_A3":"ESP","ADM1NAME":"Comunidad Valenciana","ISO_A2":"ES","POP_MAX":315863,"POP_MIN":276827,"LATITUDE":38.35122,"LONGITUDE":-0.483641,"MEGACITY":0,"WORLDCITY":0},"geometry":{"type":"Point","coordinates":[-0.483641,38.35122]}},{"type":"Feature","properties":{"NAME":"Dezful","NAMEASCII":"Dezful","ADM0NAME":"Iran","ADM0_A3":"IRN","ADM1NAME":"Khuzestan","ISO_A2":"IR","POP_MAX":315482,"POP_MIN":315482,"LATITUDE":32.380387,"LONGITUDE":48.470002,"MEGACITY":0,"WORLDCITY":0},"geometry":{"type":"Point","coordinates":[48.470002,32.380387]}},{"type":"Feature","properties":{"NAME":"Maiquetía","NAMEASCII":"Maiquetia","ADM0NAME":"Venezuela","ADM0_A3":"VEN","ADM1NAME":"Vargas","ISO_A2":"VE","POP_MAX":315442,"POP_MIN":52564,"LATITUDE":10.600398,"LONGITUDE":-66.96998,"MEGACITY":0,"WORLDCITY":0},"geometry":{"type":"Point","coordinates":[-66.96998,10.600398]}},{"type":"Feature","properties":{"NAME":"Armenia","NAMEASCII":"Armenia","ADM0NAME":"Colombia","ADM0_A3":"COL","ADM1NAME":"Quindío","ISO_A2":"CO","POP_MAX":315328,"POP_MIN":314267,"LATITUDE":4.534283,"LONGITUDE":-75.681128,"MEGACITY":0,"WORLDCITY":0},"geometry":{"type":"Point","coordinates":[-75.681128,4.534283]}},{"type":"Feature","properties":{"NAME":"Timișoara","NAMEASCII":"Timisoara","ADM0NAME":"Romania","ADM0_A3":"ROU","ADM1NAME":"Timis","ISO_A2":"RO","POP_MAX":315053,"POP_MIN":304097,"LATITUDE":45.758821,"LONGITUDE":21.223448,"MEGACITY":0,"WORLDCITY":0},"geometry":{"type":"Point","coordinates":[21.223448,45.758821]}},{"type":"Feature","properties":{"NAME":"Ljubljana","NAMEASCII":"Ljubljana","ADM0NAME":"Slovenia","ADM0_A3":"SVN","ADM1NAME":"Osrednjeslovenska","ISO_A2":"SI","POP_MAX":314807,"POP_MIN":255115,"LATITUDE":46.055288,"LONGITUDE":14.514969,"MEGACITY":0,"WORLDCITY":0},"geometry":{"type":"Point","coordinates":[14.514969,46.055288]}},{"type":"Feature","properties":{"NAME":"Pescara","NAMEASCII":"Pescara","ADM0NAME":"Italy","ADM0_A3":"ITA","ADM1NAME":"Abruzzo","ISO_A2":"IT","POP_MAX":314789,"POP_MIN":116286,"LATITUDE":42.455431,"LONGITUDE":14.218656,"MEGACITY":0,"WORLDCITY":0},"geometry":{"type":"Point","coordinates":[14.218656,42.45543]}},{"type":"Feature","properties":{"NAME":"Gdynia","NAMEASCII":"Gdynia","ADM0NAME":"Poland","ADM0_A3":"POL","ADM1NAME":"Pomeranian","ISO_A2":"PL","POP_MAX":314664,"POP_MIN":253730,"LATITUDE":54.520379,"LONGITUDE":18.530021,"MEGACITY":0,"WORLDCITY":0},"geometry":{"type":"Point","coordinates":[18.530021,54.520379]}},{"type":"Feature","properties":{"NAME":"Angeles","NAMEASCII":"Angeles","ADM0NAME":"Philippines","ADM0_A3":"PHL","ADM1NAME":"Pampanga","ISO_A2":"PH","POP_MAX":314493,"POP_MIN":314493,"LATITUDE":15.145056,"LONGITUDE":120.545086,"MEGACITY":0,"WORLDCITY":0},"geometry":{"type":"Point","coordinates":[120.545086,15.145056]}},{"type":"Feature","properties":{"NAME":"Ninde","NAMEASCII":"Ninde","ADM0NAME":"China","ADM0_A3":"CHN","ADM1NAME":"Fujian","ISO_A2":"CN","POP_MAX":314077,"POP_MIN":65170,"LATITUDE":26.680373,"LONGITUDE":119.530058,"MEGACITY":0,"WORLDCITY":0},"geometry":{"type":"Point","coordinates":[119.530058,26.680373]}},{"type":"Feature","properties":{"NAME":"Aswan","NAMEASCII":"Aswan","ADM0NAME":"Egypt","ADM0_A3":"EGY","ADM1NAME":"Aswan","ISO_A2":"EG","POP_MAX":313442,"POP_MIN":241261,"LATITUDE":24.087508,"LONGITUDE":32.898912,"MEGACITY":0,"WORLDCITY":0},"geometry":{"type":"Point","coordinates":[32.898911,24.087508]}},{"type":"Feature","properties":{"NAME":"Varna","NAMEASCII":"Varna","ADM0NAME":"Bulgaria","ADM0_A3":"BGR","ADM1NAME":"Varna","ISO_A2":"BG","POP_MAX":312770,"POP_MIN":178274,"LATITUDE":43.215643,"LONGITUDE":27.895289,"MEGACITY":0,"WORLDCITY":0},"geometry":{"type":"Point","coordinates":[27.895289,43.215643]}},{"type":"Feature","properties":{"NAME":"Koblenz","NAMEASCII":"Koblenz","ADM0NAME":"Germany","ADM0_A3":"DEU","ADM1NAME":"Rheinland-Pfalz","ISO_A2":"DE","POP_MAX":312633,"POP_MIN":107319,"LATITUDE":50.350478,"LONGITUDE":7.599991,"MEGACITY":0,"WORLDCITY":0},"geometry":{"type":"Point","coordinates":[7.599991,50.350478]}},{"type":"Feature","properties":{"NAME":"Youngstown","NAMEASCII":"Youngstown","ADM0NAME":"United States of America","ADM0_A3":"USA","ADM1NAME":"Ohio","ISO_A2":"US","POP_MAX":311990,"POP_MIN":77540,"LATITUDE":41.099699,"LONGITUDE":-80.649739,"MEGACITY":0,"WORLDCITY":0},"geometry":{"type":"Point","coordinates":[-80.649739,41.099699]}},{"type":"Feature","properties":{"NAME":"Cherepovets","NAMEASCII":"Cherepovets","ADM0NAME":"Russia","ADM0_A3":"RUS","ADM1NAME":"Vologda","ISO_A2":"RU","POP_MAX":311850,"POP_MIN":219363,"LATITUDE":59.140433,"LONGITUDE":37.909975,"MEGACITY":0,"WORLDCITY":0},"geometry":{"type":"Point","coordinates":[37.909975,59.140433]}},{"type":"Feature","properties":{"NAME":"Qurghonteppa","NAMEASCII":"Qurghonteppa","ADM0NAME":"Tajikistan","ADM0_A3":"TJK","ADM1NAME":"Khatlon","ISO_A2":"TJ","POP_MAX":311574,"POP_MIN":65000,"LATITUDE":37.837315,"LONGITUDE":68.771347,"MEGACITY":0,"WORLDCITY":0},"geometry":{"type":"Point","coordinates":[68.771347,37.837314]}},{"type":"Feature","properties":{"NAME":"Semey","NAMEASCII":"Semey","ADM0NAME":"Kazakhstan","ADM0_A3":"KAZ","ADM1NAME":"East Kazakhstan","ISO_A2":"KZ","POP_MAX":311353,"POP_MIN":292780,"LATITUDE":50.434995,"LONGITUDE":80.275038,"MEGACITY":0,"WORLDCITY":0},"geometry":{"type":"Point","coordinates":[80.275038,50.434995]}},{"type":"Feature","properties":{"NAME":"Galați","NAMEASCII":"Galati","ADM0NAME":"Romania","ADM0_A3":"ROU","ADM1NAME":"Galati","ISO_A2":"RO","POP_MAX":311156,"POP_MIN":294087,"LATITUDE":45.455893,"LONGITUDE":28.045874,"MEGACITY":0,"WORLDCITY":0},"geometry":{"type":"Point","coordinates":[28.045874,45.455893]}},{"type":"Feature","properties":{"NAME":"Brașov","NAMEASCII":"Brasov","ADM0NAME":"Romania","ADM0_A3":"ROU","ADM1NAME":"Brasov","ISO_A2":"RO","POP_MAX":311044,"POP_MIN":276088,"LATITUDE":45.647535,"LONGITUDE":25.60716,"MEGACITY":0,"WORLDCITY":0},"geometry":{"type":"Point","coordinates":[25.60716,45.647535]}},{"type":"Feature","properties":{"NAME":"Sambalpur","NAMEASCII":"Sambalpur","ADM0NAME":"India","ADM0_A3":"IND","ADM1NAME":"Orissa","ISO_A2":"IN","POP_MAX":310852,"POP_MIN":162887,"LATITUDE":21.470407,"LONGITUDE":83.970058,"MEGACITY":0,"WORLDCITY":0},"geometry":{"type":"Point","coordinates":[83.970058,21.470406]}},{"type":"Feature","properties":{"NAME":"Pucallpa","NAMEASCII":"Pucallpa","ADM0NAME":"Peru","ADM0_A3":"PER","ADM1NAME":"Ucayali","ISO_A2":"PE","POP_MAX":310750,"POP_MIN":299084,"LATITUDE":-8.368909,"LONGITUDE":-74.534996,"MEGACITY":0,"WORLDCITY":0},"geometry":{"type":"Point","coordinates":[-74.534996,-8.368909]}},{"type":"Feature","properties":{"NAME":"Antofagasta","NAMEASCII":"Antofagasta","ADM0NAME":"Chile","ADM0_A3":"CHL","ADM1NAME":"Antofagasta","ISO_A2":"CL","POP_MAX":309832,"POP_MIN":281246,"LATITUDE":-23.649992,"LONGITUDE":-70.400003,"MEGACITY":0,"WORLDCITY":0},"geometry":{"type":"Point","coordinates":[-70.400003,-23.649992]}},{"type":"Feature","properties":{"NAME":"Durham","NAMEASCII":"Durham","ADM0NAME":"United States of America","ADM0_A3":"USA","ADM1NAME":"North Carolina","ISO_A2":"US","POP_MAX":309495,"POP_MIN":204734,"LATITUDE":35.999959,"LONGITUDE":-78.92,"MEGACITY":0,"WORLDCITY":0},"geometry":{"type":"Point","coordinates":[-78.92,35.999959]}},{"type":"Feature","properties":{"NAME":"Sapele","NAMEASCII":"Sapele","ADM0NAME":"Nigeria","ADM0_A3":"NGA","ADM1NAME":"Delta","ISO_A2":"NG","POP_MAX":309162,"POP_MIN":161686,"LATITUDE":5.890427,"LONGITUDE":5.680004,"MEGACITY":0,"WORLDCITY":0},"geometry":{"type":"Point","coordinates":[5.680004,5.890427]}},{"type":"Feature","properties":{"NAME":"Dayr az Zawr","NAMEASCII":"Dayr az Zawr","ADM0NAME":"Syria","ADM0_A3":"SYR","ADM1NAME":"Dayr Az Zawr","ISO_A2":"SY","POP_MAX":309141,"POP_MIN":242565,"LATITUDE":35.330387,"LONGITUDE":40.129995,"MEGACITY":0,"WORLDCITY":0},"geometry":{"type":"Point","coordinates":[40.129995,35.330387]}},{"type":"Feature","properties":{"NAME":"Chita","NAMEASCII":"Chita","ADM0NAME":"Russia","ADM0_A3":"RUS","ADM1NAME":"Chita","ISO_A2":"RU","POP_MAX":308500,"POP_MIN":277807,"LATITUDE":52.055026,"LONGITUDE":113.465002,"MEGACITY":0,"WORLDCITY":0},"geometry":{"type":"Point","coordinates":[113.465002,52.055025]}},{"type":"Feature","properties":{"NAME":"Valledupar","NAMEASCII":"Valledupar","ADM0NAME":"Colombia","ADM0_A3":"COL","ADM1NAME":"Cesar","ISO_A2":"CO","POP_MAX":308237,"POP_MIN":287018,"LATITUDE":10.479992,"LONGITUDE":-73.25001,"MEGACITY":0,"WORLDCITY":0},"geometry":{"type":"Point","coordinates":[-73.25001,10.479992]}},{"type":"Feature","properties":{"NAME":"Vitória da Conquista","NAMEASCII":"Vitoria da Conquista","ADM0NAME":"Brazil","ADM0_A3":"BRA","ADM1NAME":"Bahia","ISO_A2":"BR","POP_MAX":308204,"POP_MIN":236437,"LATITUDE":-14.850012,"LONGITUDE":-40.839998,"MEGACITY":0,"WORLDCITY":0},"geometry":{"type":"Point","coordinates":[-40.839998,-14.850012]}},{"type":"Feature","properties":{"NAME":"Antsirabe","NAMEASCII":"Antsirabe","ADM0NAME":"Madagascar","ADM0_A3":"MDG","ADM1NAME":"Antananarivo","ISO_A2":"MG","POP_MAX":307921,"POP_MIN":307921,"LATITUDE":-19.850017,"LONGITUDE":47.033294,"MEGACITY":0,"WORLDCITY":0},"geometry":{"type":"Point","coordinates":[47.033294,-19.850017]}},{"type":"Feature","properties":{"NAME":"Nalchik","NAMEASCII":"Naltchik","ADM0NAME":"Russia","ADM0_A3":"RUS","ADM1NAME":"Kabardin-Balkar","ISO_A2":"RU","POP_MAX":307866,"POP_MIN":272800,"LATITUDE":43.498106,"LONGITUDE":43.617947,"MEGACITY":0,"WORLDCITY":0},"geometry":{"type":"Point","coordinates":[43.617947,43.498106]}},{"type":"Feature","properties":{"NAME":"Chernihiv","NAMEASCII":"Chernihiv","ADM0NAME":"Ukraine","ADM0_A3":"UKR","ADM1NAME":"Chernihiv","ISO_A2":"UA","POP_MAX":307684,"POP_MIN":279629,"LATITUDE":51.50493,"LONGITUDE":31.301541,"MEGACITY":0,"WORLDCITY":0},"geometry":{"type":"Point","coordinates":[31.301541,51.50493]}},{"type":"Feature","properties":{"NAME":"Ratlam","NAMEASCII":"Ratlam","ADM0NAME":"India","ADM0_A3":"IND","ADM1NAME":"Madhya Pradesh","ISO_A2":"IN","POP_MAX":307229,"POP_MIN":236843,"LATITUDE":23.350395,"LONGITUDE":75.029983,"MEGACITY":0,"WORLDCITY":0},"geometry":{"type":"Point","coordinates":[75.029983,23.350395]}},{"type":"Feature","properties":{"NAME":"Ksar El Kebir","NAMEASCII":"Ksar El Kebir","ADM0NAME":"Morocco","ADM0_A3":"MAR","ADM1NAME":"Tanger - Tétouan","ISO_A2":"MA","POP_MAX":306600,"POP_MIN":108753,"LATITUDE":35.020381,"LONGITUDE":-5.909986,"MEGACITY":0,"WORLDCITY":0},"geometry":{"type":"Point","coordinates":[-5.909986,35.020381]}},{"type":"Feature","properties":{"NAME":"Tawau","NAMEASCII":"Tawau","ADM0NAME":"Malaysia","ADM0_A3":"MYS","ADM1NAME":"Sabah","ISO_A2":"MY","POP_MAX":306462,"POP_MIN":289531,"LATITUDE":4.270965,"LONGITUDE":117.895997,"MEGACITY":0,"WORLDCITY":0},"geometry":{"type":"Point","coordinates":[117.895997,4.270965]}},{"type":"Feature","properties":{"NAME":"Firozabad","NAMEASCII":"Firozabad","ADM0NAME":"India","ADM0_A3":"IND","ADM1NAME":"Uttar Pradesh","ISO_A2":"IN","POP_MAX":306409,"POP_MIN":306409,"LATITUDE":27.149982,"LONGITUDE":78.394946,"MEGACITY":0,"WORLDCITY":0},"geometry":{"type":"Point","coordinates":[78.394946,27.149982]}},{"type":"Feature","properties":{"NAME":"Porto Velho","NAMEASCII":"Porto Velho","ADM0NAME":"Brazil","ADM0_A3":"BRA","ADM1NAME":"Rondônia","ISO_A2":"BR","POP_MAX":306180,"POP_MIN":272889,"LATITUDE":-8.750023,"LONGITUDE":-63.900012,"MEGACITY":0,"WORLDCITY":0},"geometry":{"type":"Point","coordinates":[-63.900012,-8.750023]}},{"type":"Feature","properties":{"NAME":"San Salvador de Jujuy","NAMEASCII":"San Salvador de Jujuy","ADM0NAME":"Argentina","ADM0_A3":"ARG","ADM1NAME":"Jujuy","ISO_A2":"AR","POP_MAX":305891,"POP_MIN":211587,"LATITUDE":-24.183344,"LONGITUDE":-65.30003,"MEGACITY":0,"WORLDCITY":0},"geometry":{"type":"Point","coordinates":[-65.30003,-24.183344]}},{"type":"Feature","properties":{"NAME":"Franca","NAMEASCII":"Franca","ADM0NAME":"Brazil","ADM0_A3":"BRA","ADM1NAME":"São Paulo","ISO_A2":"BR","POP_MAX":305041,"POP_MIN":257258,"LATITUDE":-20.530027,"LONGITUDE":-47.390012,"MEGACITY":0,"WORLDCITY":0},"geometry":{"type":"Point","coordinates":[-47.390012,-20.530027]}},{"type":"Feature","properties":{"NAME":"Rajahmundry","NAMEASCII":"Rajahmundry","ADM0NAME":"India","ADM0_A3":"IND","ADM1NAME":"Andhra Pradesh","ISO_A2":"IN","POP_MAX":304804,"POP_MIN":304804,"LATITUDE":17.030342,"LONGITUDE":81.789984,"MEGACITY":0,"WORLDCITY":0},"geometry":{"type":"Point","coordinates":[81.789984,17.030342]}},{"type":"Feature","properties":{"NAME":"Olongapo","NAMEASCII":"Olongapo","ADM0NAME":"Philippines","ADM0_A3":"PHL","ADM1NAME":"Zambales","ISO_A2":"PH","POP_MAX":304388,"POP_MIN":227270,"LATITUDE":14.829572,"LONGITUDE":120.282777,"MEGACITY":0,"WORLDCITY":0},"geometry":{"type":"Point","coordinates":[120.282777,14.829572]}},{"type":"Feature","properties":{"NAME":"Craiova","NAMEASCII":"Craiova","ADM0NAME":"Romania","ADM0_A3":"ROU","ADM1NAME":"Dolj","ISO_A2":"RO","POP_MAX":304142,"POP_MIN":298145,"LATITUDE":44.326272,"LONGITUDE":23.825874,"MEGACITY":0,"WORLDCITY":0},"geometry":{"type":"Point","coordinates":[23.825874,44.326272]}},{"type":"Feature","properties":{"NAME":"Kom Ombo","NAMEASCII":"Kom Ombo","ADM0NAME":"Egypt","ADM0_A3":"EGY","ADM1NAME":"Aswan","ISO_A2":"EG","POP_MAX":303962,"POP_MIN":59787,"LATITUDE":24.469991,"LONGITUDE":32.95002,"MEGACITY":0,"WORLDCITY":0},"geometry":{"type":"Point","coordinates":[32.95002,24.469991]}},{"type":"Feature","properties":{"NAME":"Los Teques","NAMEASCII":"Los Teques","ADM0NAME":"Venezuela","ADM0_A3":"VEN","ADM1NAME":"Distrito Capital","ISO_A2":"VE","POP_MAX":303470,"POP_MIN":303470,"LATITUDE":10.41997,"LONGITUDE":-67.020028,"MEGACITY":0,"WORLDCITY":0},"geometry":{"type":"Point","coordinates":[-67.020028,10.41997]}},{"type":"Feature","properties":{"NAME":"Constanța","NAMEASCII":"Constanta","ADM0NAME":"Romania","ADM0_A3":"ROU","ADM1NAME":"Constanta","ISO_A2":"RO","POP_MAX":303399,"POP_MIN":266826,"LATITUDE":44.202662,"LONGITUDE":28.609974,"MEGACITY":0,"WORLDCITY":0},"geometry":{"type":"Point","coordinates":[28.609974,44.202662]}},{"type":"Feature","properties":{"NAME":"Saransk","NAMEASCII":"Saransk","ADM0NAME":"Russia","ADM0_A3":"RUS","ADM1NAME":"Mordovia","ISO_A2":"RU","POP_MAX":303394,"POP_MIN":303215,"LATITUDE":54.170374,"LONGITUDE":45.180022,"MEGACITY":0,"WORLDCITY":0},"geometry":{"type":"Point","coordinates":[45.180022,54.170374]}},{"type":"Feature","properties":{"NAME":"Mengzi","NAMEASCII":"Mengzi","ADM0NAME":"China","ADM0_A3":"CHN","ADM1NAME":"Yunnan","ISO_A2":"CN","POP_MAX":303341,"POP_MIN":303341,"LATITUDE":23.361945,"LONGITUDE":103.406132,"MEGACITY":0,"WORLDCITY":0},"geometry":{"type":"Point","coordinates":[103.406132,23.361945]}},{"type":"Feature","properties":{"NAME":"Ganca","NAMEASCII":"Ganca","ADM0NAME":"Azerbaijan","ADM0_A3":"AZE","ADM1NAME":"G?nc?","ISO_A2":"AZ","POP_MAX":303268,"POP_MIN":300131,"LATITUDE":40.684996,"LONGITUDE":46.350028,"MEGACITY":0,"WORLDCITY":0},"geometry":{"type":"Point","coordinates":[46.350028,40.684996]}},{"type":"Feature","properties":{"NAME":"Hakodate","NAMEASCII":"Hakodate","ADM0NAME":"Japan","ADM0_A3":"JPN","ADM1NAME":"Hokkaido","ISO_A2":"JP","POP_MAX":302984,"POP_MIN":275730,"LATITUDE":41.79498,"LONGITUDE":140.739978,"MEGACITY":0,"WORLDCITY":0},"geometry":{"type":"Point","coordinates":[140.739978,41.79498]}},{"type":"Feature","properties":{"NAME":"Chemnitz","NAMEASCII":"Chemnitz","ADM0NAME":"Germany","ADM0_A3":"DEU","ADM1NAME":"Sachsen","ISO_A2":"DE","POP_MAX":302643,"POP_MIN":247220,"LATITUDE":50.829984,"LONGITUDE":12.919976,"MEGACITY":0,"WORLDCITY":0},"geometry":{"type":"Point","coordinates":[12.919976,50.829984]}},{"type":"Feature","properties":{"NAME":"Kingston upon Hull","NAMEASCII":"Kingston upon Hull","ADM0NAME":"United Kingdom","ADM0_A3":"GBR","ADM1NAME":"Kingston upon Hull","ISO_A2":"GB","POP_MAX":302296,"POP_MIN":292501,"LATITUDE":53.750426,"LONGITUDE":-0.329991,"MEGACITY":0,"WORLDCITY":0},"geometry":{"type":"Point","coordinates":[-0.329991,53.750426]}},{"type":"Feature","properties":{"NAME":"Batman","NAMEASCII":"Batman","ADM0NAME":"Turkey","ADM0_A3":"TUR","ADM1NAME":"Batman","ISO_A2":"TR","POP_MAX":302074,"POP_MIN":250601,"LATITUDE":37.890412,"LONGITUDE":41.140011,"MEGACITY":0,"WORLDCITY":0},"geometry":{"type":"Point","coordinates":[41.140011,37.890412]}},{"type":"Feature","properties":{"NAME":"Qena","NAMEASCII":"Qena","ADM0NAME":"Egypt","ADM0_A3":"EGY","ADM1NAME":"Qina","ISO_A2":"EG","POP_MAX":302027,"POP_MIN":235362,"LATITUDE":26.150457,"LONGITUDE":32.720008,"MEGACITY":0,"WORLDCITY":0},"geometry":{"type":"Point","coordinates":[32.720008,26.150457]}},{"type":"Feature","properties":{"NAME":"Barddhaman","NAMEASCII":"Barddhaman","ADM0NAME":"India","ADM0_A3":"IND","ADM1NAME":"West Bengal","ISO_A2":"IN","POP_MAX":301725,"POP_MIN":301725,"LATITUDE":23.250375,"LONGITUDE":87.864962,"MEGACITY":0,"WORLDCITY":0},"geometry":{"type":"Point","coordinates":[87.864962,23.250375]}},{"type":"Feature","properties":{"NAME":"Jinja","NAMEASCII":"Jinja","ADM0NAME":"Uganda","ADM0_A3":"UGA","ADM1NAME":"Jinja","ISO_A2":"UG","POP_MAX":301619,"POP_MIN":89700,"LATITUDE":0.440424,"LONGITUDE":33.199927,"MEGACITY":0,"WORLDCITY":0},"geometry":{"type":"Point","coordinates":[33.199927,0.440424]}},{"type":"Feature","properties":{"NAME":"Gujrat","NAMEASCII":"Gujrat","ADM0NAME":"Pakistan","ADM0_A3":"PAK","ADM1NAME":"Punjab","ISO_A2":"PK","POP_MAX":301506,"POP_MIN":301506,"LATITUDE":32.579987,"LONGITUDE":74.080015,"MEGACITY":0,"WORLDCITY":0},"geometry":{"type":"Point","coordinates":[74.080015,32.579987]}},{"type":"Feature","properties":{"NAME":"Tambov","NAMEASCII":"Tambov","ADM0NAME":"Russia","ADM0_A3":"RUS","ADM1NAME":"Tambov","ISO_A2":"RU","POP_MAX":301482,"POP_MIN":290933,"LATITUDE":52.730023,"LONGITUDE":41.430019,"MEGACITY":0,"WORLDCITY":0},"geometry":{"type":"Point","coordinates":[41.430019,52.730023]}},{"type":"Feature","properties":{"NAME":"Brest","NAMEASCII":"Brest","ADM0NAME":"Belarus","ADM0_A3":"BLR","ADM1NAME":"Brest","ISO_A2":"BY","POP_MAX":300715,"POP_MIN":232835,"LATITUDE":52.099984,"LONGITUDE":23.69999,"MEGACITY":0,"WORLDCITY":0},"geometry":{"type":"Point","coordinates":[23.69999,52.099984]}},{"type":"Feature","properties":{"NAME":"Mardan","NAMEASCII":"Mardan","ADM0NAME":"Pakistan","ADM0_A3":"PAK","ADM1NAME":"N.W.F.P.","ISO_A2":"PK","POP_MAX":300424,"POP_MIN":300424,"LATITUDE":34.200043,"LONGITUDE":72.039985,"MEGACITY":0,"WORLDCITY":0},"geometry":{"type":"Point","coordinates":[72.039985,34.200043]}},{"type":"Feature","properties":{"NAME":"Bidar","NAMEASCII":"Bidar","ADM0NAME":"India","ADM0_A3":"IND","ADM1NAME":"Karnataka","ISO_A2":"IN","POP_MAX":300136,"POP_MIN":204071,"LATITUDE":17.922923,"LONGITUDE":77.517532,"MEGACITY":0,"WORLDCITY":0},"geometry":{"type":"Point","coordinates":[77.517532,17.922923]}},{"type":"Feature","properties":{"NAME":"Rạch Giá","NAMEASCII":"Rach Gia","ADM0NAME":"Vietnam","ADM0_A3":"VNM","ADM1NAME":"Kiên Giang","ISO_A2":"VN","POP_MAX":300000,"POP_MIN":205660,"LATITUDE":10.015395,"LONGITUDE":105.091353,"MEGACITY":0,"WORLDCITY":0},"geometry":{"type":"Point","coordinates":[105.091352,10.015395]}}]}